,ANAN ,ADNOCDIST ,FAB ,FERTIGLOBE ,ADNOCDRILL ,ADCB ,ALDAR ,ESHRAQ ,MANAZEL ,QIC ,UAB ,ALPHADHABI ,EMSTEEL ,ETISALAT ,DANA ,YAHSAT ,RAKCEC ,ESG ,IH ,TAQA ,AWNIC ,IHC ,ADIB ,WAHA ,METHAQ ,RAKPROP ,GHITHA ,NMDC ,SIB ,APEX ,QHOLDING ,ADAVIATION ,AGTHIA ,SCIDC ,DRIVE ,EASYLEASE ,KICO ,FBI ,SICO ,BOS ,GMPC ,ADNH ,ORDS ,ABNIC ,ADSB ,GCEM ,RAPCO ,EIC ,JULPHAR ,WATANIA ,FH ,ADNIC ,ARAM ,NCTH ,NBQ ,TKFL ,DHAFRA ,UNION ,FCI ,RAKNIC ,AFNIC ,ALAIN ,HAYAH ,BILDCO ,FOODCO ,RAKBANK ,CBI ,OEIHC ,RAKWCT ,PALMS ,SUDATEL 
"Dec 31, 2021",,,,,,,,,,,,,,,,,,,,,,,,,,,,,,,,,,,,,,,,,,,,,,,,,,,,,,,,,,,,,,,,,,,,,,,
"Dec 30, 2021",,4.27,18.84,3.52,3.40,8.53,3.990,0.3560,0.524,,,27.30,1.4200,31.70,1.060,2.74,2.850,8.00,,1.320,,152.000,6.870,1.710,0.810,0.771,27.50,13.040,1.950,6.700,4.52,4.900,5.15,0.767,21.10,29.00,,,,0.620,,3.78,,,4.000,0.7000,2.33,,1.840,,2.000,6.700,,,,6.16,,,,,,,0.654,,,4.50,0.609,,1.700,12.22,
"Dec 29, 2021",,4.25,18.90,3.52,3.40,8.40,3.990,0.3800,0.533,1.1500,,26.18,1.4200,31.00,1.050,2.74,2.850,8.19,,1.320,,154.900,6.850,1.700,0.820,0.770,27.50,12.880,1.940,6.820,4.55,4.900,5.10,0.770,20.70,27.50,,,,0.613,,3.79,,,3.620,0.7250,,,1.780,,,6.790,,,,,,,,,,,,0.249,,,0.530,,1.650,12.88,0.350
"Dec 28, 2021",,4.23,18.80,3.54,3.39,8.30,3.970,0.3840,0.537,,,25.90,1.4200,30.88,1.050,2.73,2.850,8.10,,1.330,,152.500,6.860,1.690,0.780,0.771,27.30,12.820,1.930,6.600,4.57,,5.12,0.780,21.38,26.30,1.15,,,0.610,,,,,3.700,0.7100,,,1.800,,,6.780,,,,,,,0.585,,,,,0.250,,4.40,,0.34,1.650,11.96,0.340
"Dec 27, 2021",,4.23,18.98,3.50,3.37,8.36,3.970,0.3800,0.532,,,25.30,1.4100,31.08,1.030,2.72,2.850,8.13,,1.330,,152.200,6.780,1.680,0.799,0.769,27.48,12.940,1.880,6.680,4.43,,5.15,0.760,,26.00,1.00,,,0.590,,3.78,,1.900,3.730,0.7190,,,1.790,,,6.770,,,1.85,,,,,,,,,,,,,0.34,,10.70,0.354
"Dec 26, 2021",,4.20,19.00,3.46,3.36,8.42,3.960,0.3620,0.522,,,25.18,1.4000,31.00,1.040,2.71,2.850,7.91,,1.320,,152.200,6.720,1.690,0.798,0.760,27.20,12.960,1.870,6.700,4.85,,5.19,0.759,,26.00,,,0.97,0.590,,3.78,,,3.750,0.7100,,,1.790,1.00,,6.760,,,1.65,,,,0.650,,,,,,,,,,1.650,11.52,0.350
"Dec 25, 2021",,,,,,,,,,,,,,,,,,,,,,,,,,,,,,,,,,,,,,,,,,,,,,,,,,,,,,,,,,,,,,,,,,,,,,,
"Dec 24, 2021",,,,,,,,,,,,,,,,,,,,,,,,,,,,,,,,,,,,,,,,,,,,,,,,,,,,,,,,,,,,,,,,,,,,,,,
"Dec 23, 2021",,4.24,19.14,3.48,3.43,8.48,3.990,0.3630,0.527,,,25.10,1.4100,31.08,1.040,2.72,2.860,7.70,,1.320,,152.200,6.870,1.690,0.800,0.755,29.10,12.980,1.870,6.650,4.63,4.880,5.20,0.754,,26.90,,,,0.595,,3.79,,,3.740,0.7060,,,1.800,,,6.700,,,,,,0.72,0.650,,,,,0.274,,4.40,,,1.650,11.80,
"Dec 22, 2021",,4.24,19.00,3.50,3.43,8.45,3.980,0.3620,0.534,,,25.00,1.4000,30.70,1.010,2.74,2.860,7.84,,1.340,,152.700,6.820,1.690,0.800,0.762,29.10,13.240,1.870,6.950,4.90,4.880,5.16,0.750,21.70,26.90,,,,0.599,,,,,3.790,0.7100,,,1.820,,,6.610,3.10,,,,,0.72,0.650,,,,,,,,,,1.650,11.86,0.340
"Dec 21, 2021",4.07,4.21,18.90,3.48,3.38,8.36,3.970,0.3580,0.531,,,25.14,1.4300,32.00,1.020,2.74,2.850,7.80,,1.340,,153.100,6.790,1.700,0.800,0.765,29.70,13.000,1.870,7.030,5.10,4.860,5.19,0.748,21.74,26.96,,,,0.600,,,,1.850,3.720,0.6980,2.03,,1.810,,1.950,6.610,2.70,,,,,,0.650,,,,,0.274,,4.60,0.530,,1.600,11.76,0.345
"Dec 20, 2021",,4.24,19.00,3.45,3.35,8.29,3.960,0.3500,0.527,,,25.00,1.4000,33.70,1.000,2.72,2.860,7.71,,1.300,,154.100,6.770,1.690,0.742,0.756,30.50,12.800,1.860,7.040,5.00,4.850,5.23,0.750,21.46,26.10,,,,0.580,,,,,3.690,0.6700,,,1.810,,1.890,6.510,2.62,,,,,,,,,,,0.265,3.25,,,,1.600,11.20,
"Dec 19, 2021",,4.21,18.80,3.41,3.33,8.40,4.020,0.3590,0.535,,,25.06,1.4400,35.58,1.000,2.78,2.850,7.57,,1.320,,154.100,6.780,1.700,0.755,0.750,29.60,12.900,1.840,7.340,5.32,4.950,5.20,0.750,21.60,26.40,,,0.92,0.599,,3.80,,,3.550,0.7000,2.25,,1.770,,,6.600,,3.00,,,,,,,,,,0.252,,,,,1.600,11.12,0.338
"Dec 18, 2021",,,,,,,,,,,,,,,,,,,,,,,,,,,,,,,,,,,,,,,,,,,,,,,,,,,,,,,,,,,,,,,,,,,,,,,
"Dec 17, 2021",,,,,,,,,,,,,,,,,,,,,,,,,,,,,,,,,,,,,,,,,,,,,,,,,,,,,,,,,,,,,,,,,,,,,,,
"Dec 16, 2021",,4.26,19.40,3.43,3.30,8.57,4.120,0.3870,0.559,,,25.68,1.5000,36.90,1.040,2.72,2.870,7.80,,1.380,,154.700,6.880,1.800,0.800,0.779,30.90,13.420,1.890,7.160,5.90,4.940,5.27,0.809,21.60,27.10,,,0.92,0.610,,3.81,,,3.750,0.7200,2.50,,1.840,,,6.700,,,,6.84,,,0.670,3.500,,,,,,,,,1.600,11.90,0.360
"Dec 15, 2021",,4.24,19.64,3.42,3.38,8.57,4.120,0.3880,0.565,,,25.74,1.5000,36.20,1.070,2.76,2.860,7.95,,1.370,,151.300,6.880,1.780,0.781,0.785,30.06,13.420,1.890,7.210,6.25,4.910,5.25,0.772,21.66,27.30,,,,0.600,,3.78,,1.820,3.890,0.7100,2.77,,1.850,,,6.700,2.90,2.70,,,,,,,,,,0.280,,,0.585,,,11.56,
"Dec 14, 2021",,4.26,19.70,3.43,3.45,8.59,4.140,0.3900,0.577,,,25.52,1.5000,36.30,1.070,2.76,2.850,7.99,,1.400,,151.500,6.980,1.790,0.805,,31.80,13.500,1.870,7.300,6.44,4.880,5.21,0.778,,26.32,,,0.96,0.605,,3.77,,1.820,3.900,0.7270,3.07,,1.850,,,6.500,3.22,,1.65,6.85,,,,,,,,0.260,3.36,4.51,,,1.600,11.56,0.360
"Dec 13, 2021",,4.20,20.02,3.44,3.49,8.64,4.110,0.3990,0.580,,,28.00,1.5300,36.00,1.070,2.79,2.860,7.99,,1.430,,152.400,6.940,1.800,0.829,0.789,28.48,13.880,1.890,7.490,6.50,4.890,5.26,0.774,21.70,28.44,,,,0.615,,4.01,,,4.000,0.7200,2.67,,1.880,,1.840,6.500,3.00,,1.78,,,,,,,,,0.259,,4.50,,,,11.64,0.359
"Dec 12, 2021",,4.24,20.50,3.46,3.50,8.71,4.110,0.3950,0.578,1.0400,,28.00,1.5300,35.80,1.090,2.77,2.880,7.56,,1.410,,151.200,6.970,1.760,0.845,0.779,28.80,13.040,1.880,7.600,6.80,,5.40,0.764,21.70,27.08,,,0.96,0.599,,4.03,,,4.100,0.7310,2.33,7.00,1.880,,1.790,6.320,,,,,,,,,,,,0.285,,,,,1.690,11.64,0.350
"Dec 11, 2021",,,,,,,,,,,,,,,,,,,,,,,,,,,,,,,,,,,,,,,,,,,,,,,,,,,,,,,,,,,,,,,,,,,,,,,
"Dec 10, 2021",,,,,,,,,,,,,,,,,,,,,,,,,,,,,,,,,,,,,,,,,,,,,,,,,,,,,,,,,,,,,,,,,,,,,,,
"Dec 09, 2021",,4.25,20.22,3.46,3.53,8.74,4.100,0.4000,0.580,1.1500,,27.96,1.5300,34.98,1.090,2.77,2.850,7.79,,1.420,,152.200,6.620,1.720,0.835,0.766,28.46,13.060,1.870,7.630,6.70,4.830,5.47,0.770,21.80,28.50,,,1.10,0.610,,3.51,,,4.050,0.7380,2.03,7.00,1.870,,1.720,6.260,2.65,,,,,,,,,,0.570,0.300,,,,,1.630,11.60,0.357
"Dec 08, 2021",,4.21,20.70,3.44,3.46,8.70,4.170,0.4020,0.585,,,28.20,1.5300,35.30,1.080,2.77,2.830,7.70,,1.430,,151.500,6.510,1.680,0.830,0.770,29.50,13.060,1.860,7.670,7.01,4.830,5.50,0.801,21.90,29.00,,,1.02,0.620,1.70,3.50,6.50,1.970,4.030,0.7700,1.91,,1.890,,1.650,6.450,2.64,3.00,,6.25,,,,,,,0.589,0.280,,,,0.32,1.700,11.60,0.354
"Dec 07, 2021",,4.19,20.40,3.44,3.45,8.72,4.170,0.4090,0.583,,,28.40,1.5400,36.50,1.100,2.78,2.820,7.70,,1.420,,151.500,6.500,1.700,0.830,0.768,29.88,13.040,1.860,7.500,6.50,4.820,5.54,0.735,21.90,28.50,,,,0.565,1.65,3.52,,2.000,4.190,0.7490,,7.00,1.850,1.04,1.530,5.980,2.90,,,,,,,,,,,0.298,3.36,4.39,,,1.650,11.62,0.351
"Dec 06, 2021",,4.23,20.36,3.50,3.45,8.95,4.100,0.4120,0.585,,,28.82,1.5500,36.50,1.100,2.80,2.800,7.70,,1.370,,152.500,6.390,1.700,0.827,0.756,26.56,13.100,1.850,7.750,6.85,4.700,5.57,0.737,21.90,28.00,,,,0.570,,3.53,,,4.240,0.7320,2.00,,1.800,0.93,,5.900,,3.00,,,,,0.650,,,,,0.276,,4.40,,,1.650,11.60,0.352
"Dec 05, 2021",,4.21,19.50,3.45,3.26,8.89,4.070,0.3940,0.563,,,28.88,1.5300,34.76,1.050,2.77,2.800,8.00,,1.390,,152.000,6.440,1.710,0.770,0.745,27.20,13.020,1.850,8.180,7.12,4.790,5.61,0.715,22.16,29.00,,,,0.542,,3.32,,1.800,4.170,0.7130,,,1.750,,,5.820,,,,,,,0.640,,,,,0.240,3.06,4.20,,,1.650,11.80,0.356
"Dec 04, 2021",,,,,,,,,,,,,,,,,,,,,,,,,,,,,,,,,,,,,,,,,,,,,,,,,,,,,,,,,,,,,,,,,,,,,,,
"Dec 03, 2021",,,,,,,,,,,,,,,,,,,,,,,,,,,,,,,,,,,,,,,,,,,,,,,,,,,,,,,,,,,,,,,,,,,,,,,
"Dec 02, 2021",,,,,,,,,,,,,,,,,,,,,,,,,,,,,,,,,,,,,,,,,,,,,,,,,,,,,,,,,,,,,,,,,,,,,,,
"Dec 01, 2021",,,,,,,,,,,,,,,,,,,,,,,,,,,,,,,,,,,,,,,,,,,,,,,,,,,,,,,,,,,,,,,,,,,,,,,
"Nov 30, 2021",,4.14,19.18,3.55,3.22,8.50,4.020,0.3820,0.541,,,28.60,1.5000,31.94,1.060,2.77,2.770,8.00,,1.410,,152.400,6.480,1.660,0.760,0.742,26.60,13.020,1.840,7.590,6.71,4.800,5.62,0.730,22.18,30.48,,,,0.568,,3.31,,,4.080,0.7350,2.03,,1.770,,,5.780,,,,,,,,,,,,0.240,,,,0.32,1.650,11.52,0.349
"Nov 29, 2021",,4.22,19.00,3.60,3.24,8.47,4.090,0.3930,0.551,,,28.88,1.5000,31.00,1.060,2.75,2.850,8.00,,1.350,,152.300,6.400,1.740,0.751,0.745,27.96,13.060,1.860,6.760,6.49,4.780,5.47,0.720,22.16,30.40,,,,0.570,1.64,3.32,,,4.050,0.6920,,,1.760,,,5.790,2.95,,,,,,,,,,,0.246,,4.30,,,1.700,12.00,0.346
"Nov 28, 2021",,4.10,18.90,3.55,3.14,8.33,4.000,0.3810,0.526,,,28.16,1.3900,29.30,1.020,2.73,2.800,7.94,,1.180,,152.000,6.180,1.720,0.718,0.710,26.40,13.160,1.800,6.110,6.10,4.770,5.45,0.680,,29.98,,,,0.560,1.64,3.30,7.00,1.800,3.960,0.6780,,,1.730,,1.690,5.710,,2.86,1.78,,,,0.562,,,,,0.273,,4.35,,,1.600,12.00,0.339
"Nov 27, 2021",,,,,,,,,,,,,,,,,,,,,,,,,,,,,,,,,,,,,,,,,,,,,,,,,,,,,,,,,,,,,,,,,,,,,,,
"Nov 26, 2021",,,,,,,,,,,,,,,,,,,,,,,,,,,,,,,,,,,,,,,,,,,,,,,,,,,,,,,,,,,,,,,,,,,,,,,
"Nov 25, 2021",,4.19,19.16,3.65,3.27,8.51,4.100,0.4230,0.584,,,28.62,1.5400,30.30,1.090,2.81,2.880,8.05,,1.200,,151.000,6.420,1.760,0.786,0.777,27.10,13.060,1.840,6.600,6.60,4.890,5.65,0.705,22.18,30.96,,,,0.590,1.82,3.33,7.00,1.700,4.130,0.7030,,,1.780,0.92,1.730,5.800,2.95,3.30,1.78,6.25,,,0.623,,,,,0.264,,4.50,,,1.650,12.08,0.365
"Nov 24, 2021",,4.19,19.00,3.69,3.24,8.23,4.090,0.4260,0.578,,,27.94,1.5400,30.00,1.070,2.83,2.850,8.00,,1.200,,152.500,6.340,1.760,0.799,0.773,27.26,13.020,1.830,6.650,6.37,4.890,5.60,0.725,22.16,30.36,,,0.96,0.580,1.70,3.30,,1.480,4.190,0.7000,,,1.750,,,5.790,3.10,,,,,,,,,,,0.290,,,,,1.650,11.90,0.355
"Nov 23, 2021",,4.17,19.00,3.64,3.25,8.45,4.030,0.4230,0.580,,,27.80,1.5100,29.98,1.060,2.83,2.880,7.90,,1.190,,154.000,6.170,1.750,0.786,0.774,25.70,13.020,1.810,6.700,6.39,4.890,5.64,0.720,22.18,30.70,,,1.16,0.590,1.62,3.43,,,4.290,0.7200,,,1.790,,,5.800,3.10,3.40,,,,,,,,,,0.288,,,,0.36,1.700,11.88,0.351
"Nov 22, 2021",,4.23,19.10,3.66,3.30,8.23,4.090,0.4110,0.588,,,27.80,1.5300,29.16,1.080,2.83,2.890,8.16,,1.200,,151.000,6.100,1.730,0.784,0.770,28.10,13.040,1.800,6.850,6.45,4.900,5.70,0.660,22.22,31.30,,,,0.580,1.80,3.48,,1.640,4.400,0.7100,1.77,7.00,1.800,,,5.800,,3.08,,,,,,3.250,,,,0.280,,,0.650,,1.650,11.80,0.351
"Nov 21, 2021",,4.20,19.44,3.70,3.34,8.25,4.140,0.4150,0.596,,,25.62,1.5700,28.78,1.080,2.87,2.880,8.84,,1.240,,151.200,6.210,1.750,0.800,0.779,29.90,13.020,1.810,7.000,6.61,4.890,5.70,0.690,22.24,34.76,,,,0.590,2.00,3.49,,,4.460,0.7070,,,1.820,,,5.810,2.80,2.81,,,,,,,,,,0.290,,4.55,,,1.700,12.00,0.349
"Nov 20, 2021",,,,,,,,,,,,,,,,,,,,,,,,,,,,,,,,,,,,,,,,,,,,,,,,,,,,,,,,,,,,,,,,,,,,,,,
"Nov 19, 2021",,,,,,,,,,,,,,,,,,,,,,,,,,,,,,,,,,,,,,,,,,,,,,,,,,,,,,,,,,,,,,,,,,,,,,,
"Nov 18, 2021",,4.23,19.70,3.75,3.38,8.18,4.200,0.4290,0.594,1.0000,,26.00,1.5700,27.98,1.100,2.84,2.860,8.99,,1.260,,151.200,6.400,1.760,0.810,0.782,32.78,13.040,1.820,7.130,6.78,4.940,5.70,0.695,22.22,35.26,,,1.17,0.600,2.00,3.50,6.50,1.820,4.250,0.7200,,,1.820,0.82,,5.800,,,1.70,6.32,,,0.666,3.500,,,,,3.39,,,0.35,1.710,12.08,0.340
"Nov 17, 2021",,4.22,19.70,3.73,3.39,8.22,4.190,0.4180,0.580,0.9770,,25.40,1.5300,28.00,,2.80,2.840,8.70,,1.280,,151.200,6.400,1.760,0.800,0.786,31.52,13.020,1.830,7.250,6.60,4.880,5.71,0.660,22.24,33.22,,,,0.600,,3.41,,,4.270,0.7110,,,1.840,0.71,,5.790,,2.36,,,,,,,,,,0.290,,4.72,,,1.670,12.08,0.350
"Nov 16, 2021",4.07,4.20,19.62,3.66,3.38,8.28,4.250,0.4340,0.600,,,25.30,1.5300,28.40,1.100,2.81,2.890,8.65,,1.290,,151.900,6.300,1.770,0.790,0.789,32.00,13.000,1.820,7.180,6.60,4.950,5.70,0.660,22.30,36.90,,,,0.590,2.00,3.44,,,4.270,0.7180,,,1.830,,,5.810,3.00,,,6.32,,,0.663,,,,,0.290,,4.11,,,1.710,12.10,0.360
"Nov 15, 2021",,4.23,19.16,3.75,3.40,8.08,4.120,0.3780,0.569,0.9200,,25.10,1.5400,28.50,1.110,2.80,2.900,8.96,,1.290,,152.000,6.180,1.770,0.800,0.751,33.00,13.000,1.820,7.000,6.60,4.500,5.73,0.670,22.46,37.00,,,,0.565,,3.47,6.00,,4.330,0.7060,1.90,,1.830,0.79,,5.840,3.33,,1.80,5.50,,,0.630,3.750,,,,,,,,,1.720,11.74,0.362
"Nov 14, 2021",,4.26,19.24,3.85,3.43,8.19,4.160,0.3670,0.584,,,25.80,1.6100,28.16,1.130,2.75,2.840,9.00,,1.300,,153.100,6.010,1.750,0.790,0.748,32.72,13.440,1.820,7.000,6.93,4.470,5.72,0.665,22.46,37.10,,,,0.594,,3.49,6.35,,4.380,0.7350,1.90,,1.850,,,5.840,3.00,,,,,,,,,,,,2.95,4.05,,,1.740,12.38,0.357
"Nov 13, 2021",,,,,,,,,,,,,,,,,,,,,,,,,,,,,,,,,,,,,,,,,,,,,,,,,,,,,,,,,,,,,,,,,,,,,,,
"Nov 12, 2021",,,,,,,,,,,,,,,,,,,,,,,,,,,,,,,,,,,,,,,,,,,,,,,,,,,,,,,,,,,,,,,,,,,,,,,
"Nov 11, 2021",,4.28,19.12,3.50,3.31,8.27,4.190,0.3710,0.588,,,26.32,1.6100,27.80,1.150,2.77,2.780,9.48,,1.280,,153.900,6.060,1.750,,0.749,34.96,13.480,1.820,7.130,7.00,4.400,5.80,,22.48,38.48,1.10,,,0.640,,3.48,,1.820,4.370,0.7420,,,1.940,,,5.910,,,,,,,,,,,,0.295,,4.05,,,1.820,12.90,0.359
"Nov 10, 2021",,4.29,18.90,3.43,3.28,8.24,4.190,0.3770,0.588,,,26.20,1.6100,27.40,1.130,2.78,2.770,9.05,,1.290,,154.000,6.000,1.750,0.850,0.754,32.30,13.460,1.820,7.340,6.96,4.390,5.75,0.719,22.50,36.00,,,1.32,0.643,2.00,3.50,,2.000,4.400,0.7710,,7.47,,,,5.910,3.15,2.62,,,,,,,,,,0.270,,,,,1.800,13.34,0.354
"Nov 09, 2021",,4.30,19.00,3.40,3.20,8.21,4.190,0.3640,0.580,,,25.38,1.6300,27.00,1.150,2.69,2.780,9.09,,1.280,,154.000,5.900,1.750,0.840,0.740,33.00,13.480,1.810,7.570,7.23,4.410,5.76,0.720,22.54,35.80,,,,0.650,,3.51,,,4.410,0.7880,,,1.930,,,5.900,3.20,2.40,,,,,0.693,,,,,0.294,3.11,4.05,,,1.850,12.50,0.351
"Nov 08, 2021",3.55,4.26,18.94,3.11,3.06,8.21,4.230,0.3670,0.586,,,25.48,1.6300,27.00,1.200,2.73,2.790,8.50,,1.280,,154.000,5.880,1.760,0.855,0.742,31.00,13.620,1.820,6.590,6.29,4.410,5.78,0.738,22.06,35.60,,,,0.667,,,,,4.330,0.7700,2.06,,1.920,,,,3.00,,,,,,0.770,,,,,0.299,,,,,1.790,11.18,0.353
"Nov 07, 2021",,4.28,18.62,3.02,3.03,8.20,4.240,0.3660,0.576,,,25.32,1.6000,26.68,1.190,2.76,2.740,8.57,,1.270,,152.000,5.860,,0.858,0.742,32.00,13.580,1.820,6.300,6.15,4.420,5.70,0.725,22.00,35.10,,,,0.659,2.10,3.67,,2.110,4.270,0.7780,2.17,,1.930,0.88,,5.910,3.05,,,,,,0.690,,,,,0.281,,4.00,,,1.750,11.28,0.348
"Nov 06, 2021",,,,,,,,,,,,,,,,,,,,,,,,,,,,,,,,,,,,,,,,,,,,,,,,,,,,,,,,,,,,,,,,,,,,,,,
"Nov 05, 2021",,,,,,,,,,,,,,,,,,,,,,,,,,,,,,,,,,,,,,,,,,,,,,,,,,,,,,,,,,,,,,,,,,,,,,,
"Nov 04, 2021",3.40,4.28,18.36,3.00,3.00,8.18,4.320,0.3650,0.580,,,25.60,1.5800,26.72,1.090,2.81,2.760,8.89,,1.220,,146.900,5.880,1.750,0.829,0.753,34.00,13.540,1.820,6.450,6.20,4.470,5.74,0.688,22.00,39.00,,1.50,,0.670,,3.65,,,4.230,0.7590,2.41,,1.980,,,5.900,3.00,,,,,,0.600,,,,,0.280,,4.00,,,1.730,11.58,0.340
"Nov 03, 2021",,4.30,18.26,3.03,3.01,8.20,4.300,0.3620,0.595,0.9300,,25.16,1.5400,26.42,1.100,2.75,2.710,9.00,,1.230,,146.500,5.800,1.730,0.826,0.733,31.16,13.560,1.810,6.350,6.53,4.450,5.83,0.655,22.00,42.00,,,,0.660,,3.52,,,4.330,0.7270,2.10,,1.940,,,5.900,,2.37,,4.95,,,0.600,,,,,0.282,,,,0.34,1.740,11.84,0.339
"Nov 02, 2021",,4.30,18.46,3.05,3.02,8.25,4.250,0.3610,0.596,,,25.42,1.5400,26.04,1.060,2.74,2.700,9.35,,1.220,,146.800,5.900,1.710,0.828,0.732,34.62,13.500,1.790,6.450,6.84,4.440,5.83,0.660,22.14,42.00,,,,0.646,,3.62,6.35,,4.330,0.7400,,,1.930,0.97,,5.810,2.91,,,,,0.64,0.600,,,,,0.310,,4.10,,,1.710,12.30,0.340
"Nov 01, 2021",,4.32,18.20,3.07,3.05,8.23,4.130,0.3580,0.591,,,25.58,1.5400,25.86,1.030,2.75,2.730,9.75,,1.230,,146.700,5.850,1.730,0.820,0.740,35.90,13.560,1.800,6.200,7.00,,5.80,0.679,22.36,43.32,,,,0.680,,3.69,,,4.350,0.7400,,,2.020,,,5.800,2.90,2.73,1.80,,,,,,,,,0.290,,4.10,,,1.650,12.46,0.340
"Oct 31, 2021",3.40,4.29,17.80,3.05,3.01,,4.060,0.3710,0.631,,,26.10,1.6000,,1.020,2.75,2.730,9.90,,1.230,,146.700,,1.710,0.821,0.758,36.50,13.580,1.800,6.530,7.40,4.410,5.90,0.670,22.20,44.88,,,,0.667,2.00,3.76,,,4.330,0.8000,,,2.030,,,5.750,2.90,2.43,,,,,0.666,,,,,0.276,,4.00,,,1.710,13.30,0.360
"Oct 30, 2021",,,,,,,,,,,,,,,,,,,,,,,,,,,,,,,,,,,,,,,,,,,,,,,,,,,,,,,,,,,,,,,,,,,,,,,
"Oct 29, 2021",,,,,,,,,,,,,,,,,,,,,,,,,,,,,,,,,,,,,,,,,,,,,,,,,,,,,,,,,,,,,,,,,,,,,,,
"Oct 28, 2021",,4.28,17.82,2.96,2.98,8.30,4.040,0.3230,0.549,,,26.56,1.6300,25.60,1.030,2.74,2.740,10.30,,1.240,,146.500,5.840,1.730,0.834,0.731,35.40,13.600,1.820,6.580,7.40,4.450,5.94,0.739,22.00,44.84,,,,0.670,2.00,,6.33,,4.440,0.8000,2.32,,2.010,,1.850,5.600,2.93,2.60,,,,,0.580,,,,,0.305,,4.00,,,1.800,13.58,0.341
"Oct 27, 2021",,4.26,17.80,,3.00,8.32,4.060,0.3250,0.561,,,26.86,1.6400,25.44,1.030,2.69,2.750,10.10,,1.230,,145.500,5.820,1.730,0.835,0.717,37.46,13.580,1.810,6.200,7.11,4.500,5.90,0.720,22.14,46.94,,,,0.686,,3.61,,,4.470,0.8300,2.57,,1.990,1.08,,5.600,3.25,,,,,,0.549,,,,,0.309,,4.00,,,1.770,13.50,0.340
"Oct 26, 2021",3.40,4.27,18.14,,3.02,8.40,4.030,0.3200,0.506,,0.673,27.10,1.6300,25.44,1.020,2.74,2.750,9.92,,1.240,5.30,146.000,5.780,1.750,0.850,0.708,37.00,13.580,1.820,6.400,7.40,4.560,5.78,0.800,21.20,47.00,,,,0.700,,3.45,,,4.490,0.8370,,6.50,2.040,,1.800,5.420,3.00,,,4.90,,,0.610,,,,,0.283,,3.90,,,1.960,13.42,0.369
"Oct 25, 2021",,4.21,18.26,,2.96,8.36,4.060,0.3140,0.471,,,27.40,1.6300,25.56,1.030,2.67,2.770,10.52,,1.240,,146.500,5.820,1.740,0.816,0.702,38.80,13.540,1.830,6.380,7.70,4.560,5.90,0.749,21.20,47.00,,,,0.609,,3.40,,,4.480,0.9200,,,2.050,,,5.380,3.00,2.46,,,,,0.590,,,,,0.299,3.45,3.89,,,2.170,13.50,0.350
"Oct 24, 2021",,4.25,18.36,,2.94,8.24,4.100,0.3150,0.473,,,28.10,1.6800,25.66,1.040,2.63,2.720,9.15,,1.250,,146.000,5.700,1.760,0.826,0.710,38.50,13.640,1.830,5.550,7.92,4.560,5.87,0.652,21.20,46.98,,,,0.530,,3.35,,,4.550,0.8000,,6.52,2.100,,,5.360,3.01,,,,,,,,,,,0.288,,3.89,,,1.890,13.88,0.379
"Oct 23, 2021",,,,,,,,,,,,,,,,,,,,,,,,,,,,,,,,,,,,,,,,,,,,,,,,,,,,,,,,,,,,,,,,,,,,,,,
"Oct 22, 2021",,,,,,,,,,,,,,,,,,,,,,,,,,,,,,,,,,,,,,,,,,,,,,,,,,,,,,,,,,,,,,,,,,,,,,,
"Oct 21, 2021",,,,,,,,,,,,,,,,,,,,,,,,,,,,,,,,,,,,,,,,,,,,,,,,,,,,,,,,,,,,,,,,,,,,,,,
"Oct 20, 2021",,4.19,17.98,,2.97,8.25,4.050,0.3130,0.472,,,27.78,1.6800,25.48,1.040,2.65,2.730,9.37,,1.250,,146.000,5.730,1.790,0.830,0.702,38.50,13.600,1.830,4.830,7.35,4.700,5.89,0.689,21.00,46.50,,,,0.550,,3.40,7.01,,4.640,0.7900,,,2.060,,1.800,5.380,3.12,,,,,,0.525,,,,,0.320,,,,,1.650,13.98,0.371
"Oct 19, 2021",3.25,4.19,18.14,,2.91,8.20,4.010,0.3160,0.476,,,28.16,1.6700,25.40,1.050,2.64,2.740,9.70,,1.250,,146.400,5.690,1.780,0.837,0.705,38.02,13.700,1.830,4.900,7.20,4.320,5.54,0.673,,45.72,,,,0.545,,,6.10,,4.510,0.7520,,,1.990,0.94,1.690,5.290,3.07,,,4.88,,,,,,,,0.298,,,,,1.460,14.38,0.350
"Oct 18, 2021",,4.21,18.24,,2.91,8.22,4.010,0.3120,0.467,,,28.22,1.6900,25.12,1.040,2.70,2.760,9.70,,1.250,,147.000,5.710,1.760,0.837,0.710,40.46,13.760,1.850,4.690,7.09,4.530,5.57,0.650,,45.70,,,,0.540,,3.32,,,4.430,0.7320,,,1.870,,1.750,5.310,2.90,,,,,,,,,,,,3.45,3.90,,,1.270,14.40,0.375
"Oct 17, 2021",,4.21,17.90,,2.94,8.26,4.020,0.3180,0.470,,,28.00,1.6300,25.00,1.050,2.68,2.780,10.12,,1.230,,147.000,5.690,1.730,0.844,0.717,40.50,13.600,1.870,4.080,6.17,4.350,5.75,,,47.50,,,,0.540,,3.33,,,4.400,,2.80,,1.830,,,5.320,2.92,,,5.42,,,,,,,,,,3.87,,,1.110,14.94,0.358
"Oct 16, 2021",,,,,,,,,,,,,,,,,,,,,,,,,,,,,,,,,,,,,,,,,,,,,,,,,,,,,,,,,,,,,,,,,,,,,,,
"Oct 15, 2021",,,,,,,,,,,,,,,,,,,,,,,,,,,,,,,,,,,,,,,,,,,,,,,,,,,,,,,,,,,,,,,,,,,,,,,
"Oct 14, 2021",,4.21,17.88,,2.97,8.10,4.070,0.3210,0.472,,,28.00,1.5800,24.86,1.040,2.67,2.800,10.68,,1.230,,146.700,5.680,1.720,0.860,0.686,42.48,13.600,,3.550,5.98,4.340,5.65,0.673,,47.50,,,,0.545,,3.33,,,4.540,0.7300,,,1.820,,,5.340,2.80,,,,,,,,,,,,,,,,1.110,15.00,0.372
"Oct 13, 2021",,4.26,17.82,,2.96,7.85,4.070,0.3250,0.476,0.8600,,27.72,1.5400,24.96,1.050,2.67,2.800,10.90,,1.230,,146.300,5.630,1.740,0.860,0.689,39.10,13.220,1.810,3.500,5.70,4.300,5.56,,20.78,46.88,,,,0.530,2.00,3.31,,,4.470,,,6.52,1.810,0.95,,5.300,2.61,,,,,,,,,,,,,,,,1.120,15.58,0.370
"Oct 12, 2021",,4.29,17.74,,2.99,7.70,4.080,0.3230,0.480,,,28.02,1.5400,24.98,1.060,2.67,2.840,10.40,,1.250,,146.600,5.640,1.730,0.781,0.694,34.00,13.500,1.810,3.500,5.95,4.420,5.62,0.630,20.78,44.30,,,,,,3.30,,,4.530,,2.85,,1.780,,,5.260,2.60,,,,,,,,,,,,,3.95,,,1.110,14.20,0.345
"Oct 11, 2021",,4.30,17.72,,3.04,7.63,4.110,0.3150,0.482,,,28.68,1.5700,24.70,1.070,2.68,2.850,9.06,,1.250,,146.400,5.610,1.720,0.783,0.700,33.70,14.000,1.700,3.590,5.73,4.500,5.66,,20.70,44.36,,,,0.533,,3.30,,,4.580,,,,1.790,0.88,,5.250,2.88,,,6.02,,,,,,33.58,,,,3.90,,,,14.16,0.350
"Oct 10, 2021",,4.27,17.52,,3.01,7.57,4.090,0.3150,0.476,,,27.70,1.5800,24.68,1.050,2.67,2.860,7.88,,1.250,,146.900,5.630,1.750,0.790,0.690,32.20,14.000,1.700,3.360,4.99,4.400,5.61,0.644,20.20,44.46,,,,0.542,,3.27,,,4.620,0.7300,,,1.810,0.76,1.690,5.220,3.20,2.73,,6.50,,,,,,,,0.297,,3.89,,,1.070,13.78,0.364
"Oct 09, 2021",,,,,,,,,,,,,,,,,,,,,,,,,,,,,,,,,,,,,,,,,,,,,,,,,,,,,,,,,,,,,,,,,,,,,,,
"Oct 08, 2021",,,,,,,,,,,,,,,,,,,,,,,,,,,,,,,,,,,,,,,,,,,,,,,,,,,,,,,,,,,,,,,,,,,,,,,
"Oct 07, 2021",3.08,4.20,17.60,,3.01,7.58,4.120,0.3000,0.457,,,26.92,1.5900,24.46,1.080,2.67,2.880,7.92,0.908,1.250,,146.200,5.690,1.740,0.790,0.688,33.80,14.000,1.720,3.270,4.34,4.530,5.66,,20.20,44.50,,,,0.530,,3.30,,,4.650,0.7260,3.16,,1.810,0.85,1.690,5.230,3.17,2.85,1.72,,,,0.510,,,,,0.265,,,,,1.080,13.70,0.350
"Oct 06, 2021",,4.27,17.36,,2.94,7.58,4.010,0.2970,0.452,,,26.80,1.4800,24.34,1.050,2.65,2.840,7.87,,1.240,,147.000,5.640,1.710,0.783,0.673,34.90,14.000,1.700,2.880,3.78,4.580,5.69,0.650,20.20,42.72,,,,0.525,,,,,4.500,,3.51,,1.760,,1.600,5.240,3.17,,,,,,,,224.00,,,0.293,,,,,1.100,14.28,
"Oct 05, 2021",,4.35,17.58,,2.85,7.50,4.020,0.2990,0.455,0.8600,,26.70,1.4400,24.44,1.070,2.55,2.860,8.07,,1.240,,147.000,5.670,1.700,0.800,0.680,35.00,14.000,1.700,2.890,3.65,4.530,5.74,0.620,20.10,42.80,,,,0.530,,,6.70,,4.530,,3.90,6.70,1.780,,1.690,5.210,2.98,,,,,,,,,,,0.266,3.45,,,0.38,1.060,14.28,0.350
"Oct 04, 2021",2.94,4.26,17.78,,2.98,7.51,4.010,0.3000,0.456,,,26.68,1.4800,24.42,1.050,2.51,2.880,8.00,,1.250,,146.300,5.610,1.680,0.795,0.686,32.00,14.000,1.730,2.900,3.69,4.540,5.82,0.640,20.10,43.40,,,,0.531,,3.30,7.10,,4.520,0.7900,,7.36,1.800,,1.620,5.250,2.66,,1.60,6.70,,,0.510,,,,,0.295,,3.89,,,1.030,14.56,0.357
"Oct 03, 2021",,4.21,18.00,,,7.53,4.020,0.3020,0.455,,,26.78,1.5300,24.24,1.050,2.53,2.810,7.89,,1.250,,146.500,5.650,1.700,0.810,0.682,35.28,14.000,1.740,2.790,3.70,4.550,5.81,0.640,20.50,43.20,,,,0.531,,3.30,,,4.540,0.7900,,,1.800,,,5.260,2.95,2.60,,,,,,,,,,0.270,,,,,1.100,14.88,0.360
"Oct 02, 2021",,,,,,,,,,,,,,,,,,,,,,,,,,,,,,,,,,,,,,,,,,,,,,,,,,,,,,,,,,,,,,,,,,,,,,,
"Oct 01, 2021",,,,,,,,,,,,,,,,,,,,,,,,,,,,,,,,,,,,,,,,,,,,,,,,,,,,,,,,,,,,,,,,,,,,,,,
"Sep 30, 2021",,4.16,17.78,,,7.49,4.080,0.3060,0.455,,,27.10,1.5400,24.02,1.060,2.56,2.810,8.05,,1.270,,146.500,5.790,1.730,0.803,0.686,36.22,14.000,1.750,2.880,3.55,,5.82,0.640,,45.60,,,1.28,,2.01,3.30,7.10,,4.500,0.7320,3.40,,1.810,0.94,,5.260,2.95,,,6.50,,,,,,,,0.299,3.15,3.89,,,,14.50,0.385
"Sep 29, 2021",,4.20,18.08,,,7.54,4.030,0.3060,0.458,,,27.06,1.5500,24.02,1.060,2.53,2.810,8.26,,1.270,,146.500,5.700,1.660,0.830,0.688,37.04,14.500,1.740,2.890,3.50,4.560,5.79,,20.60,45.60,,,,0.545,,3.30,,,4.440,0.7900,,,1.800,0.90,,5.250,2.95,,,,,,,,,,,0.300,,4.00,,,,14.88,0.368
"Sep 28, 2021",2.94,4.19,18.28,,,7.53,4.030,0.3080,0.460,,,26.70,1.5700,24.16,1.100,2.53,2.800,8.40,,1.260,,146.500,5.670,1.670,0.848,0.690,38.50,14.400,1.740,2.860,3.51,4.530,5.78,0.640,19.80,45.60,,,,,,3.32,,,4.400,0.7900,,,1.810,0.88,,5.210,2.94,,,6.60,,,,,,,,,,,,,1.060,14.30,
"Sep 27, 2021",2.93,4.20,18.14,,,7.46,4.050,0.3010,0.460,,,27.00,1.5600,24.34,1.100,2.55,2.790,8.25,,1.250,,146.100,5.710,1.680,0.836,0.693,40.40,14.000,1.750,2.910,3.76,4.580,5.78,0.620,20.10,45.60,,,,0.546,,3.30,,,4.530,0.7110,,,1.830,,,5.220,3.00,,,6.00,,0.71,,,224.00,,,0.310,,,,,,14.98,
"Sep 26, 2021",,4.17,18.26,,,7.54,4.050,0.3030,0.460,,,27.12,1.5900,24.26,1.090,2.53,2.760,8.30,,1.270,,147.000,5.640,1.690,0.804,0.690,40.50,14.000,1.760,2.930,3.78,4.580,5.80,0.642,20.50,45.60,,,,0.555,,3.31,,,4.470,0.7900,,,1.800,,,5.300,3.17,,1.55,,,0.63,,,,,,0.309,,,,0.38,1.130,15.18,0.371
"Sep 25, 2021",,,,,,,,,,,,,,,,,,,,,,,,,,,,,,,,,,,,,,,,,,,,,,,,,,,,,,,,,,,,,,,,,,,,,,,
"Sep 24, 2021",,,,,,,,,,,,,,,,,,,,,,,,,,,,,,,,,,,,,,,,,,,,,,,,,,,,,,,,,,,,,,,,,,,,,,,
"Sep 23, 2021",,4.25,18.40,,,7.57,4.110,0.3130,0.466,,,27.40,1.6000,24.56,1.060,2.57,2.800,8.80,,1.280,,147.000,5.600,1.700,0.789,0.689,40.50,14.020,1.740,2.900,3.47,4.680,5.88,0.642,20.68,45.00,,,,0.550,,,7.00,,4.420,0.8290,,,1.820,,,5.250,3.00,,,6.20,,0.55,,,,,,,,,,,1.130,15.20,0.386
"Sep 22, 2021",,4.30,18.28,,,7.52,4.100,0.3140,0.470,,,27.00,1.5600,24.32,1.040,2.50,2.790,8.56,,1.280,,147.000,5.680,1.670,0.780,0.684,40.00,13.400,1.750,2.890,3.27,4.550,5.90,0.660,,45.00,,,,0.560,,3.33,,,4.300,0.7600,3.15,,1.820,,,,3.06,,1.60,,,,,,,,,0.284,,3.96,,0.38,1.090,15.60,
"Sep 21, 2021",,4.29,18.10,,,7.47,4.130,0.3130,0.461,,,27.26,1.6000,24.24,1.040,2.50,2.810,7.59,,1.280,,147.000,5.620,1.710,0.799,0.688,41.90,11.880,1.730,2.940,3.38,4.600,5.93,0.645,20.46,45.00,,,,0.560,,3.30,,,4.180,,3.50,,1.820,,,,3.06,,,6.20,,,0.510,,,,,,,,0.650,,1.060,15.60,0.360
"Sep 20, 2021",,4.32,18.06,,,7.54,4.140,0.3140,0.470,,,26.90,1.6200,24.28,1.050,2.55,2.850,7.78,,1.250,,146.200,5.700,1.720,0.820,0.689,42.50,10.960,1.740,2.990,3.34,4.750,5.92,0.646,20.48,45.00,,,,0.570,,3.31,6.45,,4.190,,,,1.850,,,5.220,3.40,3.00,,,,,0.520,,,,,,3.15,3.96,,,1.060,15.52,
"Sep 19, 2021",,4.38,18.24,,,7.67,4.220,0.3180,0.482,,,27.00,1.6400,24.54,1.060,2.57,2.860,7.10,,1.280,,146.200,5.780,1.750,0.823,0.702,39.00,11.000,1.740,2.760,3.14,4.600,6.02,0.642,20.80,45.90,,,,0.560,,3.38,,,4.300,,,6.40,1.880,,,5.220,3.77,,,6.20,,0.55,0.522,,,,,0.315,3.15,4.00,,,1.100,13.50,0.360
"Sep 18, 2021",,,,,,,,,,,,,,,,,,,,,,,,,,,,,,,,,,,,,,,,,,,,,,,,,,,,,,,,,,,,,,,,,,,,,,,
"Sep 17, 2021",,,,,,,,,,,,,,,,,,,,,,,,,,,,,,,,,,,,,,,,,,,,,,,,,,,,,,,,,,,,,,,,,,,,,,,
"Sep 16, 2021",,4.42,18.70,,,7.72,4.200,0.3180,0.469,,,26.90,1.5600,24.90,1.050,2.49,2.870,6.93,,1.280,,146.200,5.750,1.800,0.835,0.700,38.60,10.860,1.750,2.710,3.18,,6.09,0.645,20.00,46.90,,,,0.553,,3.41,,,4.170,,3.50,,1.880,0.81,,5.250,3.37,,,,,,,,,,,0.319,,,0.650,0.38,1.090,13.40,0.386
"Sep 15, 2021",,4.41,18.24,,,7.75,4.190,0.3190,0.445,,,27.12,1.5400,24.76,1.060,2.47,2.830,6.80,,1.290,,146.400,5.660,1.790,0.840,0.708,41.80,10.840,1.740,3.010,3.23,4.700,6.00,,20.06,47.50,,,,0.580,,3.40,,,4.270,0.7870,3.47,,1.850,,,5.230,3.42,2.99,1.50,,,,0.520,,,,,,,,,,1.080,13.50,0.389
"Sep 14, 2021",,4.38,18.00,,,7.69,4.170,0.3200,0.442,,,27.04,1.5200,24.40,1.050,2.51,2.850,6.69,,1.280,,146.400,5.640,1.820,0.837,0.705,41.80,10.840,1.740,3.000,3.30,4.710,5.93,0.660,20.04,47.50,,,,0.570,,3.30,7.14,,3.980,0.7500,3.03,,1.840,,,5.230,3.79,,,,,,0.560,,224.00,,,0.300,3.15,,,0.34,,13.50,0.371
"Sep 13, 2021",,4.37,18.02,,,7.69,4.180,0.3210,0.450,,,27.02,1.5700,24.40,1.050,2.54,2.860,7.20,,1.290,,146.300,5.610,1.830,0.808,0.710,43.00,10.800,1.730,3.030,3.35,4.770,6.00,0.640,20.04,50.45,,,,0.560,,3.31,,1.850,3.970,,2.64,6.50,1.880,,,5.230,3.43,2.99,,6.30,,0.55,0.513,,,,0.654,,3.00,,,,,14.02,
"Sep 12, 2021",,4.45,18.26,,,7.74,4.200,0.3340,0.462,,,27.80,1.6300,24.34,1.050,2.58,2.850,7.50,,1.300,,146.100,5.620,1.840,0.850,0.720,46.20,10.820,1.750,3.030,3.47,4.770,6.12,0.640,20.08,55.90,,,,0.560,,3.32,,,4.000,0.7500,2.30,,1.930,,,5.300,2.99,3.00,,,,,,,,,,0.300,,,,,,14.30,0.373
"Sep 11, 2021",,,,,,,,,,,,,,,,,,,,,,,,,,,,,,,,,,,,,,,,,,,,,,,,,,,,,,,,,,,,,,,,,,,,,,,
"Sep 10, 2021",,,,,,,,,,,,,,,,,,,,,,,,,,,,,,,,,,,,,,,,,,,,,,,,,,,,,,,,,,,,,,,,,,,,,,,
"Sep 09, 2021",,4.45,18.30,,,7.77,4.190,0.3330,0.464,,,28.22,1.6300,24.68,1.080,2.61,2.880,7.54,,1.310,,146.100,5.650,1.860,0.861,0.722,46.00,10.840,1.730,3.270,3.50,4.720,6.18,,20.08,54.00,,,,0.560,,3.30,,,4.070,0.6710,,6.35,1.910,0.81,,5.320,2.60,,,,,,,,,,,,,4.00,,,1.000,15.40,0.398
"Sep 08, 2021",,4.46,17.46,,,7.67,4.200,0.3350,0.461,,,28.56,1.6300,24.78,1.090,2.63,2.870,7.32,,1.350,,146.200,5.640,1.860,0.862,0.724,48.20,10.800,1.740,3.280,3.54,5.000,6.17,0.659,20.02,55.00,,,,0.564,,3.38,,,4.020,0.6700,,6.30,1.920,,,5.340,2.30,,,,,,0.545,,,,,,,4.00,,,,15.50,0.382
"Sep 07, 2021",,4.49,17.32,,,7.67,4.170,0.3410,0.469,,,28.82,1.6700,24.16,1.030,2.63,2.900,7.30,,1.330,,146.200,5.640,1.860,0.862,0.726,48.20,10.800,1.740,3.320,3.33,4.840,6.24,0.660,20.02,55.00,,,,0.564,1.75,3.35,,,4.150,,,,1.950,,1.590,5.320,2.01,,,,,,0.559,,,,,0.300,,,,,,15.30,0.371
"Sep 06, 2021",,4.49,17.32,,,7.58,4.190,0.3300,0.463,,,28.96,1.6500,22.64,1.020,2.63,2.860,7.63,,1.330,,146.200,5.630,1.870,0.833,0.716,48.20,10.900,1.760,3.230,3.20,4.850,6.21,,20.00,56.90,,,,0.558,,3.35,,,4.090,0.7290,2.12,,1.900,,,5.210,1.75,,,,,,,,,,,0.320,3.15,4.00,,,,15.40,0.370
"Sep 05, 2021",,4.48,17.20,,,7.61,4.200,0.3330,0.465,0.8500,,29.02,1.6500,22.94,1.030,2.66,2.870,7.74,,1.370,,146.100,5.610,1.900,0.866,0.725,43.60,10.920,1.750,3.320,3.33,4.810,6.35,,20.00,57.00,,,,0.560,,3.27,,,4.170,,2.12,,1.960,,,5.200,1.70,,1.50,,,,0.510,,,,,0.320,,4.00,0.650,,0.920,15.54,0.370
"Sep 04, 2021",,,,,,,,,,,,,,,,,,,,,,,,,,,,,,,,,,,,,,,,,,,,,,,,,,,,,,,,,,,,,,,,,,,,,,,
"Sep 03, 2021",,,,,,,,,,,,,,,,,,,,,,,,,,,,,,,,,,,,,,,,,,,,,,,,,,,,,,,,,,,,,,,,,,,,,,,
"Sep 02, 2021",,4.48,17.04,,,7.62,4.190,0.3300,0.475,,,29.20,1.6900,23.38,1.060,2.64,2.950,7.91,,1.370,,146.100,5.640,1.880,0.880,0.729,37.92,10.880,1.760,3.290,2.90,4.920,6.42,,20.00,57.00,,,,0.570,,3.33,,,4.150,,,,2.050,,,5.250,1.49,,,,,,0.549,,,,,0.318,,,,,1.020,17.10,0.370
"Sep 01, 2021",,4.50,16.90,,,7.58,4.190,0.3310,0.469,,,29.28,1.7500,23.50,1.100,2.62,2.900,7.91,,1.340,,146.200,5.640,1.880,0.898,0.739,34.52,10.900,1.790,3.250,2.90,4.910,6.30,0.641,20.10,58.15,,,,0.534,1.75,3.50,,,4.200,0.7300,,,2.080,,,5.290,1.30,,,,,,0.521,,,33.58,,0.318,3.15,,,,0.990,18.50,
"Aug 31, 2021",2.94,4.52,17.00,,,7.51,4.150,0.3350,0.482,,,29.50,1.7900,23.60,1.090,2.62,2.910,8.08,,1.310,,147.000,5.640,1.950,0.868,0.734,30.08,11.000,1.780,3.360,3.00,4.900,6.70,0.673,21.00,58.15,,,1.19,0.555,,3.74,,,4.330,0.7290,,,2.220,,,5.310,1.18,,,,,,,,,,,0.300,,,,,0.931,19.02,0.378
"Aug 30, 2021",2.94,4.50,17.00,,,7.48,4.120,0.3380,0.486,,,29.50,1.7600,23.78,1.070,2.62,2.900,7.03,,1.300,,147.000,5.600,1.870,0.861,0.725,26.16,11.000,1.770,3.390,3.05,4.940,6.15,0.677,20.50,50.60,,,,0.580,,4.15,,,4.280,0.7340,,,2.090,,1.620,5.350,1.03,,,,,,,,,,,0.321,,3.85,,,0.975,17.24,
"Aug 29, 2021",,4.50,17.00,,,7.37,4.100,0.3430,0.462,,,29.62,1.6700,23.60,1.060,2.63,2.900,6.12,,1.290,,146.100,5.540,1.870,0.875,0.720,22.76,11.000,1.770,3.360,2.81,4.770,6.10,0.679,20.50,44.00,,,,0.540,,4.22,,,4.150,0.7340,,7.00,1.820,,1.550,5.410,,,,,,,0.530,,,,,0.319,,,,,,15.00,
"Aug 28, 2021",,,,,,,,,,,,,,,,,,,,,,,,,,,,,,,,,,,,,,,,,,,,,,,,,,,,,,,,,,,,,,,,,,,,,,,
"Aug 27, 2021",,,,,,,,,,,,,,,,,,,,,,,,,,,,,,,,,,,,,,,,,,,,,,,,,,,,,,,,,,,,,,,,,,,,,,,
"Aug 26, 2021",,4.49,17.00,,,7.36,4.090,0.3360,0.479,0.9200,,28.24,1.5500,23.74,1.040,2.65,2.980,5.49,,1.270,,146.200,5.570,1.800,0.900,0.720,19.80,10.800,1.770,3.280,2.89,4.810,5.95,0.655,20.02,43.54,,,,0.540,,4.26,6.21,,4.080,0.7340,,7.00,1.870,0.90,,5.480,,,,7.00,,,0.550,,,,,0.310,,3.90,,,0.988,14.68,
"Aug 25, 2021",,4.54,17.00,,,7.42,4.140,0.3630,0.488,,,28.70,1.5900,24.02,1.010,2.63,2.970,5.62,,1.300,,146.200,5.550,1.820,0.919,0.737,17.22,10.820,1.770,3.500,3.21,4.920,5.95,0.660,,43.10,,,,0.540,,4.36,,,4.160,0.7320,,7.00,1.810,0.90,,5.560,,,1.60,,,,0.550,,,,,0.318,,4.00,,,,15.04,0.386
"Aug 24, 2021",,4.57,17.00,,,7.50,4.150,0.3270,0.425,0.8600,,29.00,1.5600,24.14,0.988,2.67,2.950,4.89,,1.310,,146.200,5.550,1.850,0.939,0.723,14.98,10.920,1.770,3.520,3.56,4.900,6.02,0.684,20.02,43.10,,,,0.530,,4.41,,,4.200,,,,1.820,,,5.560,,,1.60,,,,,,,,,,,,,,0.975,15.18,0.378
"Aug 23, 2021",,4.57,16.98,,,7.49,4.150,0.3150,0.391,0.9200,,29.06,1.7300,24.30,0.951,2.70,2.970,4.26,,1.340,,146.100,5.550,1.880,0.925,0.711,15.86,10.440,1.750,3.490,3.10,4.940,5.98,0.660,20.00,43.00,,,,0.540,,4.29,,,4.080,,,,1.820,,,5.570,0.90,,1.55,,,,,,,,,,3.15,,,,0.975,14.20,0.358
"Aug 22, 2021",,4.56,17.00,,,7.50,4.130,0.3100,0.381,,,29.00,1.5200,24.50,0.922,2.70,2.970,3.71,,1.260,,146.100,5.520,1.860,,0.717,15.54,10.440,1.790,3.350,2.70,4.880,6.04,0.700,,43.00,1.20,,,,,4.20,,,3.970,0.7870,,7.00,1.820,,,5.510,,,1.35,,,,,,,,,0.320,,,0.630,,0.930,13.40,0.348
"Aug 21, 2021",,,,,,,,,,,,,,,,,,,,,,,,,,,,,,,,,,,,,,,,,,,,,,,,,,,,,,,,,,,,,,,,,,,,,,,
"Aug 20, 2021",,,,,,,,,,,,,,,,,,,,,,,,,,,,,,,,,,,,,,,,,,,,,,,,,,,,,,,,,,,,,,,,,,,,,,,
"Aug 19, 2021",,4.48,16.82,,,7.47,4.120,0.3100,0.386,,,28.90,1.3300,24.18,0.923,2.60,2.960,3.85,,1.240,,146.000,5.500,1.770,0.963,0.705,14.44,10.520,1.800,3.180,2.35,4.790,6.01,0.700,,41.00,1.20,,,,,4.01,,,3.840,0.7400,,,1.820,,,5.570,,,1.50,7.40,,,0.564,,,,,,,3.88,,,,12.54,0.371
"Aug 18, 2021",,4.55,17.04,,,7.59,4.160,0.3170,0.381,,,29.30,1.3100,24.76,0.920,2.63,3.000,3.77,,1.250,,145.200,5.490,1.770,0.946,0.725,13.78,10.560,1.760,3.160,2.34,4.680,6.06,,20.00,37.50,,,,,,4.01,,,3.950,,,,1.820,,,5.580,,,,,,,0.566,,,,,0.300,,4.00,,,,11.74,0.371
"Aug 17, 2021",,4.49,17.10,,,7.50,4.130,0.3130,0.380,,,29.60,1.2300,25.40,0.912,2.60,2.990,3.77,,1.260,,145.200,5.480,1.780,0.970,0.699,13.30,10.580,1.710,3.120,2.25,4.850,6.00,,20.10,35.04,,,,0.526,,4.00,,,3.950,0.7400,,,1.830,,,5.600,,3.00,,,,,0.521,,225.40,29.20,,0.315,,,,,,12.00,
"Aug 16, 2021",,4.38,16.90,,,7.45,4.100,0.3150,0.374,,,29.80,1.2500,24.80,0.911,2.65,3.020,3.79,,1.270,,145.100,5.480,1.750,0.984,0.670,12.90,10.600,1.690,3.250,2.28,4.330,6.06,,,35.04,,,,0.530,,4.00,,,3.950,0.7440,,,1.840,1.00,,5.670,,2.87,,,,,0.560,,,,,0.300,,3.90,,,0.974,12.00,0.386
"Aug 15, 2021",,4.37,16.76,,,7.36,4.160,0.3200,0.384,,,29.90,1.2300,24.08,0.899,2.65,3.000,3.72,,1.280,,145.100,5.460,1.760,0.985,0.698,11.90,10.580,1.670,2.870,2.00,4.310,6.07,0.720,20.00,35.00,,,,0.540,1.94,4.01,,,3.790,,1.85,,1.830,,,5.480,,2.79,,,,,0.510,,,,,0.300,,,,,,11.68,0.361
"Aug 14, 2021",,,,,,,,,,,,,,,,,,,,,,,,,,,,,,,,,,,,,,,,,,,,,,,,,,,,,,,,,,,,,,,,,,,,,,,
"Aug 13, 2021",,,,,,,,,,,,,,,,,,,,,,,,,,,,,,,,,,,,,,,,,,,,,,,,,,,,,,,,,,,,,,,,,,,,,,,
"Aug 12, 2021",,,,,,,,,,,,,,,,,,,,,,,,,,,,,,,,,,,,,,,,,,,,,,,,,,,,,,,,,,,,,,,,,,,,,,,
"Aug 11, 2021",,4.38,16.70,,,7.33,4.230,0.3200,0.389,,,29.68,1.2100,24.10,0.885,2.67,2.950,3.75,,1.270,,145.000,5.480,1.820,0.970,0.692,11.80,10.680,1.650,2.670,1.89,4.220,6.09,0.720,20.50,34.70,,,,0.550,,3.97,,,3.660,,,,1.830,,,5.500,,,1.45,,,,,,,,,,,,,,,11.70,
"Aug 10, 2021",,4.39,16.84,,,7.40,4.200,0.3270,0.390,,,29.16,1.2400,24.00,0.899,,2.930,3.69,,1.250,,141.100,5.510,1.740,0.995,0.700,10.40,10.680,1.650,2.960,2.00,4.210,6.13,0.650,,30.50,1.20,,,0.550,,3.99,,,3.520,,,,1.840,,,5.500,,3.00,1.45,7.30,,,,,,,,0.310,,3.95,,,,10.88,
"Aug 09, 2021",,4.38,16.90,,,7.45,4.190,0.3260,0.381,,,29.20,1.2400,24.04,0.890,2.69,2.940,3.70,,1.260,,141.000,5.530,1.710,1.010,0.709,10.80,10.720,1.650,3.280,2.00,,6.19,,20.50,29.50,,,,0.525,,4.00,,,3.770,,,7.00,1.820,,,5.440,,,,7.50,,,,,,,,0.300,,,,,,11.00,0.386
"Aug 08, 2021",,4.35,16.74,,,7.29,4.180,0.3300,0.387,,,29.50,1.3200,24.00,0.891,2.69,2.900,3.70,,1.260,,136.500,5.540,1.750,1.010,0.708,10.30,10.500,1.640,3.380,2.11,4.220,6.20,0.633,19.00,29.00,,,,0.530,,4.00,,,3.870,,,,1.810,,,5.130,,,,,,,0.565,,,,,,,,,,0.891,11.28,0.375
"Aug 07, 2021",,,,,,,,,,,,,,,,,,,,,,,,,,,,,,,,,,,,,,,,,,,,,,,,,,,,,,,,,,,,,,,,,,,,,,,
"Aug 06, 2021",,,,,,,,,,,,,,,,,,,,,,,,,,,,,,,,,,,,,,,,,,,,,,,,,,,,,,,,,,,,,,,,,,,,,,,
"Aug 05, 2021",,4.38,16.64,,,7.24,4.170,0.3230,0.387,,,28.68,1.3000,24.00,0.885,2.70,2.850,3.70,,1.250,,132.000,5.550,1.670,1.010,0.684,10.00,10.540,1.670,3.320,2.31,4.210,6.20,0.703,19.90,28.00,,,,0.535,,,,,3.790,,,,1.790,,,5.110,,,,,,,,,,,,,,,,,0.930,11.30,
"Aug 04, 2021",,4.38,16.70,,,7.17,4.040,0.3300,0.390,,,28.68,1.3300,24.14,0.895,2.70,2.730,3.70,,1.280,,131.000,5.570,1.460,1.020,0.685,9.59,10.960,1.590,3.370,2.56,4.200,6.24,,20.00,27.08,,,,,,4.00,,,3.850,0.8080,,,1.800,0.92,,5.200,,3.00,,,,,,,,,,,,,,,0.960,11.30,0.373
"Aug 03, 2021",,4.38,16.90,,,7.19,4.060,0.3250,0.390,,,28.96,1.2800,24.10,0.901,2.71,2.380,3.74,,1.270,,131.100,5.600,1.450,1.000,0.688,9.60,10.400,1.590,3.450,2.60,,6.30,,20.50,27.04,,,,,,4.00,,,3.960,0.7320,,7.70,1.800,0.80,,5.300,,,,,,,,,,,,,,3.88,,,0.870,11.30,
"Aug 02, 2021",,4.35,16.72,,,7.14,4.070,0.3490,0.387,,,28.82,1.2400,23.96,0.889,2.76,2.310,3.71,,1.260,5.85,132.000,5.590,1.450,1.030,0.690,9.69,10.420,1.580,3.390,2.62,4.140,6.25,,,26.92,,,,0.529,2.15,3.95,,,4.400,,,,1.820,,,4.910,,,,,,,,3.500,,,,,,4.09,,,,11.40,0.379
"Aug 01, 2021",,4.36,16.56,,,7.04,4.060,0.3500,0.393,,,29.22,1.2600,24.06,0.878,2.76,2.310,3.79,,1.280,,131.900,5.610,1.470,1.060,0.695,9.88,10.460,1.590,3.450,2.91,4.190,6.22,0.636,20.02,26.94,,,,,,3.97,,,4.880,0.7800,,,1.800,,,4.910,,3.00,,,,,,,,,,,,3.90,,,,11.86,0.378
"Jul 31, 2021",,,,,,,,,,,,,,,,,,,,,,,,,,,,,,,,,,,,,,,,,,,,,,,,,,,,,,,,,,,,,,,,,,,,,,,
"Jul 30, 2021",,,,,,,,,,,,,,,,,,,,,,,,,,,,,,,,,,,,,,,,,,,,,,,,,,,,,,,,,,,,,,,,,,,,,,,
"Jul 29, 2021",,4.36,16.58,,,7.02,3.970,0.3500,0.387,,,29.10,1.2200,,0.882,2.79,2.290,3.72,,1.300,,132.600,5.530,1.470,0.956,0.696,9.62,10.540,1.590,3.310,2.99,4.200,6.23,0.662,19.40,26.94,,,,0.530,,3.98,,,4.830,0.8390,,,1.810,0.80,,4.920,,,,,,,0.560,,,,,0.325,,4.10,,,,11.88,0.372
"Jul 28, 2021",,4.33,16.26,,,6.85,3.930,0.3480,0.387,,,28.72,1.2500,22.80,0.871,2.79,2.300,3.70,,1.290,,132.000,5.480,1.480,0.926,0.673,9.50,10.660,1.530,3.390,2.97,4.200,6.15,0.660,19.00,26.94,,,,0.530,,4.02,,,4.790,,,,1.770,,,4.960,,2.90,1.60,,,,,,,,,,,3.93,,,,12.58,0.386
"Jul 27, 2021",,4.35,16.26,,,6.77,3.860,0.3500,0.394,,,26.48,1.2500,22.70,0.884,2.80,2.250,3.70,,1.330,,131.000,5.400,1.470,0.935,0.660,9.50,10.720,1.530,3.400,3.30,4.230,6.15,,17.50,26.94,,,,0.521,,4.02,,,4.800,,,,1.800,,,4.990,,2.88,,,,,0.545,,,,,0.320,,,,,0.860,12.48,0.386
"Jul 26, 2021",,4.37,16.30,,,6.80,3.840,0.3440,0.374,,,25.70,1.2400,22.70,0.867,2.80,2.290,3.70,,1.340,,131.800,5.430,1.440,0.987,0.665,9.52,10.740,1.550,3.310,3.39,4.240,6.20,0.697,18.00,25.02,,,,0.540,,3.96,,,4.830,0.8350,,,1.840,,,5.000,,3.08,,,,,0.577,,,,0.654,0.327,,,,,0.860,12.30,0.376
"Jul 25, 2021",,4.33,16.32,,,6.82,3.840,0.3490,0.375,,,25.50,1.2600,22.46,0.850,2.78,2.310,3.70,,1.340,,128.100,5.470,1.430,0.860,0.630,9.52,10.800,1.530,2.880,2.95,4.250,6.16,0.700,17.00,25.02,,,,0.550,,3.89,,,4.200,,,,1.830,,,5.000,,,,,,,,,,,,0.319,,,,,0.860,12.30,
"Jul 24, 2021",,,,,,,,,,,,,,,,,,,,,,,,,,,,,,,,,,,,,,,,,,,,,,,,,,,,,,,,,,,,,,,,,,,,,,,
"Jul 23, 2021",,,,,,,,,,,,,,,,,,,,,,,,,,,,,,,,,,,,,,,,,,,,,,,,,,,,,,,,,,,,,,,,,,,,,,,
"Jul 22, 2021",,,,,,,,,,,,,,,,,,,,,,,,,,,,,,,,,,,,,,,,,,,,,,,,,,,,,,,,,,,,,,,,,,,,,,,
"Jul 21, 2021",,,,,,,,,,,,,,,,,,,,,,,,,,,,,,,,,,,,,,,,,,,,,,,,,,,,,,,,,,,,,,,,,,,,,,,
"Jul 20, 2021",,,,,,,,,,,,,,,,,,,,,,,,,,,,,,,,,,,,,,,,,,,,,,,,,,,,,,,,,,,,,,,,,,,,,,,
"Jul 19, 2021",,,,,,,,,,,,,,,,,,,,,,,,,,,,,,,,,,,,,,,,,,,,,,,,,,,,,,,,,,,,,,,,,,,,,,,
"Jul 18, 2021",,4.31,16.30,,,6.78,3.840,0.3450,0.375,,,24.62,1.2600,22.30,0.829,2.78,2.280,3.71,,1.360,,128.100,5.360,1.420,0.894,0.628,9.50,10.820,1.510,2.930,2.57,4.220,6.14,0.685,17.00,25.02,,,,,,3.90,,,4.210,0.7800,,,1.800,,,4.980,,,,,,,,,,,,0.295,,,,,0.925,12.38,
"Jul 17, 2021",,,,,,,,,,,,,,,,,,,,,,,,,,,,,,,,,,,,,,,,,,,,,,,,,,,,,,,,,,,,,,,,,,,,,,,
"Jul 16, 2021",,,,,,,,,,,,,,,,,,,,,,,,,,,,,,,,,,,,,,,,,,,,,,,,,,,,,,,,,,,,,,,,,,,,,,,
"Jul 15, 2021",,4.32,16.30,,,6.78,3.890,0.3480,0.372,,,24.20,1.3300,22.48,0.820,2.73,2.280,3.79,,1.360,,128.000,5.400,1.430,0.831,0.622,9.50,10.380,1.480,2.890,2.24,4.210,6.17,0.685,17.00,25.02,,,,0.545,,3.90,,,4.140,0.7640,,,1.730,,,,,,,,,,0.570,,,,,0.310,,,,,0.925,12.38,
"Jul 14, 2021",,4.33,16.40,,,6.82,3.840,0.3480,0.369,,,23.60,1.3300,22.50,0.816,,2.280,3.71,,1.360,,128.900,5.450,1.440,0.880,0.624,9.52,10.480,1.480,2.900,1.95,4.190,6.28,0.685,17.00,25.02,,,,0.540,2.16,3.92,,,4.030,,,,1.770,,,4.980,,3.20,,,,,0.570,,,,,0.290,,,,,,12.40,0.376
"Jul 13, 2021",,4.40,16.38,,,6.78,3.870,0.3530,0.362,,,22.58,1.3500,22.58,0.820,,2.330,3.71,,1.370,,126.500,5.490,1.440,0.974,0.630,9.50,10.660,1.480,3.000,1.70,4.200,6.20,0.699,16.98,25.02,,,,0.540,2.40,4.02,,,4.240,0.7900,1.70,,1.800,0.80,,5.020,,,1.75,7.25,,,0.560,,,,,0.301,,,,,,12.40,0.395
"Jul 12, 2021",,4.38,16.34,,,6.81,3.800,0.3400,0.351,,,22.88,1.3500,22.30,0.816,,2.340,3.83,,1.350,,126.300,5.460,1.440,1.050,0.616,9.50,10.540,1.480,3.070,1.48,4.220,6.19,0.700,17.00,25.02,,,,0.550,,3.96,,,4.180,0.7900,1.65,,1.840,,,5.030,,,,,,,,,,,,0.303,3.07,,,,,11.66,0.393
"Jul 11, 2021",,4.34,16.28,,,6.73,3.810,0.3450,0.351,,,22.50,1.3600,22.04,0.821,,2.290,3.76,,1.370,,126.300,5.500,1.450,1.060,0.625,9.78,11.100,1.480,3.110,1.29,,6.32,0.635,16.70,25.02,,,,0.560,,4.00,,,4.200,0.8200,,,1.810,0.85,,5.040,,,1.80,,,,,,,,,0.335,,3.95,,,0.860,11.96,0.376
"Jul 10, 2021",,,,,,,,,,,,,,,,,,,,,,,,,,,,,,,,,,,,,,,,,,,,,,,,,,,,,,,,,,,,,,,,,,,,,,,
"Jul 09, 2021",,,,,,,,,,,,,,,,,,,,,,,,,,,,,,,,,,,,,,,,,,,,,,,,,,,,,,,,,,,,,,,,,,,,,,,
"Jul 08, 2021",,4.38,16.36,,,6.73,3.800,0.3450,0.351,,,20.66,1.3400,22.24,0.817,,2.190,3.76,,1.370,,126.300,5.550,1.440,0.930,0.630,9.60,10.120,1.480,2.710,1.13,4.230,6.12,0.641,16.70,25.02,,,,0.591,2.45,3.96,6.90,,3.750,0.8000,,7.70,1.740,,,4.990,,2.98,,,,0.61,0.560,,,,,0.293,,3.83,,,,11.92,0.377
"Jul 07, 2021",,4.39,16.52,,,6.78,3.810,0.3460,0.351,,,20.60,1.3400,22.08,0.819,,2.240,3.70,,1.360,,126.300,5.430,1.450,0.927,0.630,9.78,8.810,1.490,2.520,,4.210,6.11,0.620,16.40,25.02,,,,0.543,,3.97,,,3.750,0.7690,,,1.740,0.92,,,,3.08,1.76,,,,,,,,,,3.39,,,,0.850,11.96,0.377
"Jul 06, 2021",2.94,4.38,16.60,,,6.81,3.800,0.3480,0.350,,,20.76,1.3500,22.20,0.826,,2.190,3.70,,1.350,,126.000,5.450,1.460,0.935,0.630,9.48,8.810,1.480,2.340,,4.210,6.13,0.673,16.50,25.02,,,,0.545,,3.85,,,3.490,0.8500,,,1.760,,,5.150,,,,,,,0.555,,,,,0.270,,3.95,,,,11.94,
"Jul 05, 2021",,4.39,16.68,,,6.92,3.810,0.3530,0.352,,,20.98,1.3300,22.28,0.816,,2.220,3.70,,1.370,,125.000,5.500,1.420,0.913,0.629,9.40,8.800,1.480,2.040,0.99,4.200,6.07,,,25.02,,,,0.545,2.45,,,,3.150,,,,1.700,0.81,,5.160,,,,,,,,,,,,0.294,,,,,0.920,11.98,0.377
"Jul 04, 2021",2.94,4.39,16.76,,,6.90,3.800,0.3520,0.355,,,18.88,1.3100,22.26,0.826,,2.230,3.71,0.790,1.380,,124.500,5.520,1.400,0.920,0.630,9.84,8.740,1.490,2.000,0.94,4.120,5.90,,15.20,25.02,,,,0.540,,3.85,,,3.120,0.7900,,,1.590,,,5.120,,,1.75,,,,0.569,,,,,0.295,,3.95,,,,11.98,0.385
"Jul 03, 2021",,,,,,,,,,,,,,,,,,,,,,,,,,,,,,,,,,,,,,,,,,,,,,,,,,,,,,,,,,,,,,,,,,,,,,,
"Jul 02, 2021",,,,,,,,,,,,,,,,,,,,,,,,,,,,,,,,,,,,,,,,,,,,,,,,,,,,,,,,,,,,,,,,,,,,,,,
"Jul 01, 2021",,4.34,16.78,,,6.90,3.790,0.3540,0.350,,,17.46,1.3000,22.20,0.835,,2.220,3.78,,1.370,,123.000,5.480,1.390,0.930,0.636,9.88,8.710,1.480,1.900,0.94,4.130,5.75,0.673,,25.02,,,,0.550,,3.91,,,3.090,0.7500,,,1.590,,,5.120,,3.08,,,,,0.580,,,,,0.260,,,,,0.897,12.20,0.386
"Jun 30, 2021",,4.33,16.70,,,6.87,3.820,0.3600,0.353,,,16.96,1.3000,22.00,0.835,,2.220,3.70,,1.390,,119.000,5.480,1.370,0.931,0.635,10.10,8.710,1.480,1.910,,,5.90,0.690,16.00,25.02,,,,0.560,,3.89,,1.790,3.090,0.8300,,7.70,1.630,,,,,,,,,,0.555,,,,,0.288,,,,,0.810,12.24,0.396
"Jun 29, 2021",,4.30,16.38,,,6.90,3.800,0.3600,0.353,,,16.90,1.3200,22.14,0.841,,2.250,3.75,,1.370,,115.000,5.540,1.370,0.930,0.634,9.99,8.780,1.490,1.790,,,5.91,0.735,15.76,25.02,,,,0.560,,3.90,,,3.060,0.8340,,,1.540,,,5.120,,3.20,,,,0.68,,,,,,0.296,,4.10,,,0.800,12.30,
"Jun 28, 2021",,4.27,16.30,,,6.90,3.810,0.3540,0.355,,,16.90,1.3200,22.20,0.839,,2.300,3.70,,1.380,,114.600,5.510,1.380,0.929,0.644,10.10,8.850,1.490,1.700,,4.130,6.16,0.710,,25.02,,,,0.580,,3.93,,,3.100,0.7260,,,1.580,,,5.120,,3.15,,,,,0.560,,,,,0.267,,3.86,,,0.781,11.80,
"Jun 27, 2021",,4.29,16.20,,,6.76,3.850,0.3600,0.356,,,,1.3200,22.22,0.830,,2.300,3.77,,1.380,,110.800,5.510,1.390,0.935,0.635,9.27,9.050,1.480,1.570,,4.170,6.35,0.760,15.76,25.02,,,,0.580,2.31,3.96,,,3.060,,,,1.470,,,5.110,,,,,,,,,,,,,,,,0.38,,12.44,0.382
"Jun 26, 2021",,,,,,,,,,,,,,,,,,,,,,,,,,,,,,,,,,,,,,,,,,,,,,,,,,,,,,,,,,,,,,,,,,,,,,,
"Jun 25, 2021",,,,,,,,,,,,,,,,,,,,,,,,,,,,,,,,,,,,,,,,,,,,,,,,,,,,,,,,,,,,,,,,,,,,,,,
"Jun 24, 2021",,4.23,16.26,,,6.71,3.810,0.3430,0.358,,,,1.3400,22.20,0.820,,2.280,3.70,,1.390,,96.350,5.470,1.400,0.979,0.635,9.70,8.380,1.470,1.660,,,6.58,0.741,15.76,25.02,,,,0.599,,4.00,,,2.900,0.7600,,,1.490,,,5.110,,,1.80,,,,0.579,,,,,,,,,,0.780,12.10,
"Jun 23, 2021",,4.29,16.60,,,6.82,3.830,0.3440,0.362,,,,1.3600,22.10,0.816,,2.290,3.70,,1.400,,97.150,5.630,1.410,1.010,0.644,10.30,8.450,1.470,1.620,,4.210,6.50,0.762,,25.02,,,,0.585,,4.10,,,2.860,,,,1.530,,,5.050,,,,,,,,,,,,0.296,,4.10,,,0.864,11.52,0.396
"Jun 22, 2021",,4.33,16.58,,,6.89,3.820,0.3450,0.362,,,,1.3500,22.22,0.814,,2.300,3.70,0.790,1.400,,97.100,5.580,1.410,1.010,0.643,9.50,8.450,1.470,1.690,0.93,4.260,6.55,0.801,,25.02,,,,0.585,,4.10,,,2.940,,,7.70,1.510,,,5.170,,,,,,,0.580,,,,,,,4.07,,,0.810,12.10,
"Jun 21, 2021",,4.32,16.42,,,6.87,3.810,0.3430,0.358,,,,1.3400,22.18,0.811,,2.300,3.74,,1.400,,96.350,5.580,1.400,1.040,0.640,9.00,8.390,1.470,1.690,,4.280,6.40,0.805,,25.02,,,,0.574,,4.08,,,2.980,0.8000,,,1.530,,,5.210,,,1.75,,,,0.562,,,,,,,4.09,,,0.900,12.06,0.393
"Jun 20, 2021",2.94,4.36,16.62,,,6.94,3.800,0.3470,0.358,,,,1.3400,22.06,0.818,,2.320,3.70,,1.400,,96.400,5.590,1.420,1.050,0.648,9.02,8.350,1.470,1.690,,4.290,6.48,0.791,,25.02,,1.50,,0.590,,4.11,,,3.000,,,,1.540,,,5.330,,,,,,,0.610,,,,,0.299,3.20,,,,,12.04,0.380
"Jun 19, 2021",,,,,,,,,,,,,,,,,,,,,,,,,,,,,,,,,,,,,,,,,,,,,,,,,,,,,,,,,,,,,,,,,,,,,,,
"Jun 18, 2021",,,,,,,,,,,,,,,,,,,,,,,,,,,,,,,,,,,,,,,,,,,,,,,,,,,,,,,,,,,,,,,,,,,,,,,
"Jun 17, 2021",,4.39,16.56,,,6.90,3.800,0.3380,0.364,,,,1.3600,22.18,0.813,,2.340,3.48,,1.410,,96.300,5.600,1.420,1.000,0.649,9.00,8.250,1.470,1.620,,4.300,6.59,0.770,,25.02,,,,,,4.10,,,3.030,0.8000,,,1.550,,1.720,5.490,,,,,,,0.599,,,,,0.289,,4.07,,,0.900,12.02,
"Jun 16, 2021",,4.35,16.90,,,7.09,3.810,0.3390,0.365,,,,1.3800,22.14,0.803,,2.330,3.70,,1.400,,96.600,5.530,1.410,0.875,0.640,9.00,8.300,1.450,1.670,0.93,4.310,6.50,0.798,,25.00,,,,,,4.17,,,2.910,,,,1.600,,,5.680,,,,,,,0.599,,,,,0.282,,3.77,,,,11.90,
"Jun 15, 2021",2.89,4.39,16.90,,,7.47,3.870,0.3470,0.368,,,,1.3200,22.20,0.801,,2.330,3.75,,1.420,,97.200,5.470,1.440,0.889,0.653,9.01,8.330,1.470,1.850,,4.320,6.69,0.800,,25.02,,,,,,4.22,,,3.000,0.8790,,,1.500,,,5.810,,,,,,0.60,0.550,,,,,0.282,,4.10,,0.38,,12.34,0.401
"Jun 14, 2021",,4.40,16.88,,,7.48,3.840,0.3440,0.364,,,,1.3400,22.20,0.804,,2.340,3.70,,1.420,,97.000,5.500,1.430,0.885,0.622,9.10,8.380,1.480,2.050,,4.340,6.73,0.805,,25.00,,,,,,4.30,,,3.090,0.8100,,,1.460,,,5.860,,,,,,,0.590,,,,,0.246,,4.00,,,0.900,13.00,0.382
"Jun 13, 2021",2.90,4.39,16.76,,,7.54,3.860,0.3360,0.360,,,,1.3800,22.14,0.800,,2.340,3.75,,1.410,,96.600,5.500,1.450,0.810,0.592,9.01,8.380,1.460,1.850,0.94,4.330,6.69,0.759,,25.00,,,,,,4.15,,,2.950,0.8100,,7.99,1.440,,,5.120,,,,,,,0.530,,,,,0.260,,3.86,,,0.893,13.30,0.382
"Jun 12, 2021",,,,,,,,,,,,,,,,,,,,,,,,,,,,,,,,,,,,,,,,,,,,,,,,,,,,,,,,,,,,,,,,,,,,,,,
"Jun 11, 2021",,,,,,,,,,,,,,,,,,,,,,,,,,,,,,,,,,,,,,,,,,,,,,,,,,,,,,,,,,,,,,,,,,,,,,,
"Jun 10, 2021",,4.40,16.94,,,7.47,3.810,0.3280,0.358,,,,1.3200,22.04,0.800,,2.380,3.76,,1.430,5.85,97.400,5.580,1.390,0.800,0.589,9.01,8.400,1.460,1.610,0.94,4.330,6.80,0.741,,25.00,,,,,,4.15,,,2.570,0.8990,,,1.420,,,4.900,,,,,,,0.535,,,,,0.267,,,,,,14.12,
"Jun 09, 2021",,4.42,16.92,,,7.50,3.810,0.3330,0.362,,,,1.2200,22.12,0.794,,2.350,3.78,0.790,1.370,,97.000,5.590,1.380,,0.592,9.00,8.430,1.460,1.400,,4.330,6.90,0.759,,25.00,,,,,,4.10,6.68,,2.720,0.9980,,6.95,1.440,,,4.790,,3.50,1.91,,,,0.518,,,,,0.268,,,,,,13.00,0.385
"Jun 08, 2021",2.90,4.36,16.90,,,7.27,3.790,0.3350,0.360,,,,1.2200,22.10,0.799,,2.240,3.77,,1.350,,96.250,5.570,1.380,0.820,0.579,8.99,8.430,1.460,1.220,0.94,4.320,6.83,,,25.00,,,,,,3.57,,,2.750,0.8790,1.71,,1.440,,,4.790,,,1.92,,,,0.486,,,,,0.272,,3.92,,,,13.00,0.381
"Jun 07, 2021",2.90,4.36,16.90,,,7.05,3.760,0.3310,0.358,,,,1.2300,22.00,0.801,,2.100,3.70,,1.350,,96.750,5.450,1.380,,0.559,8.51,8.400,1.450,1.190,,4.330,6.93,0.660,15.76,24.38,,,,,,3.58,,,2.670,,,,1.450,0.90,,4.790,,,,,,,0.533,,,31.20,,0.253,,3.90,,,,13.00,0.384
"Jun 06, 2021",,4.35,16.86,,,7.02,3.750,0.3270,0.355,0.9200,,,1.2500,21.90,0.803,,2.120,3.76,,1.340,,96.200,5.410,1.380,0.815,0.553,8.92,8.600,1.440,1.110,,4.360,6.95,0.600,,24.98,,,,,,3.60,,,2.760,,,,1.430,,,4.790,,3.27,,,,,0.547,,,,,0.279,,,,,,13.50,0.382
"Jun 05, 2021",,,,,,,,,,,,,,,,,,,,,,,,,,,,,,,,,,,,,,,,,,,,,,,,,,,,,,,,,,,,,,,,,,,,,,,
"Jun 04, 2021",,,,,,,,,,,,,,,,,,,,,,,,,,,,,,,,,,,,,,,,,,,,,,,,,,,,,,,,,,,,,,,,,,,,,,,
"Jun 03, 2021",2.90,4.32,16.92,,,6.95,3.680,0.3280,0.352,,,,1.2500,21.74,0.809,,2.090,3.76,,1.350,,95.950,5.450,1.340,0.811,0.550,8.92,8.740,1.430,0.970,,4.370,6.86,0.615,,25.00,,,,,,3.54,,,2.800,,,,1.450,,,4.790,,,,,,0.63,0.514,3.500,,,,0.282,,,,,,13.30,0.381
"Jun 02, 2021",,4.33,16.98,,,6.93,3.690,0.3300,0.352,,,,1.2700,21.92,0.804,,2.110,3.85,,1.370,,95.500,5.520,1.360,0.819,0.552,9.00,8.750,1.430,0.958,,4.340,6.89,0.620,,25.00,,,,,,3.50,,,2.850,0.7650,,,1.430,,,4.790,,3.27,1.90,,,,0.571,3.060,,,,0.289,,3.84,0.700,,,13.50,0.384
"Jun 01, 2021",,4.39,16.90,,,6.87,3.700,0.3320,0.356,,,,1.2900,21.88,0.806,,2.080,3.73,0.790,1.360,,95.100,5.520,1.320,0.819,0.555,9.00,8.730,1.440,0.945,,4.470,6.90,0.545,,26.00,,,,,,3.60,,,2.800,,,6.95,1.460,0.78,,4.820,,3.30,,8.05,,,0.634,,225.40,,,0.269,,,,,,13.50,0.395
"May 31, 2021",2.90,3.99,16.86,,,6.79,3.650,0.3260,0.351,,,,1.2800,21.66,0.785,,2.100,,,1.350,,95.000,5.540,1.310,,0.558,8.52,8.650,1.420,0.892,,4.420,6.84,0.603,,,,,,,,3.75,,,2.880,0.7650,,,1.460,,,4.790,,,,,,,0.704,,,,,0.273,,3.87,,,,13.50,0.376
"May 30, 2021",2.90,4.09,16.34,,,6.84,3.710,0.3300,0.352,,,,1.3100,21.80,0.800,,2.100,,,1.360,,95.000,5.480,1.310,0.829,0.570,8.60,9.000,1.450,0.870,,4.450,6.91,0.670,,25.88,1.20,,,,,4.00,,,2.800,0.8500,1.49,,1.470,,,4.780,,,,,,0.60,0.782,,,,,0.274,,3.80,,,,14.06,0.378
"May 29, 2021",,,,,,,,,,,,,,,,,,,,,,,,,,,,,,,,,,,,,,,,,,,,,,,,,,,,,,,,,,,,,,,,,,,,,,,
"May 28, 2021",,,,,,,,,,,,,,,,,,,,,,,,,,,,,,,,,,,,,,,,,,,,,,,,,,,,,,,,,,,,,,,,,,,,,,,
"May 27, 2021",2.90,4.45,16.58,,,6.80,3.700,0.3310,0.358,,,,1.3300,21.64,0.814,,2.150,,,1.360,,94.200,5.650,1.320,0.820,0.558,9.00,8.330,1.420,0.880,,4.500,7.19,0.620,15.50,25.88,,,,,,3.70,,,2.880,0.8400,1.30,,1.460,,,4.790,,2.87,,7.00,,,0.868,,,,,0.252,,,,,,14.08,0.378
"May 26, 2021",,4.85,16.46,,,6.77,3.720,0.3370,0.360,,,,1.3500,21.92,0.810,,2.070,,,1.380,,94.500,5.600,1.350,,0.564,9.00,7.900,1.400,0.895,0.93,4.490,7.20,0.630,,25.88,,,,,2.01,3.55,,1.560,2.870,0.8490,,,1.460,,,4.800,,2.50,,7.00,,0.54,0.964,,,,,0.280,,,,,,14.08,0.377
"May 25, 2021",,4.90,16.90,,,6.75,3.710,0.3370,0.361,,,,1.3200,22.16,0.802,,2.060,,,1.370,,94.000,5.480,1.370,0.819,0.568,9.26,7.580,1.410,0.891,,4.440,7.21,0.640,,25.90,,1.31,,,,3.55,,,2.800,0.8300,1.44,,1.490,0.80,,4.790,,,,7.00,,,1.070,,,,,0.303,,3.80,,,,14.08,0.381
"May 24, 2021",,4.93,17.00,,,6.56,3.690,0.3490,0.365,,,,1.3200,22.00,0.800,,1.990,,,1.390,,94.000,5.370,1.390,0.811,0.570,9.28,6.950,1.400,0.870,0.90,4.420,7.26,0.620,,25.90,,,,,,3.09,,1.700,2.860,,,,1.490,,,4.790,,,,7.00,,0.60,1.080,3.400,,,,0.264,,,,,,14.18,0.386
"May 23, 2021",,4.93,16.52,,,6.55,3.630,0.3400,0.357,,,,1.3100,22.04,0.800,,1.990,,,1.400,,94.200,5.450,1.380,0.832,0.586,9.06,6.920,1.410,0.860,,4.350,7.20,0.630,,26.00,,,,,,3.07,,,2.880,,1.60,,1.490,0.76,,4.800,,,,7.00,,,1.200,,,,,0.230,,,,,0.977,14.28,0.404
"May 22, 2021",,,,,,,,,,,,,,,,,,,,,,,,,,,,,,,,,,,,,,,,,,,,,,,,,,,,,,,,,,,,,,,,,,,,,,,
"May 21, 2021",,,,,,,,,,,,,,,,,,,,,,,,,,,,,,,,,,,,,,,,,,,,,,,,,,,,,,,,,,,,,,,,,,,,,,,
"May 20, 2021",,4.84,16.42,,,6.55,3.590,0.3290,0.358,,,,1.3000,22.04,0.803,,1.990,,,1.390,,94.000,5.460,1.340,0.835,0.590,9.04,6.930,1.400,0.834,,4.390,6.97,0.699,,25.98,1.10,,,,,2.97,,,2.960,0.8500,,,1.500,,,4.780,0.80,,,6.20,,,,,,,,0.245,,3.80,,,,14.32,0.380
"May 19, 2021",,4.81,16.60,,,6.37,3.550,0.3330,0.358,,,,1.2900,21.96,0.810,,1.960,,,1.410,,94.000,5.400,1.300,0.820,0.594,9.42,6.940,1.370,0.820,,4.360,6.89,0.616,15.76,25.98,,,1.32,,,2.91,,,2.690,0.8700,,,1.500,,,4.820,,,,,,0.55,,,,,,,,3.82,,,0.850,14.32,0.387
"May 18, 2021",,4.82,16.48,,,6.38,3.540,0.3350,0.357,,,,1.3200,22.14,0.812,,2.060,,,1.410,5.85,95.400,5.430,1.330,0.839,0.597,9.00,6.870,1.390,0.815,0.95,4.340,6.95,0.684,,25.80,,,1.47,,,2.90,,,2.340,,,6.35,1.510,,1.800,4.780,,,,,4.48,,,,,31.20,,0.217,3.36,3.82,,,0.819,14.40,0.390
"May 17, 2021",2.90,4.83,16.26,,,6.36,3.550,0.3350,0.350,,,,1.3800,21.88,0.810,,2.040,,,1.390,,95.500,5.370,1.280,0.813,0.593,9.45,6.950,1.400,0.850,,4.300,6.60,,,26.50,,,,,,2.90,6.94,,2.040,,,6.50,1.540,,,4.770,,,2.02,,,,1.330,,,,,,,3.82,,,,13.00,0.369
"May 16, 2021",,4.90,16.06,,,6.35,3.570,0.3300,0.347,,,,1.2000,21.88,0.778,,1.910,,,1.360,,95.000,5.150,1.270,0.800,0.580,8.50,6.990,1.400,0.829,,4.240,6.40,,14.50,24.00,,,,,,2.72,,,2.040,,,6.80,1.550,,,4.800,,,,6.25,,0.56,1.190,,,,,,,,,,0.910,13.00,0.351
"May 15, 2021",,,,,,,,,,,,,,,,,,,,,,,,,,,,,,,,,,,,,,,,,,,,,,,,,,,,,,,,,,,,,,,,,,,,,,,
"May 14, 2021",,,,,,,,,,,,,,,,,,,,,,,,,,,,,,,,,,,,,,,,,,,,,,,,,,,,,,,,,,,,,,,,,,,,,,,
"May 13, 2021",,,,,,,,,,,,,,,,,,,,,,,,,,,,,,,,,,,,,,,,,,,,,,,,,,,,,,,,,,,,,,,,,,,,,,,
"May 12, 2021",,,,,,,,,,,,,,,,,,,,,,,,,,,,,,,,,,,,,,,,,,,,,,,,,,,,,,,,,,,,,,,,,,,,,,,
"May 11, 2021",,,,,,,,,,,,,,,,,,,,,,,,,,,,,,,,,,,,,,,,,,,,,,,,,,,,,,,,,,,,,,,,,,,,,,,
"May 10, 2021",,4.88,14.58,,,6.25,3.570,0.3260,0.349,,,,1.0500,21.56,0.789,,1.940,,,1.360,,97.500,5.060,1.250,,0.560,8.80,7.010,1.380,0.760,,4.350,6.35,,,20.90,,,,0.532,,2.74,,,2.020,0.8000,,,1.560,,,4.780,,2.36,,,,,,,,,,0.229,,,,,0.900,12.98,0.366
"May 09, 2021",,4.75,14.70,,,6.26,3.600,0.3180,0.348,,,,0.9170,21.56,0.786,,1.920,,,1.380,,97.400,5.040,1.260,0.839,0.560,8.95,7.010,1.370,0.715,0.90,4.410,6.29,,,19.00,,,,0.535,,,,,2.000,0.7500,,,1.580,,,4.800,,,,,,,,,,,,0.200,,3.63,,,,13.00,0.351
"May 08, 2021",,,,,,,,,,,,,,,,,,,,,,,,,,,,,,,,,,,,,,,,,,,,,,,,,,,,,,,,,,,,,,,,,,,,,,,
"May 07, 2021",,,,,,,,,,,,,,,,,,,,,,,,,,,,,,,,,,,,,,,,,,,,,,,,,,,,,,,,,,,,,,,,,,,,,,,
"May 06, 2021",,4.74,14.54,,,6.24,3.560,0.3170,0.344,,,,0.7980,21.46,0.775,,1.930,,,1.370,,94.000,5.030,1.210,0.800,0.558,9.00,7.040,1.360,0.705,,4.400,6.30,,,20.00,,,,0.544,,,,,1.990,0.7500,,,1.540,0.85,,4.820,,,,6.30,,,,,,,,0.176,,,,,,13.00,0.350
"May 05, 2021",2.90,4.63,14.58,,,6.20,3.540,0.3190,0.347,,,,0.8080,21.30,0.820,,1.950,,,1.380,,91.000,4.970,1.200,0.810,0.562,9.00,7.050,1.360,0.701,,4.450,6.35,,,20.00,,,,,,,,,1.990,0.7490,1.77,,1.540,,,4.770,,2.36,,,,,,,,,,0.195,,,,,,13.00,
"May 04, 2021",,4.60,14.58,,,6.22,3.520,0.3180,0.347,,,,0.8000,21.40,0.814,,1.950,,,1.370,,91.000,4.980,,0.795,0.563,9.01,7.040,1.350,0.708,,,6.40,0.760,,19.90,,,,0.535,,2.62,,,2.000,0.7090,,,1.550,,,4.790,,,,,,,,,,,,0.216,,,,,,13.02,0.347
"May 03, 2021",2.90,4.55,14.38,,,6.25,3.540,0.3170,0.346,,0.747,,0.8000,21.50,0.823,,1.880,,,1.360,,91.000,4.960,1.150,0.848,0.552,9.05,7.030,1.360,0.708,,4.480,6.25,,,19.60,,,,0.535,,2.62,,,2.010,,,,1.590,,,4.770,,2.31,,,,,,,,,,,,,,,,13.40,
"May 02, 2021",,4.57,14.36,,,6.24,3.500,0.3100,0.344,,,,0.7910,21.38,0.830,,1.890,,,1.360,,90.900,4.820,1.150,0.849,0.550,10.00,,1.360,0.712,,4.550,6.21,,,20.00,,,,,,2.63,,,2.040,,1.77,,1.600,,,4.790,,2.21,,,,,,,,,,,,,,,1.000,13.40,0.348
"May 01, 2021",,,,,,,,,,,,,,,,,,,,,,,,,,,,,,,,,,,,,,,,,,,,,,,,,,,,,,,,,,,,,,,,,,,,,,,
"Apr 30, 2021",,,,,,,,,,,,,,,,,,,,,,,,,,,,,,,,,,,,,,,,,,,,,,,,,,,,,,,,,,,,,,,,,,,,,,,
"Apr 29, 2021",2.90,4.53,14.24,,,6.27,3.510,0.3120,,,,,0.8140,21.18,0.827,,1.900,,,1.360,,90.700,4.830,1.160,0.848,0.537,10.00,,1.370,0.710,,4.560,6.30,,,20.00,,,,,,2.63,,,,,,,1.590,,,4.790,,2.30,,,,,,,,,,,,,,,0.900,13.60,0.350
"Apr 28, 2021",,4.52,14.38,,,6.28,3.580,0.3150,0.343,,,,0.8000,21.30,0.812,,1.800,,,1.380,,91.000,4.890,1.160,,0.535,9.99,7.080,1.370,0.710,,,6.43,,,22.00,,,,,,2.60,,,2.000,,,,1.550,,1.800,,,,,,,,,3.160,,,,0.208,,,,,,13.02,
"Apr 27, 2021",,4.55,14.56,,,6.28,3.590,0.3150,0.343,0.9000,,,0.8000,21.44,0.815,,1.830,,,1.370,,91.000,4.870,1.170,0.770,0.538,10.00,7.150,1.360,0.718,,,6.45,,15.76,22.00,,,,,,2.55,,,2.000,0.7500,,,1.580,,,4.800,,2.30,,,,,,,,,,,,,,,,13.02,
"Apr 26, 2021",,4.56,14.60,,,6.34,3.620,0.3250,0.345,0.9000,,,0.7890,21.72,0.810,,1.790,,,1.370,,91.000,4.910,1.160,0.776,0.540,10.00,7.000,1.340,0.700,,4.520,6.45,,,22.00,,,,,,2.53,,,2.000,,,,1.500,0.87,,4.840,,,,,,,,2.750,,,,0.231,,,,,,13.02,
"Apr 25, 2021",,4.58,14.50,,,6.20,3.620,0.3250,0.350,,,,0.8000,21.58,0.804,,1.810,,,1.380,,91.000,4.890,1.160,0.761,0.548,10.00,6.990,1.330,0.700,1.00,4.520,6.47,,14.40,22.00,,,,,2.23,,,,2.010,,,,1.510,0.86,,4.880,,,,,,,,,,,,,,,,,0.850,13.02,0.351
"Apr 24, 2021",,,,,,,,,,,,,,,,,,,,,,,,,,,,,,,,,,,,,,,,,,,,,,,,,,,,,,,,,,,,,,,,,,,,,,,
"Apr 23, 2021",,,,,,,,,,,,,,,,,,,,,,,,,,,,,,,,,,,,,,,,,,,,,,,,,,,,,,,,,,,,,,,,,,,,,,,
"Apr 22, 2021",,4.56,14.46,,,6.20,3.630,0.3280,,,,,0.8150,21.36,0.804,,1.720,,,1.390,,91.500,4.920,1.170,0.750,0.546,10.00,7.000,1.340,0.670,1.00,,6.48,,14.40,23.38,1.20,,,,,2.53,,,2.030,0.7000,,,1.530,,,4.890,,2.18,,,,,,,,,,,,,,,,13.00,0.347
"Apr 21, 2021",,4.50,14.26,,,6.18,3.650,0.3260,0.343,,,,0.8200,21.24,0.812,,1.700,,,1.390,,91.500,4.860,1.170,0.750,0.539,10.02,6.990,1.360,0.680,1.00,4.520,6.50,,15.00,23.48,,,,,,2.53,,,2.000,0.7020,,7.55,1.500,0.75,,4.880,,,,,,,,,,,,,,,,,,13.40,0.348
"Apr 20, 2021",2.90,4.45,14.56,,,6.24,3.660,0.3300,0.345,,,,0.8100,21.72,0.829,,1.700,,,1.370,,92.900,4.970,1.180,0.750,0.538,10.00,6.990,1.360,0.690,,4.510,6.55,,15.00,21.00,,,,,,2.55,,,2.060,,,,,0.82,,4.880,,,,7.00,,,,,,,,,,,0.724,0.38,0.820,13.40,0.386
"Apr 19, 2021",,4.45,14.46,,,6.24,3.650,0.3340,0.350,,,,0.8050,21.64,0.834,,1.710,,,1.380,,89.500,4.950,1.150,0.788,0.533,10.12,6.980,1.360,,,4.530,6.50,,,20.70,,,,,,2.53,,,2.070,,1.54,,1.520,0.90,,,,,,,,,,,,,,,,3.90,,,0.820,13.60,
"Apr 18, 2021",,4.45,14.46,,,6.25,3.640,0.3250,0.348,,,,0.8150,21.92,0.838,,1.700,,,1.380,,90.200,4.920,1.160,,0.527,10.12,6.960,1.340,0.690,,4.540,6.45,0.700,,22.98,,,1.61,,,2.45,,,2.040,,,,1.520,,,4.800,0.85,2.00,,6.50,,,1.320,,,,,,,4.00,,,0.820,14.00,
"Apr 17, 2021",,,,,,,,,,,,,,,,,,,,,,,,,,,,,,,,,,,,,,,,,,,,,,,,,,,,,,,,,,,,,,,,,,,,,,,
"Apr 16, 2021",,,,,,,,,,,,,,,,,,,,,,,,,,,,,,,,,,,,,,,,,,,,,,,,,,,,,,,,,,,,,,,,,,,,,,,
"Apr 15, 2021",,4.46,14.56,,,6.27,3.640,0.3120,0.345,,,,0.8100,21.90,0.819,,1.700,,,1.370,,90.000,4.960,1.160,0.800,0.509,10.12,6.930,1.320,0.680,,4.550,6.51,,,22.98,,,,,,,,,2.070,,,,1.450,,,4.770,,,,6.50,,0.62,,3.050,,,,0.225,,,,,0.750,14.04,
"Apr 14, 2021",2.90,4.44,14.26,,,6.21,3.600,0.3060,0.350,0.9000,,,0.8000,21.78,0.806,,1.700,,,1.370,,86.500,4.930,,0.803,0.508,10.12,6.940,1.320,0.700,,4.560,6.53,0.700,,23.46,,,1.95,,,2.45,,,2.030,,,,,,,4.720,,,,,,0.68,,,,,,0.233,,3.90,,,0.660,14.02,
"Apr 13, 2021",,4.42,14.16,,,6.15,3.590,0.2990,0.349,,,,0.7940,21.78,0.813,,1.700,,,1.390,,86.500,4.900,1.170,,0.508,10.10,6.940,1.320,0.700,,4.490,6.55,,,23.48,,,,,,,,,2.060,,,,,,,4.700,,,,6.10,,,,,,,,,,,0.630,0.34,,14.04,
"Apr 12, 2021",,4.40,14.48,,,6.15,3.630,0.3020,0.348,,,,0.7900,21.90,0.816,,1.750,,,1.370,,86.850,5.160,1.170,0.813,0.514,10.24,6.940,1.330,0.690,,4.580,6.51,,,23.00,,,,,,2.42,,,2.060,0.7790,,,1.400,0.97,,4.680,,,,5.90,,,,3.380,,,,0.233,,3.90,,,,14.00,
"Apr 11, 2021",2.90,4.39,14.40,,,6.08,3.640,0.3070,0.355,,0.830,,0.8000,21.76,0.804,,1.620,,,1.380,,87.200,5.120,1.170,0.817,0.499,10.30,6.980,1.320,0.700,,4.600,6.54,0.690,,23.40,,,,,,2.45,,,2.060,0.7790,,,1.470,1.00,1.800,,,,,,,,,,,,,,,,0.700,,,14.40,
"Apr 10, 2021",,,,,,,,,,,,,,,,,,,,,,,,,,,,,,,,,,,,,,,,,,,,,,,,,,,,,,,,,,,,,,,,,,,,,,,
"Apr 09, 2021",,,,,,,,,,,,,,,,,,,,,,,,,,,,,,,,,,,,,,,,,,,,,,,,,,,,,,,,,,,,,,,,,,,,,,,
"Apr 08, 2021",2.90,4.40,14.38,,,6.07,3.630,0.3080,0.335,,,,0.7960,21.60,0.800,,1.650,,,1.360,,87.500,5.060,1.180,0.808,0.499,10.52,7.000,1.320,,,4.580,6.58,,15.00,23.40,,,,,,2.48,,,2.060,,,,1.590,,,4.650,,,,,,,,,,,,,,,,,,14.00,
"Apr 07, 2021",,4.45,14.26,,,6.04,3.630,0.3080,0.335,,,,0.8300,21.60,0.804,,1.720,,,1.360,,86.150,5.050,1.180,0.790,0.500,10.90,6.850,1.310,0.700,0.95,4.580,6.66,,,23.30,,,,,,2.50,6.94,,2.050,,1.54,,1.610,0.90,,4.650,,,,6.50,,,,,,,,,,,,,,14.00,
"Apr 06, 2021",,4.45,14.48,,,6.06,3.670,0.3150,0.338,,,,0.8450,21.94,0.810,,1.770,,,1.360,,84.500,5.100,1.170,0.780,0.505,10.30,6.900,1.320,0.700,,4.460,6.73,,,23.50,,,,,,2.45,6.85,,2.150,,,,1.630,0.94,,4.650,,,,,,,,,,,,,,,,,,14.04,
"Apr 05, 2021",,4.46,14.54,,,6.10,3.700,0.3160,0.337,,,,0.7800,22.00,0.810,,1.780,,,1.380,,74.900,5.080,1.170,0.782,0.520,10.20,6.950,1.320,,,4.470,6.57,0.663,,23.50,,,,,1.94,2.48,,,2.150,,,,1.620,0.93,,4.750,,,,6.00,,,,,,,,,,,,,,14.00,
"Apr 04, 2021",2.90,4.48,14.56,,,6.10,3.710,0.3250,0.338,,,,0.7970,22.10,0.808,,1.790,,,1.390,,66.400,5.020,1.170,0.808,0.524,10.00,7.150,1.320,0.710,,4.480,6.53,,,23.50,,,,,,2.50,,,2.200,0.7890,,,1.560,0.95,,4.770,,,,,,,,,,,,,,,,,,14.02,
"Apr 03, 2021",,,,,,,,,,,,,,,,,,,,,,,,,,,,,,,,,,,,,,,,,,,,,,,,,,,,,,,,,,,,,,,,,,,,,,,
"Apr 02, 2021",,,,,,,,,,,,,,,,,,,,,,,,,,,,,,,,,,,,,,,,,,,,,,,,,,,,,,,,,,,,,,,,,,,,,,,
"Apr 01, 2021",2.90,4.49,14.60,,,6.10,3.710,0.3300,0.347,,,,0.7690,22.06,0.808,,1.780,,,1.390,,64.800,4.940,1.160,0.835,0.533,10.04,7.390,1.310,0.701,,4.350,6.50,,15.00,23.50,,,,0.554,,2.55,,,2.230,0.7500,,7.55,1.660,1.02,,4.850,,2.00,,,,,,,,,,,,,,,,14.14,
"Mar 31, 2021",2.90,4.49,14.60,,,6.19,3.760,0.3390,0.349,,,,0.7330,21.64,0.795,,1.780,,,1.400,,63.800,4.880,1.220,0.850,0.525,10.00,7.100,1.330,0.702,,4.350,6.47,0.736,15.00,22.30,,,,0.566,,2.54,,,2.200,,,7.50,1.620,0.95,,4.830,,,,6.10,,,,,,,,,,4.00,,,,14.98,0.404
"Mar 30, 2021",2.90,4.53,14.60,,,6.27,3.790,0.3390,0.352,,,,0.7300,21.60,0.809,,,,,1.410,,63.100,4.900,1.250,,0.532,10.00,6.990,1.310,0.700,,4.350,6.49,,15.00,22.52,,,,0.566,,2.49,,,2.120,,,,1.630,0.87,,4.850,,,,6.00,,0.68,,,,,,,,3.70,,,,14.98,0.405
"Mar 29, 2021",2.90,4.54,14.42,,,6.21,3.720,0.3460,0.353,,,,0.7690,21.00,0.790,,1.770,,,1.370,,61.500,4.880,1.240,,0.534,10.00,7.200,,0.701,,4.320,6.49,,15.00,22.52,,1.31,,0.577,,,,,2.100,,,,1.430,0.87,,5.150,,,,,,,,,,,,,,,,,,15.00,0.383
"Mar 28, 2021",,4.38,14.40,,,6.18,3.710,0.3510,0.350,,,,0.7020,20.50,0.781,,1.760,,,1.360,,59.550,4.850,1.220,,0.530,10.04,7.500,1.300,,,4.050,6.47,,,22.50,,1.31,,0.563,,,,,2.070,0.6900,,,1.250,,,5.500,,,,6.00,,,,,,,,,,4.00,,,,15.96,0.391
"Mar 27, 2021",,,,,,,,,,,,,,,,,,,,,,,,,,,,,,,,,,,,,,,,,,,,,,,,,,,,,,,,,,,,,,,,,,,,,,,
"Mar 26, 2021",,,,,,,,,,,,,,,,,,,,,,,,,,,,,,,,,,,,,,,,,,,,,,,,,,,,,,,,,,,,,,,,,,,,,,,
"Mar 25, 2021",,4.30,14.58,,,6.19,3.670,0.3500,0.349,,,,0.7790,20.80,0.765,,1.750,,,1.380,,52.000,4.870,1.200,,0.532,10.36,,1.300,,,4.440,6.49,,,23.00,,,,0.554,,,,,2.070,,,,,0.91,,5.200,,,,,,0.68,,,,,,,,4.00,,,,15.98,
"Mar 24, 2021",,4.35,14.56,,,6.09,3.680,0.3490,0.354,,,,0.7420,21.38,0.752,,1.760,,,1.380,5.85,50.750,4.870,,0.845,0.527,10.40,6.900,1.310,,1.00,4.390,6.48,,15.00,,,,,0.563,,,,,2.090,0.7660,,,,,,5.160,,,,5.75,,,,,,,,,3.36,,0.700,,,16.00,0.394
"Mar 23, 2021",2.90,4.39,14.60,,,6.17,3.690,0.3540,0.354,,,,0.7940,21.00,0.755,,1.790,,,1.380,,50.600,4.860,1.180,0.855,0.530,10.00,6.900,1.310,,0.95,4.390,6.49,,,23.00,,,,0.572,,,,,2.050,,,,1.220,,1.800,5.160,,,,6.30,,,,,,,,,,4.00,0.700,,,16.38,0.381
"Mar 22, 2021",,4.35,14.64,,,6.18,3.720,0.3450,0.352,,,,0.7930,21.00,0.750,,1.780,,,1.390,,50.000,4.840,1.200,0.855,0.532,10.46,6.950,1.310,0.700,,4.370,6.50,,,23.88,,,,0.581,,,,,2.010,,,,1.240,0.90,,,,,,,,,,,,,,,,,,,,16.38,0.380
"Mar 21, 2021",,4.35,14.62,,,6.13,3.690,0.3450,0.352,,,,0.7850,20.92,0.771,,1.800,,,1.380,,50.000,4.870,1.180,0.855,0.536,10.24,6.900,1.310,0.700,,4.370,6.53,0.735,,24.00,1.26,,,0.584,,,,,2.020,0.6750,,,1.250,0.89,,5.180,,,,,,,,,,,,0.258,,3.80,,,,16.48,0.386
"Mar 20, 2021",,,,,,,,,,,,,,,,,,,,,,,,,,,,,,,,,,,,,,,,,,,,,,,,,,,,,,,,,,,,,,,,,,,,,,,
"Mar 19, 2021",,,,,,,,,,,,,,,,,,,,,,,,,,,,,,,,,,,,,,,,,,,,,,,,,,,,,,,,,,,,,,,,,,,,,,,
"Mar 18, 2021",,4.33,14.70,,,6.18,3.700,0.3550,0.351,,,,0.7950,20.90,0.779,,1.800,,,1.380,,50.050,4.890,1.200,0.850,0.524,10.16,7.000,1.330,0.724,1.00,4.300,6.50,0.666,15.00,24.00,,,,0.573,2.15,,,,2.020,,,,1.240,0.90,,5.170,,,,,,0.65,,,,,,,,,,,,16.48,0.405
"Mar 17, 2021",,4.31,14.68,,,6.21,3.740,0.3530,0.355,,,,0.7660,21.14,0.780,,1.790,,,1.390,,49.500,4.900,1.190,0.811,0.530,10.20,6.820,1.320,0.706,,4.400,6.42,,,23.86,1.26,,,0.573,,,,,1.970,,,7.56,,0.85,,5.140,,,,6.00,,,,,,33.00,,0.228,,3.65,,,0.720,16.16,0.381
"Mar 16, 2021",,4.32,14.70,,,6.29,3.740,0.3530,0.370,,,,0.7960,20.94,0.780,,1.820,,,1.390,,49.500,4.890,1.190,0.840,0.526,10.02,6.810,1.330,0.710,,4.500,6.59,,,23.88,,,,0.598,,2.48,,,2.040,,,,1.260,0.77,,5.140,,,,5.75,,,,,,,,,,,,,,16.28,0.381
"Mar 15, 2021",,4.30,14.60,,,6.30,3.710,0.3460,0.358,,,,0.7900,20.64,0.780,,1.820,,,1.380,,49.000,4.860,1.200,0.867,0.536,10.06,6.880,1.340,0.720,,4.540,6.59,,,23.96,,,,0.584,,,,,2.010,,,,1.300,,,5.150,,,,,,,,,,,,0.200,,,,,,16.40,0.379
"Mar 14, 2021",,4.30,14.48,,,6.32,3.730,0.3350,0.352,,,,0.7900,20.56,0.786,,1.800,,,1.370,,49.000,4.790,1.200,0.860,0.539,10.00,6.700,1.330,,,4.550,6.60,0.740,,23.96,,1.25,,0.578,,,,,2.040,,,,1.220,,,5.190,,,,,,,,,,,,0.208,,3.89,,,,16.48,
"Mar 13, 2021",,,,,,,,,,,,,,,,,,,,,,,,,,,,,,,,,,,,,,,,,,,,,,,,,,,,,,,,,,,,,,,,,,,,,,,
"Mar 12, 2021",,,,,,,,,,,,,,,,,,,,,,,,,,,,,,,,,,,,,,,,,,,,,,,,,,,,,,,,,,,,,,,,,,,,,,,
"Mar 11, 2021",,4.22,14.34,,,6.19,3.650,0.3300,0.348,,,,0.7850,20.54,0.785,,1.800,,,1.380,,49.000,4.740,1.180,0.879,0.520,10.00,6.620,1.330,0.705,,4.340,6.50,,,24.00,,1.35,,0.585,,2.49,,,2.050,,1.70,,1.300,0.85,,5.180,,,,5.50,,,,,,,,0.182,,,,0.34,,16.48,0.393
"Mar 10, 2021",2.90,4.18,14.22,,,6.17,3.670,0.3310,0.351,,0.885,,0.7850,20.48,0.727,,1.770,,,1.390,,49.000,4.730,1.170,0.875,0.519,10.22,6.600,1.330,0.720,,4.250,6.50,,,24.40,,,,0.592,,2.47,,,2.010,,,,1.300,0.85,,,,1.92,,5.50,,,,,,,,0.161,,3.70,,,,16.50,0.396
"Mar 09, 2021",,4.20,14.20,,,6.17,3.650,0.3290,0.348,,,,0.7840,20.32,0.721,,1.770,,,1.370,,48.000,4.770,1.170,0.820,0.525,10.02,6.560,1.350,,,4.380,6.49,,,24.50,,1.18,,0.592,,2.47,,,2.190,,,,1.260,0.86,,5.160,,,,,,,,,,,,0.178,,,,,,16.60,
"Mar 08, 2021",,4.24,14.92,,,6.12,3.660,0.3240,0.350,,,,0.7660,20.30,0.719,,1.790,,,1.380,6.50,48.000,4.740,1.170,,0.520,10.50,6.550,1.350,0.720,,4.390,6.50,,14.22,24.62,,,,0.589,,2.49,,,2.200,,,,1.320,,,,,,2.24,5.52,,,,,,,,0.197,,3.70,,,,16.60,0.396
"Mar 07, 2021",,4.23,14.90,,,6.22,3.700,0.3270,0.355,,,,0.7950,20.16,0.730,,1.820,,,1.400,,48.000,4.810,1.180,,0.530,10.60,6.550,1.340,0.711,,,6.65,,,24.52,,,,,,,,,2.260,,,8.39,1.220,,,5.200,,,,,,,,,,,,,,,,,,16.50,0.391
"Mar 06, 2021",,,,,,,,,,,,,,,,,,,,,,,,,,,,,,,,,,,,,,,,,,,,,,,,,,,,,,,,,,,,,,,,,,,,,,,
"Mar 05, 2021",,,,,,,,,,,,,,,,,,,,,,,,,,,,,,,,,,,,,,,,,,,,,,,,,,,,,,,,,,,,,,,,,,,,,,,
"Mar 04, 2021",,4.29,14.92,,,6.21,3.700,0.3200,0.353,,0.779,,0.7700,20.16,0.710,,1.830,,,1.400,,48.000,4.810,1.160,0.845,0.535,10.60,6.600,1.350,0.720,,4.400,6.58,,,24.50,,,,0.598,2.00,2.48,,,2.350,0.6750,,,1.350,,,5.090,,,2.24,5.50,,,,,,,,,,3.75,,,,16.50,0.401
"Mar 03, 2021",,4.37,14.82,,,6.24,3.740,0.2990,0.352,,0.678,,0.7650,20.36,0.709,,1.810,,,1.390,,48.000,4.880,1.220,0.830,0.560,10.60,6.500,1.340,0.730,,4.450,6.39,,,24.54,,,,,2.00,2.46,,,2.350,,,,1.350,,,5.160,,2.00,,5.50,,,,,,,,,,,0.650,,,16.50,0.405
"Mar 02, 2021",,4.38,14.92,,,6.31,3.750,0.2900,0.352,,0.590,,0.7500,20.32,0.707,,1.810,,,1.390,,47.500,4.900,1.220,0.845,0.540,10.98,6.540,1.340,0.739,,4.660,6.58,,,24.52,,,,0.609,,2.48,,,2.430,,,,1.260,0.95,,5.170,,2.00,,5.40,,,,3.750,,33.42,,,,,0.650,,,16.50,0.403
"Mar 01, 2021",,4.29,14.66,,,6.34,3.640,0.2950,0.350,,0.655,,0.7850,20.36,0.704,,1.800,,,1.390,7.22,46.900,4.900,1.230,,0.541,11.02,6.490,1.340,0.740,0.95,4.800,6.71,0.730,,24.02,,,,,,2.48,,,2.460,,,,1.400,,,5.180,,1.92,,5.30,,0.65,,,,,,0.218,,,,,,17.02,0.387
"Feb 28, 2021",,4.11,14.70,,,6.35,3.660,0.2970,0.348,,0.727,,0.7880,20.34,0.694,,1.750,,,1.390,6.50,46.900,4.930,1.220,0.880,0.540,11.00,6.990,1.420,0.740,1.00,4.350,6.83,,15.44,24.02,,,,0.602,1.90,2.51,,,2.450,0.7500,,,,,,5.170,,2.00,1.95,,4.48,,,,,,,,,3.90,,,,17.52,0.401
"Feb 27, 2021",,,,,,,,,,,,,,,,,,,,,,,,,,,,,,,,,,,,,,,,,,,,,,,,,,,,,,,,,,,,,,,,,,,,,,,
"Feb 26, 2021",,,,,,,,,,,,,,,,,,,,,,,,,,,,,,,,,,,,,,,,,,,,,,,,,,,,,,,,,,,,,,,,,,,,,,,
"Feb 25, 2021",,4.10,14.70,,,6.28,3.640,0.2950,0.350,,,,0.7720,19.90,0.693,,1.770,,,1.400,,46.900,4.990,1.220,0.880,0.545,11.00,6.180,1.400,0.756,,3.790,6.75,,15.10,24.12,,,,0.610,,2.50,,,2.380,0.7500,,,,,,5.160,,,,5.60,,,,,,,,0.210,,,,,0.800,17.50,0.404
"Feb 24, 2021",,4.03,14.84,,,6.36,3.610,0.2880,0.350,,,,0.7800,19.88,0.703,,1.720,,,1.390,7.22,46.800,4.780,1.220,0.884,0.537,11.04,6.060,1.400,0.736,,3.790,6.37,,,24.00,,,,0.603,,2.46,,,2.380,,,,,,,5.160,,,1.95,5.78,,,,,,,,0.220,,3.90,,,,17.40,0.400
"Feb 23, 2021",2.90,4.01,15.00,,,6.52,3.650,0.2950,0.351,,,,0.7700,19.94,0.709,,1.730,,,1.380,7.22,46.800,4.840,1.240,0.879,0.537,11.00,6.060,1.400,0.740,,3.830,6.25,,,23.74,,,,,,2.45,,,2.400,0.7190,,,,,1.810,5.180,,,,,3.90,,,,,,,,,3.90,,,,17.40,0.387
"Feb 22, 2021",,3.97,15.06,,,6.52,3.630,0.2950,0.350,,,,0.7850,19.76,0.705,,1.740,,,1.400,7.59,46.800,4.790,1.230,0.845,0.541,11.10,6.010,1.420,0.755,,,6.10,,,23.62,,,,0.619,,2.41,,,2.360,,,,,,,5.170,,,,,,,,,,,,0.214,,,,,,17.80,0.400
"Feb 21, 2021",,3.96,14.96,,,6.60,3.600,0.3030,0.350,,,,0.7890,19.90,0.720,,1.730,,,1.350,7.98,46.800,4.760,1.240,,0.555,11.28,6.060,1.420,0.755,1.00,3.740,5.93,,,23.50,1.20,,,0.619,,2.40,6.85,,2.370,,,,1.500,,,5.180,,,,,,,,,,,,,,,,,,17.02,0.401
"Feb 20, 2021",,,,,,,,,,,,,,,,,,,,,,,,,,,,,,,,,,,,,,,,,,,,,,,,,,,,,,,,,,,,,,,,,,,,,,,
"Feb 19, 2021",,,,,,,,,,,,,,,,,,,,,,,,,,,,,,,,,,,,,,,,,,,,,,,,,,,,,,,,,,,,,,,,,,,,,,,
"Feb 18, 2021",,3.99,14.90,,,6.54,3.610,0.3070,0.360,,,,0.7800,19.74,0.720,,1.740,,,1.390,8.39,46.800,4.810,1.230,0.879,0.584,11.28,6.040,1.400,0.750,1.00,3.730,5.80,,,23.52,,,,0.616,,2.44,,,2.350,0.7560,,,,,,5.180,,1.92,,,,,,,,,,,,,,,,17.00,
"Feb 17, 2021",,3.95,14.90,,,6.59,3.580,0.3000,0.360,,,,0.8180,19.74,0.720,,1.740,,,1.390,8.83,46.500,4.810,1.230,0.850,0.590,11.26,6.040,1.390,0.720,,3.770,5.41,,,24.50,,,,0.598,,2.43,7.20,,2.390,,,7.30,,,,5.180,,,,5.40,,,,,,,,,,3.90,,,,17.00,0.401
"Feb 16, 2021",,3.95,14.94,,,6.70,3.640,0.3010,0.368,,,,0.7860,19.90,0.725,,1.760,,,1.430,,46.500,4.810,1.250,0.879,0.570,11.24,5.960,1.400,0.728,,3.720,5.41,,,23.00,,,,,,,,,2.380,,,,,,,5.190,,,,,,,,,,,,,,,,,,17.00,0.406
"Feb 15, 2021",,3.93,14.80,,,6.69,3.670,0.2980,0.355,,,,0.8190,19.90,0.730,,1.770,,,1.430,,46.500,4.890,1.240,0.879,0.541,11.28,5.950,1.390,0.734,,3.700,5.43,,,21.60,1.26,,,,,2.43,7.20,,2.390,,,,,0.90,,5.210,,,,5.20,,,,,,,,,,3.70,,,,17.00,0.415
"Feb 14, 2021",,3.88,14.90,,,6.68,3.730,0.2950,0.357,,,,0.8000,19.92,0.720,,1.800,,,1.440,,46.500,4.890,1.270,0.860,0.528,10.98,,1.380,0.730,,3.700,5.44,,,21.10,,,,,,2.45,,1.700,2.240,0.7950,,,,,,5.100,,,,5.28,,,,,,,,,,3.70,,0.38,0.800,17.04,0.396
"Feb 13, 2021",,,,,,,,,,,,,,,,,,,,,,,,,,,,,,,,,,,,,,,,,,,,,,,,,,,,,,,,,,,,,,,,,,,,,,,
"Feb 12, 2021",,,,,,,,,,,,,,,,,,,,,,,,,,,,,,,,,,,,,,,,,,,,,,,,,,,,,,,,,,,,,,,,,,,,,,,
"Feb 11, 2021",2.90,3.91,14.98,,,6.68,3.670,0.2990,0.357,,,,0.7980,19.88,0.702,,1.700,,,1.440,,46.500,4.920,1.220,0.870,0.535,11.00,5.980,1.390,0.720,,,5.44,,,21.10,,,,0.600,,,,,2.350,0.8300,,,,,,5.040,,1.91,,,,,,,,,,0.225,,,,,,17.00,
"Feb 10, 2021",,3.91,15.00,,,6.72,3.680,0.2950,0.357,,,,0.7930,19.80,0.695,,1.630,,,1.430,,46.500,4.960,1.230,0.870,0.530,10.58,5.960,1.380,0.730,1.05,3.750,5.46,,13.44,21.04,,,,,,,,,2.360,0.7900,,,,,,5.030,,,,,,0.67,,,,,,0.220,,,,,,17.00,0.396
"Feb 09, 2021",,3.90,14.98,,,6.71,3.630,0.3000,0.363,,,,0.7800,19.90,0.692,,1.640,,,1.430,,46.500,4.930,1.240,0.867,0.535,10.42,6.020,1.370,0.745,,3.750,5.44,,,21.04,,,,0.597,,2.44,,,2.290,,,,,,,4.960,,,,5.55,,,,,,,,,,3.72,,,,17.00,0.401
"Feb 08, 2021",,3.90,14.86,,,6.67,3.730,0.3090,0.367,,,,0.8200,19.82,0.709,,1.650,,,1.430,,46.500,4.900,1.260,0.872,0.541,10.90,6.010,1.380,0.750,,3.760,5.50,,,22.10,,,,0.592,,,7.57,,2.400,,,,,,,5.000,,,,5.20,,,,,,,,,,3.90,,,,16.70,0.403
"Feb 07, 2021",,3.90,14.90,,,6.66,3.850,0.3110,0.369,,,,0.8350,19.88,0.707,,1.640,,,1.440,,46.100,4.930,1.240,0.843,0.557,10.74,6.000,1.380,0.730,,3.720,5.44,,,22.10,,,,0.593,1.88,,,,2.320,,,,1.570,,,4.990,,,,5.10,,,,3.290,,,,,,3.76,,,,16.66,0.396
"Feb 06, 2021",,,,,,,,,,,,,,,,,,,,,,,,,,,,,,,,,,,,,,,,,,,,,,,,,,,,,,,,,,,,,,,,,,,,,,,
"Feb 05, 2021",,,,,,,,,,,,,,,,,,,,,,,,,,,,,,,,,,,,,,,,,,,,,,,,,,,,,,,,,,,,,,,,,,,,,,,
"Feb 04, 2021",,3.86,14.88,,,6.57,3.840,0.3140,0.378,0.9290,,,0.8400,19.82,0.706,,1.650,,,1.460,,46.080,4.930,1.250,0.870,0.563,11.24,5.950,1.370,0.750,,3.720,5.46,,,22.00,,,,0.608,,,,,2.280,,1.88,,,0.90,,4.980,,,,5.05,,,,,,,,,,3.95,,,0.780,16.58,0.416
"Feb 03, 2021",,3.88,14.92,,,6.68,3.810,0.3190,0.388,,,,0.8500,19.80,0.710,,1.650,,,1.460,,46.060,5.030,1.260,0.881,0.582,11.00,6.010,1.370,0.740,,3.750,5.50,0.740,,22.10,,,,0.609,1.97,,,,2.270,,,,,,,5.000,,,,5.00,,,,,,,,,,3.75,,,,16.40,0.424
"Feb 02, 2021",2.90,3.90,15.06,,,6.57,3.770,0.3220,0.408,,,,0.8480,19.98,0.704,,1.690,,,1.470,,46.040,5.040,1.190,0.890,0.589,10.60,6.000,1.370,0.757,,,5.41,0.680,,21.50,,,,0.611,2.07,2.43,7.55,1.700,2.230,0.8300,,,,,,,,,,5.05,,0.70,,,,,,,,,,,0.780,15.50,0.426
"Feb 01, 2021",2.90,3.88,14.88,,,6.45,3.590,0.3130,0.376,,,,0.8590,19.88,0.695,,1.660,,,1.450,,46.000,5.020,1.140,0.850,0.584,10.46,5.900,1.370,0.750,,3.760,5.49,0.713,13.44,20.80,,,,0.582,2.17,2.45,,,2.260,0.7980,1.64,7.60,,,,5.000,,,,,,,,3.460,,35.16,,,,,,,0.780,15.28,0.417
"Jan 31, 2021",,3.87,14.78,,,,3.480,0.3100,0.357,,,,0.8550,19.76,0.675,,1.650,,,1.450,,46.020,4.960,1.130,0.840,0.571,10.50,5.900,1.370,0.740,,3.710,5.30,,13.44,20.80,,,,0.605,2.28,,,,2.230,,,,1.650,,,4.980,,,,,,,,,,,,,,3.90,,,,15.00,0.416
"Jan 30, 2021",,,,,,,,,,,,,,,,,,,,,,,,,,,,,,,,,,,,,,,,,,,,,,,,,,,,,,,,,,,,,,,,,,,,,,,
"Jan 29, 2021",,,,,,,,,,,,,,,,,,,,,,,,,,,,,,,,,,,,,,,,,,,,,,,,,,,,,,,,,,,,,,,,,,,,,,,
"Jan 28, 2021",,3.87,15.02,,,6.44,3.500,0.3150,0.365,,,,0.8830,19.88,0.684,,1.670,,,1.450,,46.000,5.010,1.110,0.850,0.580,10.46,5.800,1.370,0.740,,,5.24,,,20.90,1.10,,,,,,,,2.210,,,,1.550,0.95,,4.970,,,,5.05,,,,,,,,,,,,,,14.70,
"Jan 27, 2021",2.90,3.90,15.02,,,6.43,3.570,0.3160,0.357,,,,0.8840,20.00,0.693,,1.680,,,1.480,,46.000,5.040,1.120,0.839,0.590,10.00,5.910,1.380,0.727,,3.700,5.24,,,20.78,,,,0.619,,,,,2.200,,,,1.500,,,5.020,,,,,,,,,,,,,,,,,,14.40,0.421
"Jan 26, 2021",,3.91,14.66,,,6.50,3.450,0.3180,0.353,,,,0.8870,19.92,0.685,,1.680,,,1.480,,45.400,4.930,1.100,0.850,0.577,10.24,5.800,1.370,0.724,,3.700,5.12,,,20.82,,,,0.619,,2.46,,,2.190,,,,1.410,,,,,,,4.60,,,,,,,,0.230,,,,,0.780,14.50,
"Jan 25, 2021",2.90,3.92,14.92,,,6.58,3.490,0.3250,0.358,,,,0.8900,19.68,0.700,,1.690,,,1.480,,45.220,4.970,1.100,0.847,0.600,10.00,,1.380,0.754,,3.710,5.08,0.750,13.44,20.80,,,,0.619,,2.53,,,2.250,,,,1.400,,,5.030,,,,4.50,,,,,,,,,,,,,,14.00,0.420
"Jan 24, 2021",2.90,3.90,14.96,,,6.63,3.480,0.3240,0.358,,0.807,,0.8990,19.50,0.697,,1.690,,,1.470,,45.000,5.020,1.120,0.860,0.586,10.00,,1.380,0.758,,,5.13,,,20.86,,,,0.620,,2.51,,,2.360,,,,,,,5.050,,,,,,0.65,,,,,,,,,,,0.780,14.00,0.426
"Jan 23, 2021",,,,,,,,,,,,,,,,,,,,,,,,,,,,,,,,,,,,,,,,,,,,,,,,,,,,,,,,,,,,,,,,,,,,,,,
"Jan 22, 2021",,,,,,,,,,,,,,,,,,,,,,,,,,,,,,,,,,,,,,,,,,,,,,,,,,,,,,,,,,,,,,,,,,,,,,,
"Jan 21, 2021",,3.92,14.94,,,6.57,3.500,0.3280,0.354,,,,0.9000,19.50,0.701,,1.700,,,1.460,,45.000,5.010,1.090,0.859,0.610,10.00,5.910,1.380,0.745,,3.710,5.20,,,20.80,,,,0.635,,,,,2.310,,,,,,,,,,,,,,,,,,,0.229,,4.03,,,,14.00,0.421
"Jan 20, 2021",2.90,3.93,15.06,,,6.69,3.600,0.3390,0.368,,,,0.8800,20.14,0.706,,1.720,,,1.520,,42.500,5.140,1.100,0.860,0.629,10.18,,1.360,0.750,,3.750,5.20,,,20.84,,,,0.616,,2.46,,,2.360,0.8400,,,,,,5.070,,,,4.25,,,,,,,,,,4.24,,,,13.98,0.436
"Jan 19, 2021",,3.91,14.98,,,6.66,3.330,0.3290,0.366,,,,0.8480,20.80,0.704,,1.710,,,1.450,,42.300,5.080,1.100,0.841,0.614,10.26,,1.350,0.747,,,5.30,,14.00,20.80,,,,0.622,,,,,2.370,,1.51,,,,1.900,4.910,,,,,,,,,,,,,,4.06,,,,14.00,0.429
"Jan 18, 2021",,3.88,15.10,,,6.45,3.340,0.3220,0.362,,,,0.8300,18.10,0.703,,1.710,,,1.430,,42.300,5.070,1.090,0.840,0.573,10.38,5.910,1.340,0.768,,,5.43,,,20.90,,,,0.598,,2.39,,1.630,2.390,,,,,,,,,,,,,,,,,,,,,,,,,14.20,0.427
"Jan 17, 2021",,3.87,14.00,,,6.15,3.240,0.3210,0.360,,,,0.8300,17.76,0.695,,1.710,,,1.430,,42.200,4.960,1.090,,0.554,10.40,,1.330,0.758,,3.700,5.40,,,20.98,,,,0.602,,,,,,,,,1.400,,,4.800,,,,,,0.65,,,,,,,,,0.713,,,13.96,0.417
"Jan 16, 2021",,,,,,,,,,,,,,,,,,,,,,,,,,,,,,,,,,,,,,,,,,,,,,,,,,,,,,,,,,,,,,,,,,,,,,,
"Jan 15, 2021",,,,,,,,,,,,,,,,,,,,,,,,,,,,,,,,,,,,,,,,,,,,,,,,,,,,,,,,,,,,,,,,,,,,,,,
"Jan 14, 2021",,3.87,14.00,,,6.16,3.210,0.3280,0.360,,,,0.8500,17.56,0.704,,1.680,,,1.430,,42.200,5.000,1.100,0.860,0.558,10.50,,1.340,0.751,,3.660,5.17,,,20.98,,,,,,,7.41,,2.390,,,,1.400,,1.800,,,,,4.00,,0.67,,,,,0.685,,,,,,0.760,14.00,0.425
"Jan 13, 2021",,3.90,14.06,,,6.18,3.240,0.3290,0.365,,,,0.8500,17.66,0.709,,1.730,,,1.450,,42.200,5.040,1.130,0.852,0.570,11.00,,1.350,0.764,,3.630,4.90,,,20.50,,,,0.604,,2.50,,1.630,2.450,0.7810,,,1.350,,1.850,,,1.92,,,,,,,,,,0.240,,,,,,14.22,0.423
"Jan 12, 2021",,3.89,13.90,,,6.13,3.250,0.3300,0.362,,,,0.8420,17.58,0.710,,1.710,,,1.450,,42.160,5.000,1.120,0.875,0.577,10.80,5.910,1.350,0.757,,,4.77,,,19.80,,,,0.604,,2.53,,,2.450,0.7700,,,,,,4.800,,,,,,,,,,,,0.236,,,,,,14.20,0.424
"Jan 11, 2021",,3.89,13.78,,,6.12,3.290,0.3350,0.360,0.9000,,,0.8410,17.44,0.719,,1.700,,,1.450,,42.160,4.950,1.130,0.856,0.570,10.96,5.910,1.350,0.755,,,4.47,0.759,12.68,19.50,,,,0.611,,,,,2.490,0.7700,,,1.400,,,,,,,,,,,,,,,,,3.96,,,0.800,14.86,0.435
"Jan 10, 2021",,3.89,13.50,,,6.13,3.230,0.3390,0.363,,,,0.8600,17.36,0.718,,1.600,,,1.450,,42.140,4.820,1.120,0.882,0.563,10.90,5.900,1.350,0.770,,,4.45,,,19.50,,,,0.606,,2.66,,,2.420,0.7320,,,1.330,,,,,1.80,,,,,,,,,,,,3.81,,,0.800,15.18,0.441
"Jan 09, 2021",,,,,,,,,,,,,,,,,,,,,,,,,,,,,,,,,,,,,,,,,,,,,,,,,,,,,,,,,,,,,,,,,,,,,,,
"Jan 08, 2021",,,,,,,,,,,,,,,,,,,,,,,,,,,,,,,,,,,,,,,,,,,,,,,,,,,,,,,,,,,,,,,,,,,,,,,
"Jan 07, 2021",,3.87,13.50,,,6.12,3.210,0.3290,0.357,,,,0.8920,17.30,0.708,,1.520,,,1.430,,42.140,4.780,1.130,0.880,0.541,11.00,,1.340,0.779,,3.630,4.39,,,19.76,,,,0.601,,2.66,,,2.300,0.7340,,7.00,,,,,,1.80,1.95,,,,,,,,,,,,,,,15.48,0.430
"Jan 06, 2021",,3.91,13.26,,,6.10,3.200,0.3290,0.354,,,,0.8890,17.30,0.702,,1.510,,0.808,1.420,9.29,42.100,4.770,1.130,0.847,0.511,11.00,5.910,1.340,0.761,,,4.45,,,18.74,,,,0.599,,2.80,,,2.310,0.7240,1.35,7.00,,,,5.050,,,,,,,,,,,,0.248,,,0.713,,,14.08,0.411
"Jan 05, 2021",,3.95,13.30,,,6.12,3.220,0.3200,0.354,,,,0.8600,17.36,0.704,,1.520,,,1.420,,42.020,4.780,1.140,0.879,0.510,11.50,5.700,1.340,0.770,,,4.40,,13.00,19.60,,,,,,,,,2.340,0.7600,,,,,,,,1.68,,,3.45,,,,,,,,2.99,3.80,,,0.810,14.80,0.416
"Jan 04, 2021",2.90,3.93,13.24,,,6.09,3.210,0.3210,0.353,,,,0.8900,17.14,0.707,,1.500,,,1.430,,42.040,4.720,1.110,0.867,0.490,12.04,5.710,1.320,0.780,,3.610,4.26,,,20.00,,,,0.606,,,,,2.350,0.7590,,7.00,1.400,,,,,1.68,,4.10,,,,,,35.16,,,,,,,,15.02,0.420
"Jan 03, 2021",,3.80,13.12,,,6.10,3.170,0.3200,0.349,,,,0.8780,17.02,0.705,,1.490,,,1.410,,42.000,4.700,1.140,0.900,0.479,12.06,5.770,1.310,0.785,,,4.25,,,20.00,,,,0.608,,,,,2.360,0.7980,,,,,,,,,,3.92,,,,,,,,,,,,,,14.88,
"Jan 02, 2021",,,,,,,,,,,,,,,,,,,,,,,,,,,,,,,,,,,,,,,,,,,,,,,,,,,,,,,,,,,,,,,,,,,,,,,
"Jan 01, 2021",,,,,,,,,,,,,,,,,,,,,,,,,,,,,,,,,,,,,,,,,,,,,,,,,,,,,,,,,,,,,,,,,,,,,,,
