,AIRA ,AJBNK ,AMANT ,AMLK ,ASCI ,ARMX ,CBD ,DAMAC ,DEYR ,DFM ,DINC ,DINV ,DISB ,AMAN ,DNIN ,EMAARDEV ,EMAR ,DU ,ENBD ,ERC ,GNAV ,SALAMA ,MASB ,NCC ,TABR ,NGIN ,OIC ,SHUA ,TKFE ,DTKF ,UPRO 
"Dec 31, 2021",,,,,,,,,,,,,,,,,,,,,,,,,,,,,,,
"Dec 30, 2021",1.450,0.824,1.150,0.723,,4.100,4.350,,0.640,2.840,,1.930,5.380,1.100,,4.370,4.890,6.620,13.550,6.580,0.312,0.761,,,2.468,,,0.685,,1.250,0.319
"Dec 29, 2021",1.450,,1.120,0.730,,4.080,4.370,,0.640,2.470,,1.920,5.430,1.100,,4.340,4.860,6.650,13.450,6.100,0.315,0.774,,,2.468,3.12,,0.686,1.190,1.280,0.321
"Dec 28, 2021",1.500,0.810,1.130,0.754,,4.120,4.350,1.400,0.643,2.510,,1.920,5.470,1.110,,4.350,4.890,6.680,13.600,6.470,0.318,0.770,,,2.468,3.00,2.600,0.682,1.290,1.290,0.324
"Dec 27, 2021",1.480,0.810,1.140,0.741,,4.100,4.250,1.400,0.644,2.500,,1.920,5.450,1.110,6.000,4.350,4.830,6.780,13.650,6.470,0.317,0.770,,,2.449,,,0.671,,1.200,0.321
"Dec 26, 2021",1.500,0.802,1.120,0.709,,4.090,4.260,,0.647,2.430,,1.900,5.380,1.100,,4.350,4.760,6.680,13.550,6.600,0.318,0.778,,,2.459,2.80,,0.668,1.220,1.200,0.328
"Dec 25, 2021",,,,,,,,,,,,,,,,,,,,,,,,,,,,,,,
"Dec 24, 2021",,,,,,,,,,,,,,,,,,,,,,,,,,,,,,,
"Dec 23, 2021",1.480,0.800,1.120,0.617,,4.060,,1.400,0.602,2.400,,1.900,5.360,1.110,5.940,4.360,4.760,6.650,13.550,6.450,0.319,0.772,,2.240,2.488,,,0.661,1.280,1.160,0.313
"Dec 22, 2021",1.460,0.800,1.120,0.637,,4.090,,1.410,0.607,2.380,,1.900,5.350,1.100,6.600,4.360,4.790,6.580,13.100,6.050,0.317,0.780,,,2.468,,,0.670,1.280,1.200,0.315
"Dec 21, 2021",1.460,0.803,1.110,0.638,,4.080,4.220,1.410,0.607,2.400,,1.890,5.420,1.110,5.800,4.390,4.800,6.650,13.450,6.000,0.321,0.780,,,2.488,3.10,,0.678,1.280,1.150,0.314
"Dec 20, 2021",1.420,0.802,1.120,0.610,,4.050,4.320,1.400,0.590,2.400,,1.880,5.400,1.090,,4.400,4.760,6.620,13.900,,0.327,0.770,,,2.468,,,0.678,,1.240,0.308
"Dec 19, 2021",1.460,0.820,1.130,0.643,,4.100,4.330,1.400,0.606,2.410,,1.880,5.390,1.100,,4.400,4.800,6.680,13.550,6.350,0.327,0.770,,,2.507,,,0.679,1.280,1.200,0.309
"Dec 18, 2021",,,,,,,,,,,,,,,,,,,,,,,,,,,,,,,
"Dec 17, 2021",,,,,,,,,,,,,,,,,,,,,,,,,,,,,,,
"Dec 16, 2021",1.500,0.834,1.170,0.705,,4.120,4.330,1.400,0.642,2.580,,1.940,5.570,1.130,,4.610,5.000,6.940,14.150,6.150,0.338,0.794,,,2.605,3.10,,0.714,1.180,1.330,0.336
"Dec 15, 2021",1.470,0.840,1.150,0.707,,4.150,,1.400,0.640,2.590,,1.900,5.530,1.130,,4.530,5.010,6.870,14.000,6.600,0.334,0.786,,2.240,2.634,3.19,,0.711,1.260,1.220,0.343
"Dec 14, 2021",1.490,0.837,1.160,0.712,,4.150,,1.400,0.638,2.630,,1.920,5.590,1.150,,4.540,5.020,6.850,14.150,6.500,0.340,0.793,,2.240,2.634,3.17,,0.715,1.390,1.350,0.348
"Dec 13, 2021",1.470,0.842,1.150,0.725,,4.160,4.300,1.410,0.639,2.660,,1.900,5.480,1.110,5.800,4.500,4.990,6.900,13.900,6.810,0.339,0.798,,,2.595,,,0.721,1.410,,0.346
"Dec 12, 2021",1.480,0.831,1.170,0.694,,4.150,4.290,1.410,0.640,2.690,,1.910,5.430,1.150,,4.500,4.900,7.020,13.850,6.470,0.350,0.809,,,2.634,,,0.730,,1.490,0.335
"Dec 11, 2021",,,,,,,,,,,,,,,,,,,,,,,,,,,,,,,
"Dec 10, 2021",,,,,,,,,,,,,,,,,,,,,,,,,,,,,,,
"Dec 09, 2021",1.460,0.842,1.160,0.699,,,4.330,1.400,0.646,2.680,7.750,1.900,5.400,1.130,,4.500,4.890,7.120,13.900,6.490,0.330,0.800,79.50,,2.468,,,0.735,,1.460,0.342
"Dec 08, 2021",1.460,0.839,1.170,0.713,,4.150,4.330,1.400,0.668,2.700,,1.940,5.280,1.130,5.500,4.510,4.860,6.800,13.750,6.420,0.322,0.814,,,2.468,3.15,,0.734,1.440,1.470,0.346
"Dec 07, 2021",1.460,0.850,1.180,0.717,,4.130,4.330,1.410,0.658,2.750,,1.930,5.330,1.140,5.500,4.590,4.920,6.470,13.450,6.550,0.329,0.818,,,2.449,,,0.743,1.440,1.630,0.353
"Dec 06, 2021",1.430,0.830,1.150,0.710,1.790,4.100,,1.440,0.665,2.730,,1.940,5.250,1.090,,4.520,4.800,6.240,13.600,6.790,0.330,0.815,,,2.478,,,0.738,,1.550,0.351
"Dec 05, 2021",1.410,0.818,1.130,0.680,1.790,4.030,,1.360,0.584,2.460,,1.880,5.150,1.060,,4.550,4.710,6.140,13.350,6.620,0.320,0.800,,,2.478,,,0.729,1.440,1.380,0.332
"Dec 04, 2021",,,,,,,,,,,,,,,,,,,,,,,,,,,,,,,
"Dec 03, 2021",,,,,,,,,,,,,,,,,,,,,,,,,,,,,,,
"Dec 02, 2021",,,,,,,,,,,,,,,,,,,,,,,,,,,,,,,
"Dec 01, 2021",,,,,,,,,,,,,,,,,,,,,,,,,,,,,,,
"Nov 30, 2021",1.450,0.808,1.140,0.680,1.790,3.910,4.360,1.400,0.556,2.400,,1.880,5.160,1.060,,4.590,4.690,6.080,13.200,6.790,0.312,0.773,,,2.439,,,0.719,,1.240,0.315
"Nov 29, 2021",1.410,0.803,1.130,0.710,,4.000,4.400,1.350,0.569,2.400,,1.870,5.310,1.060,,4.510,4.610,6.090,12.800,6.800,0.307,0.776,,,2.488,,,0.722,1.390,1.080,0.316
"Nov 28, 2021",1.430,0.766,1.120,0.693,,4.000,4.340,1.370,0.565,2.340,,1.810,5.140,1.030,,4.320,4.450,6.070,12.900,6.270,0.305,0.755,,,2.459,,,0.711,1.400,1.130,0.313
"Nov 27, 2021",,,,,,,,,,,,,,,,,,,,,,,,,,,,,,,
"Nov 26, 2021",,,,,,,,,,,,,,,,,,,,,,,,,,,,,,,
"Nov 25, 2021",1.540,0.832,1.150,0.770,,4.130,4.440,1.360,0.627,2.590,,1.940,5.350,1.090,,4.600,4.910,6.100,13.150,6.950,0.332,0.818,,2.240,2.546,,,0.790,,1.220,0.347
"Nov 24, 2021",1.540,0.830,1.140,0.750,,4.080,4.200,1.400,0.636,2.620,7.750,1.930,5.310,1.080,5.270,4.460,4.860,6.070,13.300,6.800,0.334,0.793,,,2.488,,,0.794,1.400,1.070,0.361
"Nov 23, 2021",1.500,0.815,1.160,0.684,,4.080,4.200,1.400,0.627,2.480,7.750,1.930,5.310,1.080,5.850,4.500,4.810,6.060,13.400,6.320,0.339,0.790,75.00,1.950,2.537,,,0.795,,1.020,0.366
"Nov 22, 2021",1.500,0.821,1.160,0.760,,4.110,4.200,1.400,0.625,2.450,,1.950,5.410,1.130,,4.500,4.910,6.060,13.650,7.000,0.335,0.803,,1.950,2.566,3.12,2.700,0.735,,1.010,0.319
"Nov 21, 2021",1.520,0.855,1.170,0.661,,4.180,4.200,1.400,0.683,2.690,7.750,1.970,5.510,1.150,,4.500,5.130,6.220,14.150,6.800,0.318,0.836,,2.160,2.585,,,0.762,,1.030,
"Nov 20, 2021",,,,,,,,,,,,,,,,,,,,,,,,,,,,,,,
"Nov 19, 2021",,,,,,,,,,,,,,,,,,,,,,,,,,,,,,,
"Nov 18, 2021",1.540,0.800,1.160,0.575,,4.100,4.180,1.400,0.687,2.760,7.700,1.980,5.540,1.170,,4.620,5.120,6.230,14.200,7.400,0.312,0.810,,,2.585,,,0.773,1.300,1.060,
"Nov 17, 2021",1.550,0.775,1.130,0.500,,4.110,4.250,1.400,0.658,2.800,,2.000,5.540,1.130,,4.610,5.080,6.300,14.200,7.000,0.321,0.771,66.37,,2.595,,,0.760,1.270,0.991,
"Nov 16, 2021",1.560,0.784,1.150,0.435,,4.150,4.200,1.400,0.629,2.950,,2.040,5.550,1.200,,4.650,5.180,6.340,14.200,7.050,0.315,0.780,66.37,,2.644,,,0.781,1.310,0.963,
"Nov 15, 2021",1.560,0.765,1.180,0.379,1.810,4.200,4.190,1.410,0.547,2.570,,2.030,5.510,,,4.680,5.100,6.340,14.200,7.300,0.316,0.788,,,2.683,,,0.749,,1.060,
"Nov 14, 2021",1.550,0.757,1.190,0.330,,4.170,4.060,1.400,0.475,2.240,,1.940,5.440,1.150,,4.450,4.900,6.340,14.200,7.390,0.289,0.820,,,2.683,,,0.741,1.400,,0.278
"Nov 13, 2021",,,,,,,,,,,,,,,,,,,,,,,,,,,,,,,
"Nov 12, 2021",,,,,,,,,,,,,,,,,,,,,,,,,,,,,,,
"Nov 11, 2021",1.530,0.763,1.220,0.325,,4.150,4.060,1.420,0.467,1.950,,1.920,5.390,1.160,,4.290,4.830,6.370,14.250,7.780,0.298,0.816,,,2.673,,,0.748,1.350,1.170,0.308
"Nov 10, 2021",1.460,0.761,1.210,0.314,,4.150,4.100,1.400,0.456,1.960,,1.890,5.370,1.170,5.130,4.190,4.810,6.360,13.900,7.690,0.286,0.815,70.80,,2.693,,,0.772,1.310,1.130,0.293
"Nov 09, 2021",1.460,0.769,1.230,0.317,,4.190,4.140,1.400,0.458,1.800,,1.870,5.360,1.150,5.130,4.210,4.890,6.360,14.150,7.510,0.297,0.831,,,2.693,,,0.772,,1.140,
"Nov 08, 2021",1.450,0.767,1.230,0.334,,4.240,4.110,1.400,0.466,2.000,,1.880,5.350,1.110,5.220,4.070,4.730,6.360,14.200,7.840,0.294,0.842,,,2.751,,,0.770,1.450,1.190,0.325
"Nov 07, 2021",1.490,0.750,1.210,0.337,,4.250,4.100,1.400,0.471,1.820,,1.910,5.330,1.110,5.220,4.090,4.700,6.430,14.200,7.810,0.301,0.809,,,2.712,,,0.780,,1.120,0.343
"Nov 06, 2021",,,,,,,,,,,,,,,,,,,,,,,,,,,,,,,
"Nov 05, 2021",,,,,,,,,,,,,,,,,,,,,,,,,,,,,,,
"Nov 04, 2021",1.510,0.739,1.210,0.337,,4.420,,1.400,0.469,1.590,,1.970,5.330,1.090,5.220,4.150,4.770,6.470,14.050,7.590,0.300,0.809,,,2.751,,,0.740,,1.100,0.360
"Nov 03, 2021",1.540,0.745,1.240,0.326,,4.530,4.050,1.400,0.471,1.390,,2.070,5.420,1.090,5.220,4.240,4.710,6.370,13.950,7.700,0.294,0.801,,,2.780,,,0.719,1.450,1.110,0.337
"Nov 02, 2021",1.440,0.729,1.180,0.317,,4.440,4.050,1.370,0.449,1.210,,1.890,5.280,1.070,5.150,4.090,4.370,6.320,14.000,7.800,0.282,0.779,,,2.741,,,0.720,,1.070,0.309
"Nov 01, 2021",1.410,0.727,1.160,0.287,,4.360,4.000,1.400,0.411,1.060,,1.720,5.130,1.050,4.540,3.900,4.060,6.200,13.850,7.950,0.277,0.753,,,2.712,,,0.693,,1.060,0.294
"Oct 31, 2021",1.400,0.726,1.140,0.294,,4.340,4.000,1.380,0.420,1.020,,1.690,5.110,1.040,,3.900,4.040,6.170,13.750,8.070,0.270,0.749,,,2.644,,,0.680,,1.030,0.300
"Oct 30, 2021",,,,,,,,,,,,,,,,,,,,,,,,,,,,,,,
"Oct 29, 2021",,,,,,,,,,,,,,,,,,,,,,,,,,,,,,,
"Oct 28, 2021",1.390,,1.130,0.267,,4.370,,1.250,0.392,1.020,,1.700,5.110,1.040,,3.900,4.010,6.150,13.950,8.020,0.263,0.750,,,2.741,,2.700,0.669,1.440,,0.263
"Oct 27, 2021",1.370,0.701,1.140,0.263,,4.350,,1.250,0.390,1.030,,1.720,5.120,1.040,5.020,3.900,4.040,6.210,13.850,8.210,0.263,0.745,,,2.712,,,0.669,,,0.270
"Oct 26, 2021",1.360,0.713,1.150,0.260,,4.540,4.100,1.240,0.392,1.020,,1.720,5.060,1.030,4.700,3.890,4.080,6.170,13.800,8.200,0.270,0.740,,2.390,2.702,,,0.671,1.440,,0.270
"Oct 25, 2021",1.360,0.675,1.150,0.261,,4.700,4.100,1.260,0.388,1.030,8.000,1.720,5.100,1.040,,3.870,4.050,6.290,13.700,8.070,0.270,0.735,,,2.634,,,0.673,1.420,1.020,0.262
"Oct 24, 2021",1.370,0.678,1.160,0.260,,4.770,4.050,1.250,0.392,1.030,,1.730,5.100,1.040,,3.930,4.050,6.310,13.900,8.200,0.268,0.738,,,2.732,,,0.670,1.420,1.020,0.256
"Oct 23, 2021",,,,,,,,,,,,,,,,,,,,,,,,,,,,,,,
"Oct 22, 2021",,,,,,,,,,,,,,,,,,,,,,,,,,,,,,,
"Oct 21, 2021",,,,,,,,,,,,,,,,,,,,,,,,,,,,,,,
"Oct 20, 2021",1.340,0.683,1.180,0.257,,4.390,,1.250,0.391,1.050,,1.720,5.080,1.040,,3.940,4.010,6.360,13.800,8.150,0.276,0.745,,,2.732,,,0.672,,1.020,0.269
"Oct 19, 2021",1.330,0.688,1.120,0.256,,3.820,4.000,1.250,0.382,1.010,,1.730,5.040,1.050,,3.870,3.960,6.540,13.700,8.200,0.278,0.750,,,2.527,,,0.660,,1.020,0.269
"Oct 18, 2021",1.340,0.680,1.100,0.260,,3.750,4.030,1.250,0.384,1.000,,1.720,5.020,1.050,,3.890,3.960,6.560,13.800,8.450,0.279,0.750,,,2.527,,,0.675,,1.020,0.270
"Oct 17, 2021",1.330,0.680,1.100,0.254,,3.660,4.030,1.240,0.384,0.996,,1.680,5.020,1.050,,3.820,3.920,6.620,13.750,8.410,0.278,0.746,,,2.537,,,0.661,,,0.272
"Oct 16, 2021",,,,,,,,,,,,,,,,,,,,,,,,,,,,,,,
"Oct 15, 2021",,,,,,,,,,,,,,,,,,,,,,,,,,,,,,,
"Oct 14, 2021",1.340,0.683,1.110,0.254,,3.690,4.030,1.240,0.380,0.992,,1.650,4.960,1.050,,3.850,3.920,6.600,13.700,8.250,0.278,0.745,64.16,,2.468,,,0.668,,,0.277
"Oct 13, 2021",1.340,0.680,1.110,0.257,,3.660,4.030,1.240,0.380,1.010,8.000,1.660,4.940,1.060,,3.860,4.000,6.600,13.450,8.020,0.275,0.741,,,2.478,,,0.661,,1.020,0.272
"Oct 12, 2021",1.350,0.680,1.140,0.255,,3.670,,1.240,0.388,0.995,,1.690,4.950,1.060,,3.780,3.970,6.640,13.400,8.120,0.279,0.746,,,2.478,,,0.660,1.420,1.020,0.274
"Oct 11, 2021",1.340,0.680,1.140,0.254,,3.580,4.030,1.240,0.391,1.020,,1.680,4.920,1.070,,3.810,3.970,6.570,13.100,8.000,0.282,0.744,,,2.488,,,0.668,,1.040,0.277
"Oct 10, 2021",1.340,0.681,1.140,0.253,,3.590,,1.230,0.390,1.020,,1.700,4.950,1.070,,3.850,3.990,6.600,13.000,8.000,0.280,0.743,,,2.459,,,0.671,1.410,1.020,0.273
"Oct 09, 2021",,,,,,,,,,,,,,,,,,,,,,,,,,,,,,,
"Oct 08, 2021",,,,,,,,,,,,,,,,,,,,,,,,,,,,,,,
"Oct 07, 2021",1.340,0.681,1.100,0.257,,3.580,4.030,1.250,0.390,1.040,8.330,1.710,4.960,1.060,,3.840,4.020,6.520,12.850,8.180,0.284,0.754,,,2.537,,,0.668,1.410,1.020,0.275
"Oct 06, 2021",1.310,0.680,1.100,0.257,,3.580,4.030,1.250,0.387,1.040,,1.710,4.900,1.040,,3.750,3.920,6.590,12.900,7.990,0.282,0.761,,,2.537,3.10,,0.672,,1.010,0.274
"Oct 05, 2021",1.330,0.697,1.120,0.257,,3.540,4.030,1.250,0.392,1.030,,1.700,4.950,1.050,,3.800,3.960,6.610,13.400,7.720,0.285,0.751,,,2.498,,2.700,0.680,,1.000,0.278
"Oct 04, 2021",1.340,0.697,1.110,0.266,,3.570,,1.240,0.403,1.030,,1.720,4.930,1.050,,3.760,3.960,6.700,13.950,7.910,0.280,0.752,,,2.576,,,0.675,,1.010,0.281
"Oct 03, 2021",1.350,0.696,1.080,0.268,,3.530,,1.240,0.405,1.050,,1.740,4.940,1.060,,3.790,4.000,6.670,14.250,8.150,0.280,0.753,,,2.527,,,0.685,,1.060,0.285
"Oct 02, 2021",,,,,,,,,,,,,,,,,,,,,,,,,,,,,,,
"Oct 01, 2021",,,,,,,,,,,,,,,,,,,,,,,,,,,,,,,
"Sep 30, 2021",1.360,0.730,1.080,0.267,,3.520,,1.250,0.409,1.040,,1.740,4.950,1.060,,3.870,4.080,6.620,14.200,8.280,0.285,0.754,61.95,,2.624,,,0.672,,,0.289
"Sep 29, 2021",1.370,0.689,1.100,0.262,,3.560,,1.270,0.409,1.040,,1.750,4.920,1.030,,3.790,4.030,6.600,14.050,8.240,0.283,0.746,61.95,,2.371,,,0.672,,1.030,0.286
"Sep 28, 2021",1.380,0.689,1.080,0.265,,3.560,,1.250,0.407,1.040,,1.750,4.960,1.060,,3.810,4.020,6.620,14.050,8.130,0.285,0.751,,,2.361,,,0.680,,,0.289
"Sep 27, 2021",1.380,0.693,1.100,0.268,,3.520,,1.250,0.401,1.040,,1.730,4.940,1.040,,3.810,4.030,6.600,13.800,8.290,0.279,0.750,,,2.439,,,0.687,,1.070,0.285
"Sep 26, 2021",1.380,0.694,1.110,0.270,,3.600,,1.260,0.404,1.050,,1.750,4.920,1.060,,3.850,4.020,6.600,14.050,8.220,0.284,0.756,,,2.478,,,0.688,,1.040,0.286
"Sep 25, 2021",,,,,,,,,,,,,,,,,,,,,,,,,,,,,,,
"Sep 24, 2021",,,,,,,,,,,,,,,,,,,,,,,,,,,,,,,
"Sep 23, 2021",1.390,0.704,1.080,0.273,,3.650,4.000,1.260,0.411,1.050,,1.730,4.920,1.040,4.100,3.880,4.070,6.600,14.000,8.500,0.288,0.760,,,2.478,,,0.690,1.400,1.060,0.289
"Sep 22, 2021",1.360,0.703,1.080,0.270,,3.640,,1.230,0.411,1.050,,1.730,4.960,1.060,4.000,3.900,4.080,6.590,14.000,8.000,0.284,0.765,,,2.566,,,0.680,1.290,1.030,0.290
"Sep 21, 2021",1.340,0.704,1.070,0.262,,3.690,4.000,1.240,0.407,1.050,,1.750,4.950,1.050,3.900,3.800,4.100,6.580,13.900,8.010,0.288,0.770,,,2.449,,,0.682,,1.080,0.290
"Sep 20, 2021",1.350,0.702,1.100,0.266,,3.700,,1.250,0.420,1.070,,1.770,4.990,1.060,,3.930,4.150,6.590,14.150,7.990,0.292,0.775,,,2.595,,,0.680,1.400,1.030,0.294
"Sep 19, 2021",1.370,0.704,1.120,0.275,,3.770,4.000,1.250,0.442,1.090,,1.800,5.030,1.080,,3.930,4.200,6.620,14.350,8.560,0.294,0.792,,,2.683,,2.640,0.690,1.290,1.090,0.301
"Sep 18, 2021",,,,,,,,,,,,,,,,,,,,,,,,,,,,,,,
"Sep 17, 2021",,,,,,,,,,,,,,,,,,,,,,,,,,,,,,,
"Sep 16, 2021",1.390,0.715,1.140,0.271,,3.750,,1.230,0.434,1.070,,1.790,5.020,1.070,,4.010,4.200,6.590,14.250,8.670,0.294,0.804,,,2.732,,,0.699,1.430,1.070,0.298
"Sep 15, 2021",1.370,0.705,1.130,0.268,,3.790,4.000,1.250,0.432,1.090,,1.830,5.010,1.060,,3.930,4.190,6.600,13.900,7.850,0.291,0.807,,,2.741,,,0.680,,1.060,0.299
"Sep 14, 2021",1.360,0.715,1.130,0.275,,3.810,4.030,1.240,0.424,1.110,,1.830,4.970,1.060,,3.950,4.140,6.600,14.050,7.900,0.292,0.804,,,2.780,,,0.699,,1.060,0.293
"Sep 13, 2021",1.350,0.707,1.130,0.272,,3.790,4.030,1.240,0.425,1.100,,1.830,5.030,1.040,3.800,3.960,4.140,6.610,14.100,8.010,0.290,0.810,,,2.732,3.10,,0.705,,1.080,0.299
"Sep 12, 2021",1.370,0.715,1.150,0.282,,3.840,,1.240,0.436,1.110,,1.820,5.040,1.060,,3.950,4.170,6.610,14.050,8.490,0.289,0.818,61.06,,2.732,3.10,,0.705,,1.050,0.301
"Sep 11, 2021",,,,,,,,,,,,,,,,,,,,,,,,,,,,,,,
"Sep 10, 2021",,,,,,,,,,,,,,,,,,,,,,,,,,,,,,,
"Sep 09, 2021",1.380,0.715,1.150,0.287,,3.870,4.030,1.240,0.438,1.110,,1.830,5.080,1.070,,4.040,4.190,6.600,14.000,8.680,0.299,0.824,,,2.732,,,0.702,1.400,1.090,0.300
"Sep 08, 2021",1.380,0.714,1.160,0.287,,3.880,,1.240,0.440,1.110,,1.840,5.080,1.060,,3.980,4.180,6.590,13.950,8.700,0.300,0.822,61.06,,2.771,,,0.702,1.420,1.070,0.303
"Sep 07, 2021",1.400,0.715,1.180,0.288,,3.890,4.030,1.240,0.448,1.120,,1.850,5.070,1.080,,4.060,4.220,6.630,13.900,8.790,0.300,0.829,,,2.761,,,0.707,1.350,1.060,0.307
"Sep 06, 2021",1.420,0.728,1.180,0.285,,3.860,4.000,1.240,0.432,1.110,,1.850,5.080,1.070,,4.010,4.240,6.610,13.900,8.410,0.299,0.822,,,2.780,,,0.700,1.430,1.070,0.304
"Sep 05, 2021",1.420,0.725,1.190,0.277,,3.910,4.000,1.240,0.433,1.140,8.330,1.850,5.080,1.110,,4.020,4.230,6.650,13.900,9.020,0.295,0.850,55.31,,2.780,,,0.702,1.360,1.070,0.310
"Sep 04, 2021",,,,,,,,,,,,,,,,,,,,,,,,,,,,,,,
"Sep 03, 2021",,,,,,,,,,,,,,,,,,,,,,,,,,,,,,,
"Sep 02, 2021",1.410,0.726,1.190,0.279,,3.950,4.000,1.240,0.424,1.140,,1.840,5.090,1.120,,4.050,4.230,6.600,13.900,9.000,0.300,0.833,,,2.829,,,0.708,,,0.300
"Sep 01, 2021",1.410,0.725,1.200,0.279,,3.950,4.000,1.250,0.415,1.140,,1.850,5.090,1.110,,4.000,4.260,6.630,13.900,9.000,0.300,0.833,53.98,,2.829,,,0.708,,,0.302
"Aug 31, 2021",1.420,0.705,1.190,0.278,,4.010,4.000,1.260,0.408,1.130,,1.830,5.100,1.130,,3.960,4.200,6.630,13.850,9.190,0.312,0.845,,,2.761,,,0.705,1.480,1.070,0.303
"Aug 30, 2021",1.420,0.725,1.220,0.280,,4.050,4.000,1.260,0.409,1.120,,1.840,5.090,1.120,4.200,3.900,4.170,6.610,13.900,8.980,0.286,0.840,,,2.800,,,0.706,1.550,1.040,0.293
"Aug 29, 2021",1.410,0.730,1.160,0.282,,3.980,4.000,1.240,0.419,1.100,,1.860,5.120,1.140,,3.940,4.180,6.590,13.900,8.800,0.290,0.825,,,2.810,,,0.711,1.590,1.050,0.305
"Aug 28, 2021",,,,,,,,,,,,,,,,,,,,,,,,,,,,,,,
"Aug 27, 2021",,,,,,,,,,,,,,,,,,,,,,,,,,,,,,,
"Aug 26, 2021",1.430,0.733,1.180,0.270,,3.920,4.000,1.240,0.419,1.090,,1.860,5.140,1.140,,3.980,4.140,6.600,13.900,9.000,0.289,0.820,,,2.849,,,0.710,,1.090,0.301
"Aug 25, 2021",1.440,0.735,1.150,0.262,,3.850,4.000,1.240,0.405,1.110,,1.860,5.160,1.100,,3.990,4.160,6.600,13.900,9.990,0.293,0.820,,,2.829,3.10,,0.712,1.490,1.080,0.300
"Aug 24, 2021",1.400,0.749,1.150,0.268,,3.850,4.050,1.250,0.400,1.110,,1.890,5.190,1.070,,3.910,4.200,6.570,13.800,9.200,0.295,0.817,,,2.829,,,0.709,1.530,1.050,0.298
"Aug 23, 2021",1.390,0.755,1.150,0.268,,3.820,,1.240,0.408,1.110,,1.890,5.170,1.050,,3.900,4.170,6.610,13.600,8.000,0.283,0.818,,,2.780,,,0.705,1.400,1.010,0.293
"Aug 22, 2021",1.410,0.752,1.140,0.256,,3.830,4.000,1.250,0.384,1.100,,1.860,5.110,1.050,,3.880,4.130,6.550,13.650,7.830,0.283,0.810,,,2.790,,,0.716,1.390,1.000,0.271
"Aug 21, 2021",,,,,,,,,,,,,,,,,,,,,,,,,,,,,,,
"Aug 20, 2021",,,,,,,,,,,,,,,,,,,,,,,,,,,,,,,
"Aug 19, 2021",1.390,0.740,1.130,0.252,,3.750,4.000,1.240,0.384,1.090,,1.820,5.060,1.060,,3.880,4.080,6.560,13.500,7.200,0.280,0.820,,,2.780,,,0.724,1.520,,0.265
"Aug 18, 2021",1.390,0.742,1.130,0.248,,3.800,,1.220,0.387,1.090,,1.840,5.030,1.050,,3.920,4.120,6.600,13.850,6.850,0.284,0.822,,,2.829,,,0.731,1.560,1.030,0.267
"Aug 17, 2021",1.390,0.755,1.150,0.256,,3.770,4.000,1.230,0.384,1.060,7.250,1.800,5.030,1.060,,3.880,4.050,6.590,13.700,7.300,0.280,0.814,,,2.859,3.10,,0.730,,1.050,0.264
"Aug 16, 2021",1.400,0.749,1.150,0.252,,3.760,4.000,1.220,0.383,1.050,,1.780,5.000,1.050,,3.840,3.990,6.630,13.700,7.000,0.281,0.815,,,2.868,,,0.754,,1.030,0.264
"Aug 15, 2021",1.390,0.750,1.160,0.257,,3.740,4.000,1.220,0.384,1.050,,1.780,5.010,1.030,,3.800,4.050,6.560,13.400,7.300,0.287,0.819,,,2.790,,,0.758,1.580,1.040,0.255
"Aug 14, 2021",,,,,,,,,,,,,,,,,,,,,,,,,,,,,,,
"Aug 13, 2021",,,,,,,,,,,,,,,,,,,,,,,,,,,,,,,
"Aug 12, 2021",,,,,,,,,,,,,,,,,,,,,,,,,,,,,,,
"Aug 11, 2021",1.400,0.769,1.100,0.260,,3.750,,1.210,0.384,1.060,,1.770,5.020,1.030,,3.740,4.040,6.560,13.400,6.550,0.285,0.813,,,2.878,,,0.770,1.610,1.040,0.250
"Aug 10, 2021",1.390,0.756,1.060,0.257,,3.710,,1.210,0.383,1.060,,1.770,5.030,1.040,,3.720,4.010,6.630,13.600,7.030,0.280,0.812,,,2.849,,,0.765,,1.060,0.247
"Aug 09, 2021",1.400,,1.080,0.257,,3.700,4.030,1.210,0.383,1.050,,1.770,5.070,1.050,,3.750,4.030,6.610,13.600,7.800,0.285,0.817,,,2.780,,,0.768,,1.020,0.246
"Aug 08, 2021",1.400,0.750,1.090,0.259,,3.690,4.000,1.220,0.384,1.070,,1.770,5.070,1.090,,3.750,4.090,6.600,13.350,8.100,0.287,0.817,,,2.712,,,0.770,,1.060,0.246
"Aug 07, 2021",,,,,,,,,,,,,,,,,,,,,,,,,,,,,,,
"Aug 06, 2021",,,,,,,,,,,,,,,,,,,,,,,,,,,,,,,
"Aug 05, 2021",1.380,0.750,1.090,0.260,,3.620,4.010,1.230,0.383,1.070,,1.760,5.070,1.040,,3.790,4.080,6.630,13.400,7.880,0.287,0.823,,,2.751,,,0.760,1.450,1.040,0.244
"Aug 04, 2021",1.370,0.750,1.100,0.260,,3.570,4.030,,0.383,1.080,,1.790,5.080,1.030,,3.790,4.050,6.680,13.250,7.070,0.285,0.818,,,2.732,3.10,,0.769,1.540,,0.245
"Aug 03, 2021",1.360,0.750,1.070,0.261,,3.590,4.000,1.230,0.383,1.080,,1.780,4.940,1.020,4.620,3.750,4.010,6.700,13.400,7.850,0.287,0.818,,,2.732,,,0.770,1.650,1.030,0.243
"Aug 02, 2021",1.370,0.750,1.050,0.265,,3.600,4.000,1.250,0.383,1.060,,1.760,4.930,1.020,4.820,3.750,3.980,6.700,13.500,8.170,0.282,0.819,53.10,,2.683,,,0.795,,1.030,0.244
"Aug 01, 2021",1.340,0.758,1.040,0.269,,3.580,4.010,1.220,0.384,1.060,,1.750,4.890,1.020,,3.750,4.030,6.700,13.300,7.870,0.285,0.822,,,2.683,,,0.780,1.640,1.000,0.245
"Jul 31, 2021",,,,,,,,,,,,,,,,,,,,,,,,,,,,,,,
"Jul 30, 2021",,,,,,,,,,,,,,,,,,,,,,,,,,,,,,,
"Jul 29, 2021",1.360,0.746,1.060,0.272,,3.550,4.030,1.230,0.382,1.090,,1.710,4.830,1.020,,3.750,3.980,6.650,13.400,8.290,0.290,0.816,,,2.693,,,0.770,,0.995,0.245
"Jul 28, 2021",1.360,,1.070,0.266,1.750,3.650,,1.210,0.384,1.080,,1.720,4.750,1.030,,3.640,3.910,6.650,13.400,8.960,0.290,0.816,,,2.741,,,0.703,,1.030,0.246
"Jul 27, 2021",1.350,0.750,1.050,0.232,,3.740,,1.210,0.386,1.090,,1.700,4.740,1.000,,3.660,3.950,6.700,13.500,9.950,0.289,0.815,,,2.751,,,0.710,,,0.244
"Jul 26, 2021",1.350,0.760,1.110,0.227,,3.750,,1.210,0.384,1.090,,1.680,4.760,1.000,,3.650,3.930,,13.350,9.640,0.290,0.818,,,2.761,,,0.722,1.640,1.010,0.247
"Jul 25, 2021",1.350,0.760,0.970,0.235,,3.780,,1.240,0.386,1.080,,1.700,4.770,1.000,,3.690,3.990,6.780,13.500,8.390,0.280,0.812,,,2.693,,,0.707,,1.000,0.245
"Jul 24, 2021",,,,,,,,,,,,,,,,,,,,,,,,,,,,,,,
"Jul 23, 2021",,,,,,,,,,,,,,,,,,,,,,,,,,,,,,,
"Jul 22, 2021",,,,,,,,,,,,,,,,,,,,,,,,,,,,,,,
"Jul 21, 2021",,,,,,,,,,,,,,,,,,,,,,,,,,,,,,,
"Jul 20, 2021",,,,,,,,,,,,,,,,,,,,,,,,,,,,,,,
"Jul 19, 2021",,,,,,,,,,,,,,,,,,,,,,,,,,,,,,,
"Jul 18, 2021",1.340,0.736,0.965,0.235,,3.820,,1.250,0.387,1.090,,1.690,4.760,0.994,,3.630,3.940,6.680,13.100,7.300,0.294,0.810,,,2.741,,,0.709,,1.030,0.241
"Jul 17, 2021",,,,,,,,,,,,,,,,,,,,,,,,,,,,,,,
"Jul 16, 2021",,,,,,,,,,,,,,,,,,,,,,,,,,,,,,,
"Jul 15, 2021",1.340,0.731,0.962,0.235,,3.750,,1.250,0.383,1.090,,1.690,4.720,1.010,,3.610,3.940,6.700,13.250,6.440,0.295,0.812,,,2.771,,,0.675,,,0.238
"Jul 14, 2021",1.350,0.736,0.974,0.231,,3.800,,1.250,0.384,1.080,,1.690,4.750,1.010,,3.670,3.990,6.700,13.250,5.600,0.294,0.810,,,2.702,,,0.681,,1.020,0.232
"Jul 13, 2021",1.360,0.745,0.966,0.237,,3.790,4.010,1.250,0.388,1.090,,1.730,4.790,1.030,,3.710,4.000,6.750,13.050,5.290,0.299,0.812,53.27,,2.683,,,0.685,,1.030,0.253
"Jul 12, 2021",1.330,0.755,0.975,0.232,,3.810,4.010,1.250,0.390,1.080,,1.690,4.750,1.020,,3.750,4.030,6.680,13.100,4.630,0.278,0.813,,,2.683,,2.300,0.643,,1.030,0.255
"Jul 11, 2021",1.340,0.775,0.975,0.237,,3.800,,1.250,0.386,1.090,,1.700,4.800,1.010,,3.710,4.000,6.680,13.100,4.800,0.282,0.815,57.52,,2.702,,,0.632,,1.020,0.252
"Jul 10, 2021",,,,,,,,,,,,,,,,,,,,,,,,,,,,,,,
"Jul 09, 2021",,,,,,,,,,,,,,,,,,,,,,,,,,,,,,,
"Jul 08, 2021",1.350,0.775,0.975,0.241,,3.850,4.010,1.260,0.384,1.110,,1.690,4.810,1.010,4.200,3.690,4.030,6.680,13.400,5.010,0.283,0.810,,,2.663,,,0.609,,0.970,0.255
"Jul 07, 2021",1.350,0.725,0.980,0.243,,3.900,,1.270,0.388,1.110,,1.690,4.800,0.991,,3.680,4.030,6.720,13.400,5.270,0.286,0.807,54.87,,2.683,,,0.606,,1.040,0.257
"Jul 06, 2021",1.350,0.730,0.977,0.249,,3.880,4.010,1.260,0.391,1.130,,1.690,4.790,1.000,,3.700,4.120,6.620,13.100,5.400,0.285,0.808,,,2.683,,,0.609,,1.040,0.259
"Jul 05, 2021",1.340,0.732,0.990,0.251,,3.960,4.010,1.250,0.392,1.150,,1.700,4.840,1.000,,3.620,4.160,6.700,13.250,5.000,0.289,0.815,,,2.654,,,0.600,,1.040,0.263
"Jul 04, 2021",1.340,0.761,0.990,0.243,,3.950,4.000,1.270,0.397,1.150,,1.680,4.850,1.020,,3.650,4.150,6.810,13.250,5.150,0.287,0.825,,,2.702,,,0.606,1.630,1.010,0.263
"Jul 03, 2021",,,,,,,,,,,,,,,,,,,,,,,,,,,,,,,
"Jul 02, 2021",,,,,,,,,,,,,,,,,,,,,,,,,,,,,,,
"Jul 01, 2021",1.350,0.763,0.990,0.243,,3.950,,1.280,0.391,1.150,,1.700,4.830,1.010,,3.700,4.160,6.760,13.400,5.100,0.293,0.825,,,2.722,,,0.611,,1.040,0.265
"Jun 30, 2021",1.330,0.778,0.960,0.249,,3.900,4.050,1.280,0.395,1.160,,1.700,4.820,1.040,,3.700,4.160,6.880,13.250,5.100,0.295,0.834,,,2.751,,,0.606,,1.030,0.265
"Jun 29, 2021",1.340,0.780,0.955,0.249,,3.940,,1.280,0.390,1.160,,1.700,4.860,1.010,,3.750,4.180,6.880,13.400,5.100,0.286,0.832,,,2.741,,,0.615,,1.000,0.270
"Jun 28, 2021",1.340,0.770,0.964,0.245,,3.960,4.050,1.280,0.391,1.170,,1.720,4.830,1.000,,3.800,4.210,6.840,13.550,5.400,0.290,0.830,,,2.780,,,0.620,,1.000,0.265
"Jun 27, 2021",1.360,0.794,0.966,0.245,,3.960,4.050,1.280,0.393,1.190,,1.730,4.880,0.993,,3.830,4.280,6.730,13.800,5.250,0.305,0.830,,,2.800,,,0.619,,,0.270
"Jun 26, 2021",,,,,,,,,,,,,,,,,,,,,,,,,,,,,,,
"Jun 25, 2021",,,,,,,,,,,,,,,,,,,,,,,,,,,,,,,
"Jun 24, 2021",1.350,0.790,0.969,0.246,,3.980,4.050,1.280,0.388,1.170,,1.710,4.870,0.992,,3.830,4.230,6.730,13.800,5.050,0.300,0.831,,,2.702,,,0.610,,1.020,0.270
"Jun 23, 2021",1.360,0.789,0.969,0.251,1.700,3.980,4.050,1.300,0.392,1.190,,1.710,4.890,1.000,,3.850,4.230,6.720,13.850,5.600,0.302,0.834,,,2.771,,,0.622,,,0.272
"Jun 22, 2021",1.350,0.780,0.960,0.241,,3.920,,1.280,0.390,1.190,,1.700,4.890,1.000,,3.860,4.170,6.730,13.900,5.300,0.305,0.834,,,2.780,,,0.616,1.740,1.000,0.269
"Jun 21, 2021",1.350,0.790,0.948,0.249,,3.950,,1.280,0.387,1.180,,1.710,4.880,1.020,,3.810,4.120,6.740,13.900,5.400,0.305,0.836,,,2.800,,,0.615,1.660,1.030,0.268
"Jun 20, 2021",1.380,0.785,0.954,0.251,,3.940,,1.280,0.387,1.160,,1.720,4.900,1.000,,3.830,4.090,6.790,13.950,5.980,0.313,0.839,,2.300,2.761,,,0.605,1.620,1.040,0.270
"Jun 19, 2021",,,,,,,,,,,,,,,,,,,,,,,,,,,,,,,
"Jun 18, 2021",,,,,,,,,,,,,,,,,,,,,,,,,,,,,,,
"Jun 17, 2021",1.390,0.766,0.956,0.252,,3.920,,1.280,0.390,1.190,,1.730,4.940,,,3.870,4.110,6.750,14.000,5.820,0.310,0.841,,,2.771,,,0.617,1.500,1.030,0.269
"Jun 16, 2021",1.370,0.760,0.951,0.251,,3.990,,1.280,0.392,1.170,,1.710,4.900,,,3.740,4.100,6.780,13.750,6.200,0.310,0.850,,,2.771,,,0.615,1.500,1.030,0.270
"Jun 15, 2021",1.390,0.745,0.954,0.255,,4.030,4.050,1.300,0.396,1.190,,1.740,4.970,1.000,,3.790,4.160,6.840,13.800,6.200,0.316,0.858,59.29,,2.780,,,0.620,,1.030,0.274
"Jun 14, 2021",1.380,0.745,0.944,0.258,,4.080,,1.290,0.397,1.210,,1.740,5.010,1.000,,3.770,4.130,6.810,13.800,6.200,0.317,0.855,59.29,,2.790,3.05,,0.620,1.500,1.010,0.272
"Jun 13, 2021",1.370,0.740,0.925,0.253,,4.060,4.000,1.310,0.397,1.150,,1.720,5.020,0.996,,3.750,4.090,6.860,13.550,6.110,0.309,0.847,,,2.741,3.05,2.300,0.612,1.500,1.020,0.273
"Jun 12, 2021",,,,,,,,,,,,,,,,,,,,,,,,,,,,,,,
"Jun 11, 2021",,,,,,,,,,,,,,,,,,,,,,,,,,,,,,,
"Jun 10, 2021",1.360,0.735,0.943,0.257,,4.100,,1.300,0.397,1.150,,1.660,5.020,1.000,,3.780,4.060,6.910,13.700,6.300,0.320,0.846,,,2.741,,,0.614,1.620,,0.275
"Jun 09, 2021",1.380,0.732,0.937,0.257,,4.100,4.050,1.280,0.403,1.140,,1.650,5.000,1.010,,3.730,4.060,6.910,13.550,6.650,0.321,0.858,,,2.771,,,0.618,,1.040,0.276
"Jun 08, 2021",1.380,0.725,0.950,0.254,,4.070,,1.300,0.401,1.150,,1.660,4.980,1.010,,3.750,4.100,6.960,13.500,6.300,0.320,0.846,,,2.780,,2.450,0.622,1.580,1.030,0.277
"Jun 07, 2021",1.380,0.725,0.960,0.255,,4.080,,1.300,0.399,1.150,,1.670,4.970,1.020,4.310,3.720,4.110,6.760,13.650,6.990,0.312,0.839,,,2.741,,,0.627,1.580,1.030,0.278
"Jun 06, 2021",1.380,0.730,0.955,0.258,,4.120,,1.280,0.401,1.150,,1.650,4.920,1.010,4.400,3.620,4.050,6.730,13.650,6.830,0.312,0.838,,,2.751,,,0.630,,1.030,0.278
"Jun 05, 2021",,,,,,,,,,,,,,,,,,,,,,,,,,,,,,,
"Jun 04, 2021",,,,,,,,,,,,,,,,,,,,,,,,,,,,,,,
"Jun 03, 2021",1.380,0.730,0.956,0.259,,4.050,,1.400,0.400,1.120,,1.650,4.860,1.010,,3.710,4.040,6.690,13.800,7.100,0.320,0.835,,,2.732,3.05,,0.620,1.420,1.030,0.280
"Jun 02, 2021",1.380,0.740,0.957,0.265,1.770,4.080,3.950,1.450,0.403,1.140,,1.660,4.870,1.010,4.120,3.650,4.040,6.650,14.000,7.120,0.318,0.837,,,2.741,,2.480,0.625,,1.040,0.280
"Jun 01, 2021",1.390,0.728,0.956,0.265,,4.130,3.950,1.410,0.415,1.160,,1.660,4.830,1.040,,3.640,4.050,6.630,14.000,7.300,0.319,0.834,53.10,,2.732,3.00,,0.620,,1.030,0.280
"May 31, 2021",1.370,0.745,0.956,0.260,,4.100,,1.360,0.403,1.130,,1.650,4.770,1.000,,3.520,3.950,6.630,13.800,7.050,0.322,0.826,,,2.761,,,0.620,,1.030,0.278
"May 30, 2021",1.380,0.738,0.963,0.265,,4.140,,1.410,0.401,1.160,,1.670,4.810,1.020,4.100,3.530,4.020,6.640,13.550,7.300,0.331,0.830,53.98,,2.800,,,0.625,,1.030,0.280
"May 29, 2021",,,,,,,,,,,,,,,,,,,,,,,,,,,,,,,
"May 28, 2021",,,,,,,,,,,,,,,,,,,,,,,,,,,,,,,
"May 27, 2021",1.380,0.740,0.977,0.261,,4.200,,1.400,0.401,1.170,,1.710,4.830,1.020,,3.590,4.030,6.590,13.500,7.500,0.332,0.830,,,2.790,,2.500,0.627,1.550,1.040,0.275
"May 26, 2021",1.380,0.741,0.970,0.265,,4.100,,1.380,0.393,1.160,,1.710,4.890,1.010,4.400,3.460,4.070,6.640,13.600,7.300,0.330,0.840,,,2.810,,,0.625,1.690,1.040,0.280
"May 25, 2021",1.380,0.740,0.960,0.272,,4.170,,1.390,0.396,1.160,,1.680,4.880,1.020,,3.520,4.080,6.620,13.000,7.780,0.330,0.835,54.87,,2.771,,,0.625,,1.020,0.283
"May 24, 2021",1.370,0.750,0.960,0.263,1.670,4.160,3.950,1.420,0.384,1.150,,1.680,4.830,1.020,4.200,3.500,4.080,6.550,12.900,7.790,0.332,0.840,,,2.732,,,0.625,,1.030,0.279
"May 23, 2021",1.370,0.755,0.960,0.259,,4.250,,1.400,0.384,1.170,,1.680,4.760,1.030,,3.570,4.140,6.500,12.800,7.500,0.335,0.840,,,2.790,,2.230,0.624,,1.050,0.284
"May 22, 2021",,,,,,,,,,,,,,,,,,,,,,,,,,,,,,,
"May 21, 2021",,,,,,,,,,,,,,,,,,,,,,,,,,,,,,,
"May 20, 2021",1.340,0.718,0.961,0.257,,4.200,3.850,1.350,0.382,1.140,,1.630,4.670,1.010,4.500,3.500,4.030,6.480,12.850,7.490,0.323,0.836,,2.400,2.810,,,0.620,,1.010,0.280
"May 19, 2021",1.350,0.717,0.940,0.261,,4.150,,1.270,0.367,1.080,,1.570,4.590,1.020,4.500,3.450,3.980,6.500,12.650,8.000,0.329,0.841,,,2.868,,,0.617,,1.010,0.278
"May 18, 2021",1.360,0.711,0.925,0.253,,4.190,,1.250,0.366,1.070,,1.600,4.580,1.030,,3.430,3.910,6.580,12.750,7.990,0.324,0.837,,,2.810,,,0.610,1.770,1.030,0.274
"May 17, 2021",1.300,0.713,0.902,0.248,,4.050,,1.240,0.366,1.060,,1.590,4.560,1.030,4.950,3.160,3.880,6.560,12.600,7.990,0.327,0.835,,,2.859,,,0.605,,1.000,0.275
"May 16, 2021",1.290,0.720,0.900,0.254,,4.000,,1.240,0.367,1.080,,1.600,4.550,1.040,,3.060,3.900,6.640,12.350,7.750,0.332,0.836,,,2.859,,,0.604,1.600,0.998,0.278
"May 15, 2021",,,,,,,,,,,,,,,,,,,,,,,,,,,,,,,
"May 14, 2021",,,,,,,,,,,,,,,,,,,,,,,,,,,,,,,
"May 13, 2021",,,,,,,,,,,,,,,,,,,,,,,,,,,,,,,
"May 12, 2021",,,,,,,,,,,,,,,,,,,,,,,,,,,,,,,
"May 11, 2021",,,,,,,,,,,,,,,,,,,,,,,,,,,,,,,
"May 10, 2021",1.290,0.718,0.892,0.237,,4.000,,1.270,0.362,1.090,,1.610,4.550,1.010,,2.990,4.000,6.750,12.600,8.290,0.318,0.836,,,2.859,,,0.610,,0.995,0.280
"May 09, 2021",1.300,0.718,0.888,0.240,,4.010,,1.270,0.360,1.100,,1.610,4.540,1.010,,3.030,4.000,6.710,12.450,7.250,0.315,0.833,,,2.878,,,0.610,,,0.271
"May 08, 2021",,,,,,,,,,,,,,,,,,,,,,,,,,,,,,,
"May 07, 2021",,,,,,,,,,,,,,,,,,,,,,,,,,,,,,,
"May 06, 2021",1.290,0.720,0.903,0.234,,4.060,4.070,1.230,0.358,1.090,,1.610,4.490,1.000,,2.940,3.910,6.720,12.450,6.850,0.315,0.830,,,2.849,,,0.609,,1.010,0.271
"May 05, 2021",1.300,0.711,0.905,0.236,,4.100,4.070,1.240,0.360,1.070,,1.610,4.490,1.000,,2.920,3.910,6.630,12.200,6.100,0.320,0.820,,,2.878,,,0.618,,1.010,0.272
"May 04, 2021",1.300,0.712,0.900,0.241,,4.040,,1.230,0.359,1.070,,1.610,4.450,1.010,,2.890,3.900,6.590,12.300,5.800,0.323,0.815,,,2.829,,2.470,0.608,,,0.273
"May 03, 2021",1.310,0.728,0.898,0.251,,3.980,,1.230,0.360,1.090,,1.590,4.500,1.020,,2.870,3.910,6.650,12.400,5.180,0.327,0.820,,2.400,2.829,,,0.617,,0.993,0.268
"May 02, 2021",1.280,0.729,0.895,0.247,,3.910,,1.220,0.359,1.060,,1.550,4.440,1.020,,2.850,3.840,6.600,12.350,4.890,0.327,0.810,,,2.829,3.10,,0.629,,0.992,0.267
"May 01, 2021",,,,,,,,,,,,,,,,,,,,,,,,,,,,,,,
"Apr 30, 2021",,,,,,,,,,,,,,,,,,,,,,,,,,,,,,,
"Apr 29, 2021",1.280,0.708,0.905,0.215,,3.910,,1.200,0.353,1.060,,1.540,4.450,1.000,,2.750,3.730,6.530,12.450,4.700,0.330,0.811,,,2.820,,,0.627,,1.030,0.264
"Apr 28, 2021",1.310,0.709,0.880,0.216,,4.000,,1.200,0.357,1.080,,1.540,4.470,1.030,,2.710,3.760,6.510,12.500,4.860,0.321,0.815,,,2.849,,,0.649,,1.100,0.266
"Apr 27, 2021",1.310,0.710,0.889,0.218,,4.000,,1.210,0.357,1.080,7.500,1.550,4.510,,,2.680,3.820,6.660,12.350,4.230,0.317,0.819,,,2.868,,,0.650,,1.070,0.267
"Apr 26, 2021",1.290,0.711,0.885,0.223,,4.050,,1.230,0.358,1.070,,1.550,4.560,1.010,,2.750,3.870,6.700,12.350,3.710,0.319,0.906,,,2.849,,,0.641,,1.050,0.270
"Apr 25, 2021",1.290,0.711,0.885,0.223,,4.050,4.000,1.210,0.363,1.090,,1.550,4.520,1.020,,2.700,3.850,6.650,12.100,4.120,0.327,0.920,,,2.849,2.80,,0.650,,1.070,0.271
"Apr 24, 2021",,,,,,,,,,,,,,,,,,,,,,,,,,,,,,,
"Apr 23, 2021",,,,,,,,,,,,,,,,,,,,,,,,,,,,,,,
"Apr 22, 2021",1.300,0.715,0.881,0.210,,4.050,,1.190,0.360,1.090,,1.560,4.520,1.030,,2.710,3.870,6.660,12.000,4.570,0.321,0.939,,,2.878,,,0.650,1.650,,0.269
"Apr 21, 2021",1.290,0.718,0.880,0.222,,4.080,4.030,1.180,0.351,1.070,,1.560,4.490,1.030,,2.690,3.760,6.720,11.900,5.070,0.318,0.948,,,2.859,2.47,,0.654,,1.060,0.266
"Apr 20, 2021",1.300,0.710,0.880,0.225,,4.070,,1.210,0.358,1.080,,1.560,4.520,1.040,,2.730,3.810,6.750,12.050,5.630,0.307,0.955,,,2.849,,,0.645,1.540,1.050,0.268
"Apr 19, 2021",1.300,0.702,0.880,0.221,,4.070,,1.220,0.355,1.070,,1.640,4.540,1.030,,2.680,3.880,6.730,11.950,6.250,0.310,0.940,,,2.829,,,0.635,,1.050,0.263
"Apr 18, 2021",1.290,0.710,0.860,0.220,,4.090,,1.260,0.364,1.090,,1.640,4.530,1.030,,2.750,3.950,6.750,11.700,6.930,0.304,0.932,,,2.839,,,0.653,1.620,1.030,0.264
"Apr 17, 2021",,,,,,,,,,,,,,,,,,,,,,,,,,,,,,,
"Apr 16, 2021",,,,,,,,,,,,,,,,,,,,,,,,,,,,,,,
"Apr 15, 2021",1.330,0.713,0.859,0.225,,4.040,,1.240,0.362,1.060,,1.650,4.500,1.040,,2.670,3.880,6.800,11.950,7.690,0.309,0.920,,,2.839,,,0.647,,1.010,0.267
"Apr 14, 2021",1.250,0.701,0.853,0.216,,3.960,,1.200,0.350,1.040,,1.630,4.500,1.030,,2.540,3.660,6.700,11.700,7.970,0.308,0.907,,,2.927,,,0.638,,1.030,0.263
"Apr 13, 2021",1.270,0.705,0.857,0.217,1.670,4.050,,1.190,0.350,1.050,,1.640,4.510,1.020,,2.590,3.660,6.710,11.450,8.260,0.320,0.895,,2.390,2.878,,,0.639,,1.040,0.264
"Apr 12, 2021",1.290,0.707,0.858,0.222,,4.090,,1.200,0.350,1.040,,1.620,4.590,1.040,,2.550,3.670,6.890,11.650,7.190,0.320,0.888,,,2.780,,,0.648,,1.030,0.265
"Apr 11, 2021",1.270,0.720,0.860,0.224,,4.090,,1.220,0.353,1.040,,1.630,4.600,1.050,,2.530,3.730,6.700,11.650,6.330,0.333,0.900,,,2.732,,,0.635,,1.000,0.266
"Apr 10, 2021",,,,,,,,,,,,,,,,,,,,,,,,,,,,,,,
"Apr 09, 2021",,,,,,,,,,,,,,,,,,,,,,,,,,,,,,,
"Apr 08, 2021",1.280,0.710,0.848,0.221,,4.060,,1.200,0.353,1.040,,1.630,4.620,1.060,,2.510,3.660,6.760,11.650,6.010,0.334,0.893,,,2.732,,,0.632,,1.050,0.265
"Apr 07, 2021",1.250,0.712,0.850,0.245,,4.080,,1.180,0.349,1.030,,1.630,4.600,1.050,,2.470,3.600,6.860,11.400,6.670,0.342,0.890,,,2.732,,,0.626,,1.030,0.265
"Apr 06, 2021",1.280,0.716,0.855,0.263,,4.090,4.090,1.210,0.354,1.050,,1.640,4.600,1.080,,2.470,3.610,6.880,11.500,7.410,0.343,0.885,,,2.810,,,0.660,,1.070,0.267
"Apr 05, 2021",1.250,0.719,0.855,0.275,,4.050,,1.210,0.353,1.040,,1.630,4.650,1.080,,2.500,3.600,6.900,11.500,8.230,0.338,0.877,,,2.771,,,0.660,,1.030,0.268
"Apr 04, 2021",1.260,0.721,0.853,0.281,,3.970,,1.200,0.354,1.040,,1.620,4.550,1.080,,2.500,3.550,6.880,11.450,9.140,0.338,0.880,,,2.722,,,0.654,,1.050,0.267
"Apr 03, 2021",,,,,,,,,,,,,,,,,,,,,,,,,,,,,,,
"Apr 02, 2021",,,,,,,,,,,,,,,,,,,,,,,,,,,,,,,
"Apr 01, 2021",1.270,0.719,0.859,0.274,,3.940,,1.180,0.353,1.040,,1.640,4.550,1.080,,2.540,3.570,7.090,11.450,10.150,0.342,0.890,,,2.732,,,0.656,1.470,1.060,0.267
"Mar 31, 2021",1.260,0.740,0.850,0.271,,3.930,,1.200,0.347,1.030,,1.620,4.550,1.070,,2.520,3.540,7.000,11.500,11.250,0.347,0.890,,,2.732,,,0.660,,0.975,0.267
"Mar 30, 2021",1.250,0.726,0.846,0.258,,3.900,4.090,1.230,0.353,1.050,,1.630,4.540,1.070,,2.570,3.570,7.080,11.500,12.500,0.344,0.877,,,2.722,,,0.660,,0.953,0.270
"Mar 29, 2021",1.260,0.744,0.848,0.247,,3.920,,1.290,0.364,1.050,,1.630,4.540,1.060,,2.610,3.550,6.980,11.300,13.400,0.347,0.883,,,2.682,,,0.664,,0.959,0.270
"Mar 28, 2021",1.220,0.718,0.854,0.215,,3.850,,1.130,0.343,1.030,,1.610,4.570,1.050,,2.550,3.450,6.920,11.000,14.600,0.347,0.850,,,2.701,,,0.664,,0.970,0.265
"Mar 27, 2021",,,,,,,,,,,,,,,,,,,,,,,,,,,,,,,
"Mar 26, 2021",,,,,,,,,,,,,,,,,,,,,,,,,,,,,,,
"Mar 25, 2021",1.250,0.721,0.837,,,3.800,,1.100,0.342,1.050,,1.630,4.570,1.040,,2.540,3.450,6.920,10.900,16.200,0.340,0.850,,,2.672,,,0.638,,,0.267
"Mar 24, 2021",1.250,,0.838,0.220,,3.800,4.100,1.100,0.343,1.040,,1.630,4.770,1.040,,2.600,3.460,6.920,10.800,,0.340,0.857,,,2.615,,,0.649,,0.910,0.265
"Mar 23, 2021",1.250,,0.841,0.218,,3.810,4.050,1.100,0.343,1.060,,1.610,4.800,1.050,,2.600,3.500,7.060,10.950,,0.341,0.854,,,2.625,,,0.650,,0.910,0.267
"Mar 22, 2021",1.250,0.720,0.850,0.220,,3.820,,1.080,0.346,1.060,,1.620,4.800,1.060,,2.600,3.530,7.100,11.200,16.200,0.335,0.853,,,2.615,,,0.660,,0.909,0.266
"Mar 21, 2021",1.260,0.738,0.869,0.217,,3.910,,1.110,0.345,1.080,,1.600,4.790,1.070,4.500,2.630,3.560,7.200,11.600,,0.343,0.860,,,2.596,,,0.670,,,
"Mar 20, 2021",,,,,,,,,,,,,,,,,,,,,,,,,,,,,,,
"Mar 19, 2021",,,,,,,,,,,,,,,,,,,,,,,,,,,,,,,
"Mar 18, 2021",1.250,0.738,0.878,0.224,,3.870,4.050,1.100,0.343,1.070,,1.600,4.800,1.060,,2.700,3.650,7.200,11.800,17.250,0.350,0.860,,,2.596,,,0.670,1.400,0.900,0.262
"Mar 17, 2021",1.280,0.738,0.872,0.216,,3.930,4.050,1.140,0.347,1.070,,1.600,4.780,1.060,,2.760,3.650,7.120,11.600,15.000,0.345,0.859,,,2.615,,,0.670,1.350,,0.264
"Mar 16, 2021",1.300,0.738,0.890,0.216,,3.900,4.050,1.160,0.346,1.090,,1.610,4.800,1.040,,2.860,3.700,7.170,11.700,15.000,0.343,0.861,,,2.606,,,0.685,1.310,0.900,0.262
"Mar 15, 2021",1.290,,0.900,0.215,,3.810,4.100,1.150,0.350,1.100,,1.630,4.820,1.040,,2.840,3.740,7.100,11.550,14.300,0.346,0.865,,,2.606,,,0.691,,0.900,0.264
"Mar 14, 2021",1.270,0.737,0.882,0.219,,3.860,4.100,1.120,0.354,1.080,,1.590,4.820,1.040,,2.850,3.650,7.050,11.600,14.300,0.348,0.860,,,2.548,,,0.690,1.450,0.870,0.264
"Mar 13, 2021",,,,,,,,,,,,,,,,,,,,,,,,,,,,,,,
"Mar 12, 2021",,,,,,,,,,,,,,,,,,,,,,,,,,,,,,,
"Mar 11, 2021",1.270,0.732,0.875,0.215,,3.750,4.100,1.130,0.357,1.050,,1.540,4.710,1.050,,2.830,3.590,7.050,11.650,14.300,0.352,0.875,,,2.577,,,0.710,1.320,0.908,0.265
"Mar 10, 2021",1.290,0.754,0.865,0.210,,3.770,4.050,1.150,0.354,1.050,,1.490,4.640,1.010,,2.800,3.590,7.000,11.350,15.850,0.353,0.865,,,2.548,,,0.705,,0.900,0.263
"Mar 09, 2021",1.290,0.750,0.854,0.215,,3.820,,1.140,0.353,1.050,,1.500,4.670,1.020,,2.750,3.540,7.000,11.200,17.600,0.352,0.867,,,2.577,,,0.700,1.450,0.900,0.263
"Mar 08, 2021",1.270,0.749,0.849,0.220,,3.880,,1.170,0.354,1.050,,1.480,4.720,1.040,,2.770,3.560,7.000,11.050,19.550,0.354,0.848,,,2.586,,,0.702,,0.920,0.263
"Mar 07, 2021",1.270,0.727,0.849,0.223,,3.930,,1.210,0.357,1.070,,1.490,4.770,1.050,,2.800,3.630,6.800,10.800,21.700,0.359,0.835,,,2.577,,,0.702,,0.900,0.263
"Mar 06, 2021",,,,,,,,,,,,,,,,,,,,,,,,,,,,,,,
"Mar 05, 2021",,,,,,,,,,,,,,,,,,,,,,,,,,,,,,,
"Mar 04, 2021",1.260,0.750,0.840,0.224,,3.840,,1.230,0.355,1.070,,1.500,4.800,1.070,,2.750,3.660,6.900,11.100,24.100,0.354,0.830,57.52,,2.634,,,0.700,1.500,0.902,0.266
"Mar 03, 2021",1.240,0.744,0.832,0.223,,3.810,4.050,1.200,0.355,1.060,7.500,1.510,4.840,1.080,,2.870,3.710,6.890,11.350,,0.354,0.832,,,2.606,,,0.694,1.500,0.915,0.265
"Mar 02, 2021",1.250,0.725,0.834,0.220,,3.830,4.050,1.200,0.358,1.070,7.300,1.540,4.830,1.040,5.000,2.770,3.630,6.960,11.200,,0.345,0.830,,,2.615,,,0.684,1.410,0.948,0.263
"Mar 01, 2021",1.260,0.722,0.828,0.220,,3.820,4.050,1.190,0.358,1.070,7.300,1.500,4.790,1.040,,2.700,3.570,7.000,11.150,,0.340,0.828,,,2.634,,,0.675,,0.906,0.266
"Feb 28, 2021",1.260,0.730,0.803,0.220,,3.900,4.050,1.180,0.358,1.060,7.500,1.480,4.790,1.070,,2.750,3.580,6.830,11.150,,0.338,0.829,,,2.653,,,0.680,,0.945,0.264
"Feb 27, 2021",,,,,,,,,,,,,,,,,,,,,,,,,,,,,,,
"Feb 26, 2021",,,,,,,,,,,,,,,,,,,,,,,,,,,,,,,
"Feb 25, 2021",1.260,0.736,0.804,0.220,1.590,3.880,4.050,1.180,0.355,1.000,7.500,1.440,4.750,1.040,,2.670,3.490,6.800,11.200,,0.340,0.827,57.52,,2.672,,,0.680,,,0.262
"Feb 24, 2021",1.250,0.735,0.799,0.219,1.670,3.830,,1.120,0.347,0.999,7.500,1.440,4.760,1.030,,2.670,3.520,6.650,10.950,26.750,0.345,0.825,,,2.663,,,0.684,,0.950,0.260
"Feb 23, 2021",1.250,0.764,0.800,0.221,,3.940,4.050,1.150,0.359,1.030,7.500,1.470,4.770,1.060,,2.660,3.580,6.630,11.350,,0.345,0.820,,,2.672,,,0.676,1.560,0.958,0.265
"Feb 22, 2021",1.260,0.750,0.795,0.220,,3.920,4.050,1.140,0.359,1.010,7.500,1.470,4.780,1.040,,2.580,3.610,6.440,11.350,28.150,0.363,0.830,,,2.625,,,0.689,,,0.267
"Feb 21, 2021",1.250,0.753,0.806,0.226,,4.090,,1.190,0.366,1.000,7.500,1.490,4.790,1.040,,2.620,3.670,6.320,11.500,,0.363,0.838,,,2.606,,,0.700,,0.962,0.271
"Feb 20, 2021",,,,,,,,,,,,,,,,,,,,,,,,,,,,,,,
"Feb 19, 2021",,,,,,,,,,,,,,,,,,,,,,,,,,,,,,,
"Feb 18, 2021",1.240,0.775,0.803,0.235,,4.140,4.000,1.220,,1.020,7.500,1.500,4.790,1.020,,2.680,3.700,6.350,11.450,,0.364,0.850,,,2.567,2.15,,0.709,,0.968,0.272
"Feb 17, 2021",1.270,,0.804,0.229,,4.100,,1.240,0.370,1.030,7.500,1.540,4.730,1.040,,2.780,3.750,6.270,11.700,,0.363,0.849,57.52,,2.586,,,0.700,,0.972,0.273
"Feb 16, 2021",1.270,0.754,0.807,0.233,,4.250,4.000,1.220,0.364,1.050,7.340,1.550,4.800,1.050,,2.800,3.780,6.350,11.650,,0.365,0.859,,,2.615,,,0.710,,,0.275
"Feb 15, 2021",1.260,0.752,0.810,0.230,,4.250,4.000,1.240,0.372,1.060,7.340,1.560,,1.090,,2.820,3.840,6.390,11.750,29.600,0.366,0.849,,,2.625,,2.150,0.710,,0.970,0.276
"Feb 14, 2021",1.260,0.760,0.800,0.234,,4.120,4.000,1.240,0.378,1.060,7.330,1.560,4.930,1.100,,2.910,3.770,6.400,11.600,31.150,0.364,0.880,56.73,,2.644,,2.150,0.724,,0.950,0.272
"Feb 13, 2021",,,,,,,,,,,,,,,,,,,,,,,,,,,,,,,
"Feb 12, 2021",,,,,,,,,,,,,,,,,,,,,,,,,,,,,,,
"Feb 11, 2021",1.260,0.760,0.798,0.241,,4.160,4.000,1.260,0.375,1.100,,1.550,4.930,1.060,,2.840,3.790,6.450,11.650,,0.368,0.858,,,2.606,,2.100,0.715,,,0.270
"Feb 10, 2021",1.240,0.752,0.790,0.241,,4.200,,1.280,0.378,1.060,,1.530,4.930,1.040,,2.830,3.840,6.410,11.600,32.750,0.360,0.838,,,2.606,,,0.719,,0.954,0.272
"Feb 09, 2021",1.240,0.751,0.791,0.247,,4.410,,1.300,0.378,1.080,7.330,1.500,4.970,1.070,,2.880,3.840,6.510,11.600,,0.356,0.839,,,,,,0.721,,0.934,0.272
"Feb 08, 2021",1.210,0.756,0.796,0.244,,4.450,,1.300,0.383,1.130,6.380,1.510,5.000,1.120,,2.860,3.800,6.750,11.350,34.450,0.365,0.859,,,2.653,,,0.723,1.580,0.951,0.272
"Feb 07, 2021",1.250,0.751,0.787,0.245,,4.420,,1.310,0.387,1.150,5.550,1.510,5.000,0.985,4.940,2.910,3.840,6.710,11.600,35.750,0.360,0.816,,,2.663,,,0.725,,0.945,0.275
"Feb 06, 2021",,,,,,,,,,,,,,,,,,,,,,,,,,,,,,,
"Feb 05, 2021",,,,,,,,,,,,,,,,,,,,,,,,,,,,,,,
"Feb 04, 2021",1.220,0.751,0.793,0.246,,4.430,,1.340,0.388,1.150,,1.560,5.010,1.010,4.940,2.880,3.840,6.700,11.600,31.100,0.362,0.809,,,2.634,,,0.715,,0.905,0.273
"Feb 03, 2021",1.280,,0.801,0.251,,,,1.360,0.391,1.180,4.830,1.640,5.040,0.996,,3.010,3.940,6.770,11.700,27.050,0.370,0.821,,,2.653,2.20,,0.725,,0.929,0.278
"Feb 02, 2021",1.290,0.755,0.806,0.257,,4.410,,1.390,0.390,1.240,,1.650,5.040,0.995,,3.000,3.940,6.700,11.850,23.550,0.374,0.817,,,2.663,,,0.719,,0.890,0.282
"Feb 01, 2021",1.270,0.743,0.808,0.251,,4.400,,1.360,0.388,1.240,,1.640,5.010,1.000,,2.990,3.860,6.690,11.650,20.500,0.382,0.810,,,2.634,,,0.717,,0.890,0.281
"Jan 31, 2021",1.250,0.750,0.809,0.248,,4.320,,1.340,0.383,1.220,,1.620,4.950,0.990,,2.890,3.730,6.600,11.600,17.850,0.371,0.805,,,2.577,,,0.714,,0.920,0.278
"Jan 30, 2021",,,,,,,,,,,,,,,,,,,,,,,,,,,,,,,
"Jan 29, 2021",,,,,,,,,,,,,,,,,,,,,,,,,,,,,,,
"Jan 28, 2021",1.270,0.769,0.808,0.251,,4.400,3.950,1.370,0.387,1.230,,1.650,5.040,0.982,,2.940,3.800,6.650,11.800,,0.384,0.810,,,2.644,,,0.713,,,0.279
"Jan 27, 2021",1.310,0.779,0.810,0.253,,4.390,,1.370,0.395,1.250,,1.670,5.100,1.000,,3.000,3.870,6.670,11.900,,0.384,0.820,,,2.691,2.20,,0.725,,,0.283
"Jan 26, 2021",1.300,0.779,0.816,0.252,1.750,4.400,3.950,1.360,0.396,1.250,,1.660,5.000,0.990,,3.000,3.870,6.600,11.600,15.550,0.383,0.815,,,2.634,,,0.720,,0.960,0.282
"Jan 25, 2021",1.290,0.780,0.812,0.255,,4.340,,1.370,0.401,1.260,,1.680,5.040,1.000,,3.050,3.940,6.620,11.750,13.550,0.403,0.812,,,2.710,,,0.735,,0.933,0.284
"Jan 24, 2021",1.310,0.773,0.808,0.255,,4.360,,1.380,0.404,1.240,,1.660,5.040,1.000,,3.040,3.940,6.600,11.550,11.800,0.406,0.818,,,2.758,,,0.727,1.580,0.966,0.283
"Jan 23, 2021",,,,,,,,,,,,,,,,,,,,,,,,,,,,,,,
"Jan 22, 2021",,,,,,,,,,,,,,,,,,,,,,,,,,,,,,,
"Jan 21, 2021",1.360,0.790,0.815,0.255,,4.410,3.900,1.400,0.407,1.260,,1.670,5.030,1.010,,3.080,4.020,6.500,11.600,,0.410,0.829,,,2.682,,,0.745,,0.933,0.288
"Jan 20, 2021",1.380,0.803,0.822,0.262,,4.400,,1.420,0.413,1.260,,1.690,5.120,1.000,,3.150,4.170,6.590,11.950,10.300,0.420,0.838,59.69,,2.653,,,0.769,1.530,0.965,0.292
"Jan 19, 2021",1.390,0.800,0.813,0.261,,4.400,3.950,1.400,0.390,1.190,,1.680,5.080,1.010,,3.040,4.130,6.690,11.450,,0.420,0.844,,,2.567,,,0.762,,0.979,0.290
"Jan 18, 2021",1.370,0.799,0.820,0.265,,4.410,,1.430,0.388,1.210,,1.690,5.000,1.010,,3.020,4.060,5.840,11.550,8.970,0.430,0.842,62.83,,2.567,,,0.745,1.590,,0.294
"Jan 17, 2021",1.370,0.801,0.820,0.263,,4.340,3.930,1.390,0.383,1.140,,1.680,4.960,1.020,,3.000,4.000,5.800,11.450,,0.430,0.845,,,2.548,,,0.749,,0.979,0.288
"Jan 16, 2021",,,,,,,,,,,,,,,,,,,,,,,,,,,,,,,
"Jan 15, 2021",,,,,,,,,,,,,,,,,,,,,,,,,,,,,,,
"Jan 14, 2021",1.360,0.791,0.828,0.257,,4.340,,1.410,0.393,1.150,,1.660,4.970,1.010,,3.060,4.020,5.800,11.450,,0.439,0.840,,,2.558,,,0.760,,0.970,0.288
"Jan 13, 2021",1.360,0.809,0.827,0.265,,4.340,3.950,1.460,0.400,1.180,,1.700,4.980,1.050,,3.090,4.080,5.770,11.450,,0.449,0.845,,,2.548,,,0.722,,,0.298
"Jan 12, 2021",1.400,0.810,0.822,0.261,1.770,4.340,,1.450,0.399,1.180,,1.700,4.930,1.030,,3.010,4.020,5.760,11.300,,0.457,0.840,,,2.577,,,0.717,1.590,0.979,0.299
"Jan 11, 2021",1.390,0.797,0.840,0.268,1.770,4.370,3.950,1.480,0.395,1.170,,1.720,4.870,1.040,,3.050,4.040,5.770,11.200,,0.435,0.842,,,2.586,,,0.724,,0.978,0.299
"Jan 10, 2021",1.380,0.771,0.835,0.272,1.770,4.390,,1.450,0.393,1.170,,1.690,4.830,1.040,,2.960,4.040,5.730,11.000,7.800,0.440,0.845,,,2.558,,,0.727,,0.957,0.302
"Jan 09, 2021",,,,,,,,,,,,,,,,,,,,,,,,,,,,,,,
"Jan 08, 2021",,,,,,,,,,,,,,,,,,,,,,,,,,,,,,,
"Jan 07, 2021",1.320,0.774,0.827,0.265,1.780,4.430,3.900,1.390,0.386,1.180,,1.630,4.690,1.040,,2.850,3.920,5.750,11.000,6.790,0.440,0.845,,,2.558,,,0.705,,,0.293
"Jan 06, 2021",1.310,0.756,0.825,0.258,1.770,4.400,,1.380,0.376,1.110,,1.610,4.680,1.050,,2.830,3.880,5.740,10.900,,0.434,0.852,61.77,,2.548,,,0.690,,0.975,0.290
"Jan 05, 2021",1.340,0.768,0.820,0.261,,4.440,3.850,1.380,0.370,0.983,,1.590,4.700,1.040,,2.860,3.880,5.750,11.000,5.910,0.435,0.841,,,2.567,,,0.683,,0.974,0.281
"Jan 04, 2021",1.300,0.779,0.824,0.255,1.810,4.450,,1.370,0.370,0.950,,1.530,4.660,1.040,,2.830,3.770,5.770,10.950,,0.429,0.844,,,2.567,,,0.688,1.580,0.955,0.281
"Jan 03, 2021",1.280,,0.820,0.250,,4.350,,1.320,0.370,0.920,,1.470,4.580,1.050,,2.750,3.580,5.710,10.500,,0.408,0.836,,,2.567,,,0.670,,0.964,0.280
"Jan 02, 2021",,,,,,,,,,,,,,,,,,,,,,,,,,,,,,,
"Jan 01, 2021",,,,,,,,,,,,,,,,,,,,,,,,,,,,,,,
