,BKNZ ,HBMO ,AAIC ,AMCI ,BKDB ,BKMB ,BKSB ,OEIO ,SPSI ,NBOB ,VOES ,DCFI ,AMII ,AMAT ,CMII ,OIFC ,SPFI ,OCOI ,NFCI ,BATP ,SIHC ,ORDS ,NGCI ,GECS ,UFCI ,SSPW ,DIDI ,RCCI ,GFIC ,ABOB ,GMPI ,ATMI ,MCDE ,DBIH ,FINC ,AACT ,AOFS ,OFCI ,PHPC ,NAPI ,OMVS ,RNSS ,GICI ,MGMC ,AJSS ,DICS ,ONES ,OCAI ,OOMS ,SHPS ,SOMS ,SHRQ ,MTMI ,OUIC ,BACS ,OETI ,OFMI ,KPCS ,ORCI ,TFCI ,SUWP ,OSCI ,OCHL ,MHAS ,NDTI ,MSPW ,OTEL ,HECI ,BWPC ,MGCI ,MCTI ,AFAI ,SFMI ,GHOS 
"Dec 31, 2021",,,,,,,,,,,,,,,,,,,,,,,,,,,,,,,,,,,,,,,,,,,,,,,,,,,,,,,,,,,,,,,,,,,,,,,,,,
"Dec 30, 2021",0.097,,0.093,0.446,,0.461,0.117,0.063,,0.197,0.115,,,0.094,,0.143,0.190,0.247,,0.048,,0.380,,0.073,0.058,,,,0.063,0.116,,0.368,,,,0.430,0.120,0.060,0.050,0.135,0.306,0.428,0.093,0.164,0.346,,0.084,,,,,,,0.378,,,0.784,,,0.071,0.048,,,0.684,,,0.752,0.018,,,,,,
"Dec 29, 2021",0.098,0.105,0.092,0.460,0.126,0.467,0.115,,,0.196,0.112,,0.048,0.095,0.037,0.149,0.190,0.244,,0.048,0.092,0.380,0.127,0.073,0.059,,,0.240,0.062,0.118,,0.366,0.090,0.041,,0.430,,0.056,0.049,0.133,0.310,0.436,,,0.350,,,,,0.039,,,,,,,0.760,,,,0.048,,,,,,0.752,,,,,,1.000,
"Dec 28, 2021",0.098,0.104,,0.466,0.125,0.474,0.114,0.065,,0.196,0.106,,,0.096,,0.147,,0.244,,0.048,0.090,0.380,0.128,0.073,0.060,,,0.248,0.062,0.117,,0.366,,,,0.426,0.120,,0.049,0.133,0.310,0.432,,,0.352,,0.084,,,,,,,,,,,,,0.071,,,,0.692,,,0.744,,,,,,,
"Dec 27, 2021",0.098,0.104,0.095,0.488,0.130,0.472,0.114,0.060,,0.195,0.105,,,0.094,,0.145,,0.242,,0.049,0.088,0.376,0.129,0.073,0.059,,,0.250,0.060,0.116,,0.360,0.091,,,0.404,,,0.048,0.130,0.306,0.426,0.096,0.164,0.344,,0.084,,,0.038,,,,,,,,,,0.070,0.048,,,,,,0.740,,,,,,,
"Dec 26, 2021",0.098,0.104,0.093,0.490,0.126,0.470,0.114,0.061,,0.195,0.112,,,0.095,0.043,0.144,,,,,0.089,0.372,,0.073,,,,0.250,0.060,0.117,,0.358,,,,0.410,,0.056,0.048,,0.300,0.430,,0.163,0.340,,0.084,,,0.040,,,,0.364,,,,,,0.071,0.049,,,0.692,,,0.740,,,,,,,
"Dec 25, 2021",,,,,,,,,,,,,,,,,,,,,,,,,,,,,,,,,,,,,,,,,,,,,,,,,,,,,,,,,,,,,,,,,,,,,,,,,,
"Dec 24, 2021",,,,,,,,,,,,,,,,,,,,,,,,,,,,,,,,,,,,,,,,,,,,,,,,,,,,,,,,,,,,,,,,,,,,,,,,,,
"Dec 23, 2021",0.098,0.104,0.094,0.490,0.126,0.472,0.115,0.065,,0.192,,,,0.096,,0.145,,0.240,0.092,0.049,,0.370,0.129,0.075,,,,0.246,0.061,0.118,,0.362,0.092,,,0.400,0.120,,0.050,0.135,0.306,0.430,,0.164,0.344,,0.084,,0.888,0.041,,,,0.360,,,,,,,0.049,,0.190,0.660,,,0.736,,,,,,1.000,
"Dec 22, 2021",0.098,0.103,0.094,0.500,0.126,0.474,0.112,0.065,,0.192,,,0.048,0.094,,0.145,,0.242,0.092,0.047,0.088,0.364,0.128,0.074,0.060,,,0.244,0.063,0.116,,0.364,0.090,,,0.390,0.118,0.055,0.050,0.133,0.310,0.428,,,0.340,,0.084,,,,,0.11,,0.350,0.146,,0.788,,,0.071,0.048,,,,,,0.744,,,,,,,
"Dec 21, 2021",0.097,0.103,0.093,,,0.474,0.115,0.064,,0.187,0.107,,,0.095,,0.143,,0.242,,0.048,0.084,0.360,,0.074,0.055,,,0.240,0.062,0.117,,0.348,0.089,,,0.396,,,0.048,0.127,0.300,0.428,,0.163,0.324,,,,0.888,0.038,,,0.077,,,,,,,0.070,0.049,,,,,,0.728,,,,,,,
"Dec 20, 2021",0.097,0.103,0.093,0.470,0.125,0.467,,0.064,,0.189,,,0.048,0.095,,0.142,,0.236,,0.049,,0.354,0.128,0.075,0.052,,,0.240,0.060,0.114,,0.346,0.090,,,0.390,0.118,0.058,0.048,0.130,0.300,0.418,0.096,,,,0.084,,,,,,,,,,,,,0.070,0.049,,,,,,0.716,,,,,,,
"Dec 19, 2021",0.096,0.100,0.094,0.480,,0.470,0.114,,,0.185,,,0.048,0.095,,0.145,,0.233,,0.048,,0.358,0.130,0.075,0.053,0.073,,0.234,0.062,0.116,,0.342,0.090,,,0.398,0.120,0.060,0.048,,,0.424,,,,,0.084,,,,,,,,,,,,,0.070,0.049,,,0.616,,,0.716,,,,,,,
"Dec 18, 2021",,,,,,,,,,,,,,,,,,,,,,,,,,,,,,,,,,,,,,,,,,,,,,,,,,,,,,,,,,,,,,,,,,,,,,,,,,
"Dec 17, 2021",,,,,,,,,,,,,,,,,,,,,,,,,,,,,,,,,,,,,,,,,,,,,,,,,,,,,,,,,,,,,,,,,,,,,,,,,,
"Dec 16, 2021",0.096,0.095,0.094,0.490,,0.470,0.114,0.065,0.600,0.185,,,0.053,,,0.143,0.200,0.230,,0.048,,0.340,,0.072,0.052,0.073,,,0.061,0.116,,0.348,0.089,,,0.400,0.120,0.060,0.048,0.133,0.300,0.420,0.096,0.164,0.328,,0.084,,,,,,0.069,0.348,,,0.788,,,0.070,0.049,,,,0.572,,0.708,0.018,,,,,,
"Dec 15, 2021",0.096,,0.095,0.480,,0.467,0.113,0.065,,0.188,,,0.053,0.094,,0.144,0.180,,0.089,0.048,0.085,,0.127,0.073,0.053,0.073,,,0.060,0.115,,0.346,,,,,,,0.047,0.139,0.304,0.426,0.095,,,,0.084,,,0.040,,,,0.320,,,0.788,,,0.070,0.049,,,,,,0.704,0.015,,,,,,
"Dec 14, 2021",0.096,0.093,0.095,0.490,,0.470,0.114,,,0.190,0.110,,,0.094,,0.141,,0.236,,0.048,0.086,0.350,0.129,,0.050,,,0.234,0.059,0.114,,0.350,,,,0.376,0.118,,0.048,,0.304,0.430,0.096,,0.322,,,,,,,,,,0.146,,0.788,,,0.070,0.049,0.101,,0.616,,,0.700,0.015,,,,,,
"Dec 13, 2021",0.095,0.092,0.094,0.520,0.125,0.472,0.108,0.065,,0.188,,0.078,,0.095,,0.140,0.200,0.235,,0.048,,0.350,,0.074,,,,,0.060,0.110,,0.354,0.089,,,0.380,,,0.048,,0.308,0.430,,0.164,0.338,,0.084,1.015,,0.039,,0.11,,,0.157,,0.788,,,0.070,0.048,,,0.608,,,0.700,,,0.146,,,1.100,
"Dec 12, 2021",0.095,0.091,0.095,0.502,0.125,0.467,0.107,,0.600,0.184,0.112,,,,,0.139,,0.235,,0.049,,,,0.073,0.051,0.073,,0.236,,0.113,,0.350,0.092,,,0.390,,0.063,0.049,,0.306,0.430,,0.163,0.340,,,,,0.039,,,,0.350,,,0.788,,,0.070,0.048,,,,,,0.704,,,0.156,,,,
"Dec 11, 2021",,,,,,,,,,,,,,,,,,,,,,,,,,,,,,,,,,,,,,,,,,,,,,,,,,,,,,,,,,,,,,,,,,,,,,,,,,
"Dec 10, 2021",,,,,,,,,,,,,,,,,,,,,,,,,,,,,,,,,,,,,,,,,,,,,,,,,,,,,,,,,,,,,,,,,,,,,,,,,,
"Dec 09, 2021",0.096,0.093,0.095,0.502,0.124,0.470,0.108,,,0.185,0.112,,,0.095,0.034,0.141,,0.236,,0.048,,0.350,,0.074,0.052,0.073,,,0.060,0.110,,0.356,0.098,,,0.400,0.124,0.066,0.048,0.137,0.306,0.440,,,0.330,,0.085,1.025,0.816,0.040,,,,,,,0.788,,1.680,0.069,0.049,,,0.652,,,0.708,,,,,,,
"Dec 08, 2021",0.095,,0.096,0.500,,0.474,0.109,0.067,0.600,0.190,0.112,,,0.095,0.035,0.140,0.200,0.238,,,0.090,0.340,,0.074,,0.077,,,0.061,0.112,,0.358,0.096,,,0.390,,0.065,0.048,0.140,,0.450,,,0.328,,0.086,,,,0.912,,,0.350,,,,,,0.071,0.050,,,,,,0.700,,,,,,,
"Dec 07, 2021",0.095,,0.096,0.490,0.125,0.472,0.110,0.068,,0.190,,,,0.096,,0.139,,,,0.048,,0.330,0.129,0.075,,,,0.238,0.060,0.112,,,0.096,,,0.390,,0.065,0.049,0.141,0.310,0.440,,0.163,0.318,,,1.035,,0.040,0.892,0.12,,,,,,,,0.071,0.049,,,0.668,,0.30,0.696,,,,,,,
"Dec 06, 2021",0.095,,0.095,0.494,0.125,0.463,0.106,,,0.190,,,0.053,0.096,0.037,0.138,,0.236,0.092,0.049,0.086,0.340,,0.074,0.053,,,0.238,,0.112,,,0.097,,,0.380,,,0.049,0.139,0.310,0.422,,,0.324,,0.084,0.960,0.892,,,,,,,,,,1.700,0.071,0.049,,,,,0.30,0.700,0.021,,,,,,
"Dec 05, 2021",0.096,0.092,,0.500,0.127,0.457,0.106,,,,0.110,,,,,0.138,,0.238,,0.049,0.086,0.358,,,,,,0.238,0.062,0.112,,0.360,0.097,,,0.380,,0.062,0.049,0.140,0.310,0.410,,0.162,0.320,,,0.960,,0.040,0.900,,,,0.157,0.229,,,,0.071,0.049,,,,,,0.704,,,,,,,
"Dec 04, 2021",,,,,,,,,,,,,,,,,,,,,,,,,,,,,,,,,,,,,,,,,,,,,,,,,,,,,,,,,,,,,,,,,,,,,,,,,,
"Dec 03, 2021",,,,,,,,,,,,,,,,,,,,,,,,,,,,,,,,,,,,,,,,,,,,,,,,,,,,,,,,,,,,,,,,,,,,,,,,,,
"Dec 02, 2021",0.095,0.093,0.096,0.490,0.126,0.457,0.106,,,0.192,0.112,,,0.095,,0.138,,0.238,,0.049,0.086,0.358,0.130,0.074,,,,0.238,,0.110,,0.350,0.095,,,0.380,,,0.050,0.138,0.310,0.430,,,0.352,,,0.956,,,0.900,,,,,,0.772,,1.700,0.071,0.053,,,0.668,0.538,0.30,0.708,,,,,,,
"Dec 01, 2021",0.095,0.091,0.097,,0.128,0.457,0.107,0.069,,,0.112,,,0.095,,0.137,,,,0.052,0.085,0.360,0.131,0.074,,,,,0.062,,,0.356,,,,0.382,,0.062,0.049,0.140,0.314,0.438,,0.165,,,,,0.892,0.040,,0.12,,0.344,,,0.780,,,,0.052,,,,,,0.712,,,,,,,
"Nov 30, 2021",0.094,0.092,0.094,0.510,0.128,0.451,0.104,0.066,,0.192,0.104,,,0.094,,0.138,0.210,0.238,,0.051,,0.356,0.131,0.074,0.053,0.078,,0.238,0.061,0.111,,0.356,0.093,,,0.390,,0.057,0.049,0.147,0.310,0.438,0.096,,0.334,,0.085,0.940,0.896,0.041,0.860,,,0.322,,,,,1.750,0.070,0.051,,,0.660,,,0.700,,,,,,,
"Nov 29, 2021",,,,,,,,,,,,,,,,,,,,,,,,,,,,,,,,,,,,,,,,,,,,,,,,,,,,,,,,,,,,,,,,,,,,,,,,,,
"Nov 28, 2021",,,,,,,,,,,,,,,,,,,,,,,,,,,,,,,,,,,,,,,,,,,,,,,,,,,,,,,,,,,,,,,,,,,,,,,,,,
"Nov 27, 2021",,,,,,,,,,,,,,,,,,,,,,,,,,,,,,,,,,,,,,,,,,,,,,,,,,,,,,,,,,,,,,,,,,,,,,,,,,
"Nov 26, 2021",,,,,,,,,,,,,,,,,,,,,,,,,,,,,,,,,,,,,,,,,,,,,,,,,,,,,,,,,,,,,,,,,,,,,,,,,,
"Nov 25, 2021",0.099,0.093,0.096,,,0.482,0.110,0.069,,,0.115,,,0.096,,0.142,0.205,,0.092,0.052,0.089,0.360,0.133,0.076,0.054,,,0.247,,0.112,,0.366,0.095,,,0.390,0.124,0.058,0.050,0.141,,0.448,,,0.340,,0.087,,,0.042,,,,0.342,,0.238,,,,0.073,0.052,,,0.672,,0.31,0.744,,,,,,,
"Nov 24, 2021",0.100,0.093,0.096,,0.135,0.480,0.111,0.069,,0.192,,,0.056,0.095,0.039,0.141,0.205,,,0.051,0.087,0.358,0.130,0.075,0.053,,,0.240,0.064,0.111,,0.362,0.095,,,0.390,0.121,,0.049,0.143,0.312,0.444,,0.163,0.330,0.195,0.087,,,0.042,,,,0.330,,,,,1.700,0.072,0.052,,,0.672,,,0.736,,,0.162,,,,
"Nov 23, 2021",0.097,0.092,0.093,,0.132,0.478,0.106,0.068,0.598,0.194,0.115,,,0.093,,0.139,,0.239,,0.051,0.083,0.360,,0.074,0.052,0.078,,0.244,,0.111,,0.360,0.095,,,,0.117,,0.049,0.131,0.312,0.446,,0.163,0.326,,0.085,,0.896,,0.860,,,0.310,,,,,,0.070,0.052,,,,,0.32,0.736,,,,,,,
"Nov 22, 2021",0.097,0.091,0.095,,0.135,0.476,0.105,0.068,,0.194,0.120,,,0.094,,0.138,,0.237,,0.051,0.087,0.364,,0.075,0.053,,,0.249,0.061,0.110,,,0.093,,,0.390,0.120,0.061,0.049,0.136,0.310,0.440,,0.164,0.330,,0.086,1.000,,0.041,,,,0.310,,,0.788,,,0.072,0.052,,,,,,0.740,,,,,,,
"Nov 21, 2021",0.097,0.093,0.096,,0.132,0.465,0.106,0.068,,0.194,0.115,,0.057,0.096,0.040,0.138,,0.235,,0.051,0.088,0.366,0.130,0.075,0.054,0.071,,0.248,0.060,0.111,,0.366,0.094,,,0.394,0.119,0.058,0.049,0.133,0.314,0.430,,0.166,0.340,,0.085,,0.904,0.041,,,,,,,0.788,,,,0.051,,,,,,0.740,,,,,,,
"Nov 20, 2021",,,,,,,,,,,,,,,,,,,,,,,,,,,,,,,,,,,,,,,,,,,,,,,,,,,,,,,,,,,,,,,,,,,,,,,,,,
"Nov 19, 2021",,,,,,,,,,,,,,,,,,,,,,,,,,,,,,,,,,,,,,,,,,,,,,,,,,,,,,,,,,,,,,,,,,,,,,,,,,
"Nov 18, 2021",0.097,0.092,0.097,0.516,0.132,0.474,0.107,0.070,,0.189,,,,0.096,0.040,0.138,,0.239,,0.051,,0.368,0.132,0.076,0.055,0.073,,0.245,0.063,0.112,,,0.091,,,0.396,0.120,0.063,0.050,0.139,0.314,0.420,,,0.336,,0.085,,0.900,,,0.12,,,0.158,,0.788,,,,0.052,,,,,,0.740,,,,,,,
"Nov 17, 2021",0.096,0.092,0.097,0.510,0.132,0.469,0.107,,,,0.117,,,0.095,0.040,0.138,0.210,0.239,,0.052,0.088,0.364,,0.076,0.055,,,0.238,,0.110,,0.372,0.084,,,0.396,0.118,0.063,0.049,0.143,0.310,0.420,,,,,0.085,,,0.041,,,,,0.158,,,,,0.071,0.052,,,0.672,,0.31,0.740,,,,,,,
"Nov 16, 2021",0.094,,0.096,0.510,0.132,0.467,0.106,0.068,,,0.118,,,0.096,0.040,0.138,,0.238,0.091,0.051,0.088,0.360,0.130,0.076,0.055,0.080,,0.240,0.062,0.110,,0.370,0.078,,,0.400,0.113,0.062,0.050,0.146,0.310,0.430,,0.166,,,0.085,,,0.040,0.920,,,,,,0.792,,1.750,0.071,0.052,,,0.676,,,0.740,,,,,,,
"Nov 15, 2021",0.094,0.091,0.097,0.500,0.130,0.467,0.105,0.069,,,0.118,,,0.097,,0.137,,0.238,0.088,0.052,0.088,0.358,0.133,0.076,,,,0.240,0.062,0.110,,,,,,0.398,0.114,,0.049,0.147,0.310,0.430,,,0.350,,0.087,,,,,,,,,,,,1.750,0.072,0.053,,,0.676,,,0.736,,,,,,,
"Nov 14, 2021",0.094,,,0.500,,0.461,0.104,,,,0.118,,,0.096,,0.138,,,,0.051,0.088,0.354,0.134,0.077,,,,0.238,0.063,,,,0.078,,,0.398,0.117,,0.050,0.145,0.308,0.436,,,,,,,0.896,0.043,,,,0.326,,,,,,,0.051,,,0.676,,0.31,0.736,,,,,,,
"Nov 13, 2021",,,,,,,,,,,,,,,,,,,,,,,,,,,,,,,,,,,,,,,,,,,,,,,,,,,,,,,,,,,,,,,,,,,,,,,,,,
"Nov 12, 2021",,,,,,,,,,,,,,,,,,,,,,,,,,,,,,,,,,,,,,,,,,,,,,,,,,,,,,,,,,,,,,,,,,,,,,,,,,
"Nov 11, 2021",0.095,0.091,0.100,0.510,0.130,0.463,0.104,0.070,,0.194,,,0.058,0.097,0.040,0.140,,0.237,0.091,0.052,0.089,0.360,,0.077,0.056,0.078,0.198,,0.063,0.109,,0.374,0.079,,,0.404,0.118,,0.050,0.148,0.316,0.446,,0.166,0.350,,,,,,,,,,0.155,0.246,,,,,0.052,,,0.676,,,0.740,0.020,,,,,,
"Nov 10, 2021",0.094,0.091,0.100,0.510,,0.461,0.104,,,0.187,0.122,,,0.098,,0.141,,0.237,0.091,0.052,0.091,0.366,0.134,0.078,0.056,,,,0.063,0.111,,0.366,0.078,,,0.420,,,0.050,0.150,0.314,,,,,,,1.050,,,,,,,0.157,,0.788,,,0.072,0.052,,0.200,0.680,,,0.736,0.020,,,,,,
"Nov 09, 2021",0.094,0.092,0.098,0.516,,0.465,0.104,0.068,,0.185,0.118,,0.061,0.096,,0.138,,0.237,,0.051,,0.366,0.130,0.077,0.056,,,0.239,,,,0.370,,,,0.434,0.118,,0.050,0.144,0.308,0.444,,,0.350,,0.088,1.020,,,,,,0.336,0.155,,,,,0.073,0.052,,,0.688,,,0.736,,,,,,,
"Nov 08, 2021",0.095,0.093,0.097,0.524,0.128,0.465,0.104,,,0.194,0.122,,,0.097,0.040,0.139,,,,0.052,0.091,0.370,0.136,0.077,,,,0.240,0.064,,0.240,0.372,0.078,,,0.428,0.114,,0.049,0.146,0.314,,,,0.360,,0.087,0.980,,0.040,,,,,,,,,,,0.053,,0.200,0.688,,0.30,0.740,,,,,,,
"Nov 07, 2021",,0.093,0.099,,0.130,0.457,0.103,0.070,,0.194,,,,0.097,,0.138,,0.235,,0.052,0.092,0.376,0.132,0.078,0.057,,,,0.064,0.111,,0.372,,,,,0.118,0.063,0.049,0.148,0.310,0.450,,,,,0.088,0.940,0.904,0.041,,0.12,,,,,,,,,0.052,,,0.696,,,0.752,0.021,,,,,,
"Nov 06, 2021",,,,,,,,,,,,,,,,,,,,,,,,,,,,,,,,,,,,,,,,,,,,,,,,,,,,,,,,,,,,,,,,,,,,,,,,,,
"Nov 05, 2021",,,,,,,,,,,,,,,,,,,,,,,,,,,,,,,,,,,,,,,,,,,,,,,,,,,,,,,,,,,,,,,,,,,,,,,,,,
"Nov 04, 2021",0.095,0.093,0.098,0.516,,0.457,0.101,0.071,,,,,,0.096,0.040,0.135,,0.235,,0.051,,0.372,0.131,0.078,0.057,0.079,,0.238,,0.110,,0.380,0.079,0.050,,0.434,0.114,,0.049,0.147,0.308,0.456,,,,,,0.900,,0.040,,,,,,,,,1.750,0.074,,,0.200,,,,0.748,0.017,,,,,,
"Nov 03, 2021",0.096,0.092,0.099,,0.132,0.457,,0.071,,,0.123,,0.057,0.097,0.036,0.136,,0.237,0.095,0.051,0.092,0.380,0.135,0.078,0.057,0.082,,0.240,0.064,0.111,,0.380,0.079,,,0.438,0.118,0.068,0.049,0.149,0.310,0.450,,,0.350,0.195,0.087,,,,,,,,,0.240,,,,0.074,0.052,,,,,,0.740,,,,,,,
"Nov 02, 2021",0.095,0.092,0.099,0.516,0.132,0.457,,0.073,,0.194,0.122,,,0.097,,0.138,0.220,,,0.051,0.093,0.380,0.135,0.078,0.057,0.084,,0.240,0.064,0.111,,0.384,0.080,,,0.438,0.118,0.070,0.049,0.144,0.312,0.456,,,0.354,,,,0.892,,,,,0.346,,0.250,,,,0.074,0.053,,,0.680,,,0.736,,,,,,,
"Nov 01, 2021",0.094,0.093,0.100,0.530,0.132,0.459,0.104,,,0.190,0.125,,,0.097,0.035,0.138,,0.237,,0.052,0.093,0.380,0.135,0.078,0.057,0.084,0.208,0.240,0.065,0.110,,0.390,0.080,,,0.430,0.118,,0.050,0.133,0.310,0.460,,0.161,,,,,,,0.920,,,0.330,,,0.792,,,0.075,0.053,,0.200,,,,0.760,,,,,,,
"Oct 31, 2021",0.095,0.092,0.100,0.528,0.130,0.463,0.103,0.070,,,,,0.060,0.095,,0.136,0.220,0.236,0.098,0.052,,0.380,0.133,0.078,0.057,0.084,,0.240,0.064,0.111,,0.386,,,,0.420,0.118,,0.048,0.127,0.310,0.458,,,,,0.088,,,,,,,0.320,,,0.796,,,0.074,0.053,,,,,,0.764,,,,,,,
"Oct 30, 2021",,,,,,,,,,,,,,,,,,,,,,,,,,,,,,,,,,,,,,,,,,,,,,,,,,,,,,,,,,,,,,,,,,,,,,,,,,
"Oct 29, 2021",,,,,,,,,,,,,,,,,,,,,,,,,,,,,,,,,,,,,,,,,,,,,,,,,,,,,,,,,,,,,,,,,,,,,,,,,,
"Oct 28, 2021",0.095,0.092,0.100,0.520,0.130,0.467,0.104,0.070,,,0.122,,,0.095,,0.137,,0.237,,0.052,0.093,0.378,0.133,0.078,0.058,,,0.241,0.064,0.112,,0.376,0.080,,,0.420,,0.068,0.048,0.127,,0.450,,,0.366,,0.088,0.940,,0.043,,,,0.320,0.160,0.240,,,,0.073,0.053,,0.190,,,,0.740,,,,,,,
"Oct 27, 2021",0.094,0.092,0.101,0.522,0.130,0.461,0.101,0.070,,0.194,0.125,,,0.096,0.035,0.135,,0.238,0.099,,0.092,0.376,0.133,0.078,0.058,0.084,,0.240,0.064,0.111,,0.376,0.078,,,0.410,0.113,0.068,0.048,0.129,,0.456,,,0.362,0.195,0.090,0.920,,,,,,0.320,,,,,1.750,0.072,,,0.190,0.680,,,0.740,,,,,,,
"Oct 26, 2021",0.094,0.091,0.097,0.504,0.129,0.467,0.097,,,0.195,0.125,,0.057,0.097,0.033,0.132,,0.237,0.102,0.052,0.090,0.376,0.131,0.077,0.054,0.084,,0.236,0.062,0.113,,0.372,0.083,,,0.410,0.114,,0.048,0.120,0.316,0.456,0.095,,0.356,0.190,0.084,0.892,0.904,,,,,0.316,,0.265,0.796,,,0.071,0.052,,0.190,0.720,,,0.740,,,,,,,
"Oct 25, 2021",0.095,0.092,0.100,,0.125,0.453,0.095,0.070,,0.195,0.122,,0.059,0.097,0.033,0.134,0.227,0.239,,0.053,0.092,0.378,0.134,0.078,0.056,0.083,,,0.062,,,0.378,0.084,,,0.420,0.113,0.069,0.049,0.122,0.314,0.456,0.095,0.167,0.370,0.190,0.088,,0.900,,,,,0.310,0.155,,0.796,,,0.072,0.052,,0.190,0.732,,,0.736,,,,,,,
"Oct 24, 2021",,0.090,0.098,0.512,0.123,0.465,0.096,0.070,,0.193,,,0.057,0.097,0.034,0.135,,0.238,,0.051,,0.378,0.133,0.078,0.056,0.083,,0.235,,0.110,,0.374,,,,0.420,0.117,,0.048,0.126,0.314,0.450,,,0.372,,0.088,0.896,,,0.920,0.12,,,,0.264,0.792,,,0.072,0.051,,,0.732,,,0.740,,,,,,,
"Oct 23, 2021",,,,,,,,,,,,,,,,,,,,,,,,,,,,,,,,,,,,,,,,,,,,,,,,,,,,,,,,,,,,,,,,,,,,,,,,,,
"Oct 22, 2021",,,,,,,,,,,,,,,,,,,,,,,,,,,,,,,,,,,,,,,,,,,,,,,,,,,,,,,,,,,,,,,,,,,,,,,,,,
"Oct 21, 2021",0.095,,0.102,0.526,0.124,0.457,0.093,,,0.193,,,,0.098,0.034,0.137,0.252,,0.105,0.051,,0.378,,0.079,,0.084,,0.248,0.063,0.110,0.260,0.380,,,,0.420,0.117,,0.049,0.127,0.312,0.460,0.112,,,,0.089,,0.920,0.047,0.920,,0.071,0.318,,0.262,0.792,,,0.073,0.052,,,,,,0.740,,,,,,,
"Oct 20, 2021",0.096,0.089,0.103,,0.122,0.453,0.093,,,0.194,,,0.060,0.098,0.034,0.139,,0.238,0.105,0.052,0.094,0.378,0.137,0.080,0.057,0.082,,,,,0.240,0.390,,,,0.420,,,0.048,0.129,0.308,0.450,,,0.372,,0.088,,0.900,,,,,0.320,,,,,,0.072,0.052,,,,,,0.736,,,,,,,
"Oct 19, 2021",,,,,,,,,,,,,,,,,,,,,,,,,,,,,,,,,,,,,,,,,,,,,,,,,,,,,,,,,,,,,,,,,,,,,,,,,,
"Oct 18, 2021",0.096,0.089,0.104,0.528,0.122,0.455,0.091,0.069,,0.194,,,0.060,0.097,0.032,0.140,0.300,0.240,,0.052,,0.378,0.136,0.078,0.056,0.082,,0.250,0.065,0.110,0.260,0.392,0.082,,,,,,0.048,0.133,0.308,0.466,,0.167,0.372,,0.088,0.896,0.896,0.047,0.920,,,0.330,0.161,,0.792,,,0.073,0.052,,,,,0.33,0.736,,,,,,,
"Oct 17, 2021",,0.090,0.104,,,0.450,0.091,0.070,,,,,,0.100,,0.138,0.338,0.240,,0.052,0.095,0.380,0.135,0.078,0.058,,,0.250,0.065,0.109,0.251,0.358,,,,,0.118,,0.048,0.124,0.314,0.450,,0.166,,,0.090,,0.900,,0.940,0.12,,,,,0.800,,,0.074,0.052,,,0.728,,0.33,0.732,,,,,,,
"Oct 16, 2021",,,,,,,,,,,,,,,,,,,,,,,,,,,,,,,,,,,,,,,,,,,,,,,,,,,,,,,,,,,,,,,,,,,,,,,,,,
"Oct 15, 2021",,,,,,,,,,,,,,,,,,,,,,,,,,,,,,,,,,,,,,,,,,,,,,,,,,,,,,,,,,,,,,,,,,,,,,,,,,
"Oct 14, 2021",0.094,0.089,0.107,,,0.442,0.091,,0.600,0.190,,0.078,,0.100,,0.139,,0.237,,0.052,,0.380,0.138,0.079,0.058,,,,0.068,0.110,,0.320,,,,,0.118,0.075,0.047,0.120,,,,,,,0.090,0.900,0.900,,,0.12,,0.350,,,,,1.575,0.074,0.052,,,0.692,,,0.740,,,,,,,
"Oct 13, 2021",0.096,0.089,0.109,0.536,,0.448,0.092,0.075,,0.193,,,0.060,,,0.138,0.310,0.240,0.108,0.051,0.096,,0.140,0.082,0.058,,,0.250,0.067,0.110,,0.344,,,,0.430,0.114,,0.047,0.118,0.310,,,,,,0.091,0.920,,,,,,,,,,,,0.076,,,,0.692,,,0.740,,,,,,,
"Oct 12, 2021",0.096,0.089,,0.538,0.120,0.448,0.091,,,0.193,,,,0.102,,,0.320,0.238,,0.051,,0.378,,0.083,0.058,,,0.252,0.067,0.110,,0.344,0.080,,,0.430,,0.075,0.047,0.120,0.316,,,,0.380,,0.093,,0.900,,0.940,,,,,,,,,,0.051,,,0.692,,,0.732,0.020,,,,,,
"Oct 11, 2021",0.094,0.089,0.111,0.530,,0.436,0.092,,,0.193,,,,0.103,,0.140,0.330,0.236,,0.052,,0.376,0.140,0.085,,0.080,,0.253,0.067,0.109,,0.350,,,,0.440,0.110,0.074,0.046,0.130,0.314,0.468,,0.166,0.376,,0.092,0.980,,0.047,0.920,,,0.350,,,0.792,0.190,,0.076,0.051,,,0.688,,,0.736,,,,,,,
"Oct 10, 2021",0.095,0.089,0.113,,0.118,0.444,0.091,,,0.191,,,,0.103,,0.140,0.340,0.240,0.100,0.051,,0.380,,0.083,0.058,0.080,,0.258,0.067,0.110,,0.376,,,,,,0.074,0.046,0.141,0.314,0.460,,,0.380,,0.091,0.980,,,,,,0.340,,,0.792,,,0.076,,,,0.692,,,0.744,0.020,,,,,,
"Oct 09, 2021",,,,,,,,,,,,,,,,,,,,,,,,,,,,,,,,,,,,,,,,,,,,,,,,,,,,,,,,,,,,,,,,,,,,,,,,,,
"Oct 08, 2021",,,,,,,,,,,,,,,,,,,,,,,,,,,,,,,,,,,,,,,,,,,,,,,,,,,,,,,,,,,,,,,,,,,,,,,,,,
"Oct 07, 2021",0.096,0.089,,0.540,0.119,0.448,0.092,,,0.190,,,0.060,0.102,,0.140,0.344,0.232,,0.051,,0.380,0.139,0.076,0.057,,,0.265,0.067,0.108,,0.348,0.076,,,0.476,,0.074,0.047,0.141,0.308,0.464,,,0.380,,0.089,,,0.043,,,,0.344,,,,,,,0.051,,,,,,0.744,0.020,,,,,,
"Oct 06, 2021",0.094,0.090,0.113,0.540,0.118,0.442,,0.072,,0.188,,,0.060,0.101,,0.140,0.344,0.228,,0.050,0.096,0.384,0.141,0.077,0.057,,,0.250,0.065,,,0.352,,,,0.486,,0.075,0.047,,0.310,0.468,0.106,,0.380,,,,,0.045,0.920,,,0.344,,,,,,,,,,0.692,,0.30,0.736,,,,,,,
"Oct 05, 2021",0.093,0.089,0.113,0.544,0.117,0.436,0.090,,,0.187,,,,0.100,,0.140,,0.227,,,,0.380,,0.076,0.057,,0.220,0.250,,0.114,,0.358,,,,0.488,,,0.046,0.142,0.308,0.470,,,0.380,,,,1.010,,,,,,,0.260,0.756,,,,0.050,,,,,,0.736,,,,,,,
"Oct 04, 2021",,,,,,,,,,,,,,,,,,,,,,,,,,,,,,,,,,,,,,,,,,,,,,,,,,,,,,,,,,,,,,,,,,,,,,,,,,
"Oct 03, 2021",,,,,,,,,,,,,,,,,,,,,,,,,,,,,,,,,,,,,,,,,,,,,,,,,,,,,,,,,,,,,,,,,,,,,,,,,,
"Oct 02, 2021",,,,,,,,,,,,,,,,,,,,,,,,,,,,,,,,,,,,,,,,,,,,,,,,,,,,,,,,,,,,,,,,,,,,,,,,,,
"Oct 01, 2021",,,,,,,,,,,,,,,,,,,,,,,,,,,,,,,,,,,,,,,,,,,,,,,,,,,,,,,,,,,,,,,,,,,,,,,,,,
"Sep 30, 2021",0.095,0.089,0.111,0.536,0.117,0.429,0.090,0.075,,0.185,0.137,0.088,,0.103,0.032,0.140,0.344,0.226,,0.050,0.096,0.384,0.141,0.076,0.058,0.084,,0.255,0.066,0.114,,0.360,0.079,,,0.480,0.110,0.080,0.046,0.145,0.314,0.460,,0.166,0.386,,0.090,,0.920,0.044,,,,0.356,0.155,0.253,0.760,,,0.076,0.051,,,0.700,,,0.740,,,,,,,
"Sep 29, 2021",0.096,0.091,0.113,0.530,0.118,0.423,0.090,0.073,,0.184,,,,0.105,0.032,0.142,0.344,0.227,,0.051,0.097,0.384,0.142,0.077,0.059,,,,0.067,,,0.372,0.082,,,0.476,0.112,,0.046,0.149,0.310,0.460,0.107,0.166,0.388,,0.091,,0.844,0.043,,,,0.350,,,,,1.925,0.076,0.053,,,,,,0.740,,,,,,,
"Sep 28, 2021",0.094,0.093,0.115,0.526,0.118,0.425,0.093,0.075,,,,,0.060,0.104,,0.144,0.344,0.223,,0.051,0.098,0.384,0.145,0.078,0.058,,,0.265,0.066,,,,,,,0.466,,0.081,0.046,0.150,0.308,0.454,,0.166,0.384,,0.091,,,0.046,0.900,,,0.368,0.150,,0.760,0.182,1.925,0.075,0.052,,,0.692,,,0.756,,,,,,,
"Sep 27, 2021",0.095,0.090,0.111,0.510,0.118,0.421,0.092,,,0.186,,,,0.102,,0.140,0.344,0.220,,0.050,0.096,0.380,0.140,0.076,0.057,,,0.260,0.065,,0.216,,0.082,,,0.460,,0.076,0.046,0.145,0.314,0.450,,,0.384,,0.087,0.976,,,,,,0.370,,,0.780,,1.750,0.072,0.051,,,0.700,,,0.748,,,,,,,
"Sep 26, 2021",0.096,0.090,0.111,0.500,0.118,0.421,0.092,,,0.185,0.137,,,0.103,,0.136,,0.224,,0.051,,0.382,0.142,0.076,0.057,,,,0.065,0.108,,,,,,,,,0.046,0.145,0.310,,,0.166,0.384,,0.087,,,,,,,,,,0.760,,1.595,0.073,,,,,,0.33,0.748,,,,,,,
"Sep 25, 2021",,,,,,,,,,,,,,,,,,,,,,,,,,,,,,,,,,,,,,,,,,,,,,,,,,,,,,,,,,,,,,,,,,,,,,,,,,
"Sep 24, 2021",,,,,,,,,,,,,,,,,,,,,,,,,,,,,,,,,,,,,,,,,,,,,,,,,,,,,,,,,,,,,,,,,,,,,,,,,,
"Sep 23, 2021",0.094,0.088,0.113,0.500,0.118,0.421,0.093,0.072,0.600,0.185,0.135,,0.056,0.103,0.032,0.138,,0.225,,0.051,0.097,0.378,0.141,0.077,0.058,,,0.260,0.064,0.108,,0.378,,,,0.444,,0.075,0.045,0.142,0.310,,,,0.384,,0.084,,,,0.900,0.12,,,,0.253,0.760,,,0.073,0.052,,,,,0.32,0.748,0.015,,,,,,
"Sep 22, 2021",0.095,0.090,0.113,0.500,,0.419,0.091,0.073,,0.185,,0.080,0.062,0.104,,0.138,0.382,0.225,,0.051,,0.380,0.140,0.077,0.056,,,,0.065,0.108,0.216,0.370,0.080,,,0.422,,,0.046,0.141,0.308,0.450,,,0.386,,0.084,,,0.043,,0.11,,,,,0.760,,,0.073,0.053,,,,,,0.744,,,,,,,
"Sep 21, 2021",0.095,0.092,0.112,0.488,0.117,0.421,0.092,,,0.185,0.140,,0.061,0.102,,0.139,,0.224,0.104,0.051,0.094,0.378,0.138,0.077,0.055,0.080,,0.260,0.064,0.108,,,0.080,,,0.430,0.115,,0.046,0.139,0.310,0.420,0.105,,,,,,,,,0.12,,0.388,0.155,,,,,0.074,0.053,,,0.672,,0.33,0.744,,,,,,,
"Sep 20, 2021",0.096,0.092,0.113,0.492,,0.423,0.093,,,0.188,0.135,,0.061,0.103,,0.140,0.382,0.225,,0.051,0.096,0.380,,0.077,0.056,0.080,,0.262,0.065,,0.216,0.370,0.083,0.050,,,0.114,,0.046,,,0.432,,,0.382,,0.083,,0.892,,,,,,,0.252,0.780,,,,0.052,,,,,,0.752,,,,,,,
"Sep 19, 2021",0.095,0.092,0.113,,,0.421,,0.074,,0.188,,,,0.105,,0.142,0.384,0.226,,0.052,0.096,0.380,0.139,0.077,0.057,,,0.262,0.066,0.108,,0.380,0.083,,,,,,0.046,0.147,,0.438,,0.166,,,0.085,,,0.043,,,,,,0.250,,,,0.075,0.053,,,,,0.33,0.752,,,,,,1.100,3.880
"Sep 18, 2021",,,,,,,,,,,,,,,,,,,,,,,,,,,,,,,,,,,,,,,,,,,,,,,,,,,,,,,,,,,,,,,,,,,,,,,,,,
"Sep 17, 2021",,,,,,,,,,,,,,,,,,,,,,,,,,,,,,,,,,,,,,,,,,,,,,,,,,,,,,,,,,,,,,,,,,,,,,,,,,
"Sep 16, 2021",0.095,0.092,0.113,,,0.419,0.091,0.074,,0.190,,0.085,0.060,0.105,,0.143,0.390,0.226,,,0.098,0.380,0.143,0.079,0.057,,,0.265,0.067,0.107,,0.380,,0.050,,0.436,0.114,,0.045,0.149,0.312,0.438,,,,,,0.996,,0.045,,,,,,,,,,0.076,0.053,,,0.688,,,0.752,,,,,,1.100,
"Sep 15, 2021",0.096,0.092,0.112,0.496,0.118,0.417,0.093,,,0.196,0.135,,0.060,0.104,0.032,0.144,0.424,0.226,,,0.099,0.380,0.149,0.079,0.058,0.083,,0.262,0.067,0.108,,0.380,,,,0.440,0.120,0.076,0.045,0.149,0.314,0.432,0.105,0.166,0.386,,0.086,0.996,,,0.900,,,0.390,,0.230,0.796,,,,0.053,,,,,0.30,0.756,,,,,,1.000,
"Sep 14, 2021",0.095,0.092,0.113,0.496,,0.417,0.094,0.074,,0.185,,,,0.105,,0.144,,0.228,,0.051,0.099,0.380,,0.079,0.058,0.083,,0.270,0.067,,0.216,0.382,0.081,0.050,,,0.116,0.077,0.046,0.151,,0.432,,,,,0.086,,,,,,,,,0.238,0.776,,,0.077,0.053,,0.197,,,,0.756,,,,,,,
"Sep 13, 2021",0.096,0.092,0.114,0.496,0.118,0.419,0.094,,,0.194,0.140,,0.060,0.105,,0.143,,0.228,,,0.099,0.380,,0.079,0.060,,,0.267,,,0.239,,0.081,,,0.444,0.117,0.075,0.046,0.153,0.314,0.432,,0.167,,,0.086,0.996,,,,0.12,,0.390,0.156,,,,,0.078,0.052,,,,0.538,,0.760,,,,,,1.000,
"Sep 12, 2021",0.096,0.093,0.115,,0.118,0.419,0.093,,,0.193,0.140,0.080,0.060,0.105,0.030,0.140,0.424,,,0.051,0.099,0.380,0.149,0.081,,,,0.269,0.067,,,,0.081,,,0.440,0.119,,0.046,0.158,0.316,,0.108,,0.386,,,,0.928,,,0.12,,,,,,0.202,,0.078,0.052,,,0.688,,,0.752,,,,,,,
"Sep 11, 2021",,,,,,,,,,,,,,,,,,,,,,,,,,,,,,,,,,,,,,,,,,,,,,,,,,,,,,,,,,,,,,,,,,,,,,,,,,
"Sep 10, 2021",,,,,,,,,,,,,,,,,,,,,,,,,,,,,,,,,,,,,,,,,,,,,,,,,,,,,,,,,,,,,,,,,,,,,,,,,,
"Sep 09, 2021",0.096,0.092,0.114,0.490,0.118,0.421,0.093,,,0.191,0.140,,,0.106,,0.145,0.450,0.228,,0.051,0.100,0.380,0.146,0.078,0.059,0.080,,0.270,,0.108,,0.380,0.082,,,0.438,,,0.046,0.158,0.314,0.440,,,0.382,0.190,,1.000,,,0.920,0.12,,,,,0.796,,,0.080,0.052,,,,,,0.752,0.025,,,,,,
"Sep 08, 2021",0.097,0.092,0.114,0.490,0.117,0.423,0.093,0.074,,0.189,,,0.060,0.106,,0.146,,0.228,0.105,0.051,0.101,0.380,0.148,0.078,0.059,0.080,,0.268,0.068,,,0.382,,,,0.444,,,0.046,0.159,0.314,0.440,0.108,,0.388,,0.087,0.984,,,0.900,,,,,,,,,0.078,0.052,,,,,,0.756,0.020,,,,,,
"Sep 07, 2021",0.095,0.093,0.116,0.490,0.118,0.423,0.092,,,,0.141,,,0.106,,0.143,,0.228,,0.050,0.100,0.380,0.149,0.078,0.059,0.080,,,0.068,0.107,,0.380,,,,0.440,,,0.045,0.157,0.314,0.436,,,0.388,,0.088,,,,0.900,,,,0.154,,0.800,,,0.079,0.052,,,0.764,,0.33,0.760,,,,,,,
"Sep 06, 2021",0.095,0.093,0.115,0.486,0.118,0.425,0.093,,,,0.141,0.083,0.061,0.105,,0.142,0.424,0.228,0.105,0.050,0.101,0.380,0.150,0.078,0.059,,,,0.068,0.107,,0.388,0.082,,,,,,0.046,0.147,,,,,0.396,,0.090,,,0.045,,0.12,,,,,,0.202,,0.077,0.053,,0.207,,,,0.756,,,,,,,
"Sep 05, 2021",0.097,0.093,0.116,0.488,,0.423,,0.075,,,0.130,0.083,0.061,0.105,,0.139,,0.227,,0.052,0.101,0.384,0.150,0.078,0.060,,,,0.068,0.108,,0.388,,,,0.440,,,0.047,0.147,0.318,,,,0.398,,0.090,,,,,0.12,,,,,0.800,,,,0.052,,,0.768,,,0.756,,,,,,,
"Sep 04, 2021",,,,,,,,,,,,,,,,,,,,,,,,,,,,,,,,,,,,,,,,,,,,,,,,,,,,,,,,,,,,,,,,,,,,,,,,,,
"Sep 03, 2021",,,,,,,,,,,,,,,,,,,,,,,,,,,,,,,,,,,,,,,,,,,,,,,,,,,,,,,,,,,,,,,,,,,,,,,,,,
"Sep 02, 2021",0.097,0.093,0.117,0.486,,0.423,0.093,0.075,,0.185,,,0.061,0.105,0.030,0.140,,0.228,0.105,0.051,0.101,0.386,0.150,0.079,0.060,0.084,,,0.068,,,0.386,,,,0.446,,,0.046,0.147,0.314,,,0.169,0.396,,0.085,,,0.045,,0.12,,,,,,0.200,,,0.052,,,0.768,,,0.760,,,,,,,
"Sep 01, 2021",0.099,0.093,0.119,0.468,0.118,0.425,0.093,0.074,,0.187,,,0.061,0.106,,0.146,,0.228,0.106,0.051,0.102,0.388,0.154,0.079,0.060,0.081,,0.266,0.069,0.108,,,0.084,,,,0.119,,0.046,0.150,,0.440,,,0.396,,0.086,0.980,,,,,,,,,0.796,,,0.080,0.052,,,,,,0.756,,,,,,,
"Aug 31, 2021",0.097,0.093,0.118,0.460,0.118,0.419,0.093,0.074,,0.188,0.129,0.084,0.061,0.105,,0.132,,,,,0.102,0.386,0.149,0.079,0.059,0.080,,,0.069,0.108,,0.374,0.083,,,0.450,0.117,0.077,0.045,0.152,,0.446,,,0.396,,0.087,0.980,,,,0.12,,,,0.220,,0.200,,0.080,0.051,,,0.768,,,0.756,,,,,,,
"Aug 30, 2021",0.097,0.094,0.120,0.464,0.118,0.419,0.092,0.076,,0.187,0.129,0.080,0.063,0.105,0.032,0.132,,0.228,,0.051,0.101,0.386,0.145,0.080,0.060,0.081,,0.270,0.070,0.108,,0.370,0.082,,,,0.116,,0.046,0.144,0.318,0.450,0.107,0.166,,,0.086,1.000,,,,,,,,0.240,,,,0.080,0.052,,0.195,,,0.33,0.764,,,,,,,
"Aug 29, 2021",0.096,0.094,0.118,0.464,0.118,0.419,,0.075,,0.189,0.130,,0.064,0.105,0.032,0.129,,0.228,,0.051,0.100,0.386,0.140,0.080,0.059,,,0.272,0.069,0.108,,0.380,,,,0.456,,0.077,0.046,0.133,0.314,0.454,,,0.400,0.190,0.085,1.000,,0.041,,,,,,,0.800,0.202,,0.080,0.052,,0.207,0.740,,,0.768,,,,,,,
"Aug 28, 2021",,,,,,,,,,,,,,,,,,,,,,,,,,,,,,,,,,,,,,,,,,,,,,,,,,,,,,,,,,,,,,,,,,,,,,,,,,
"Aug 27, 2021",,,,,,,,,,,,,,,,,,,,,,,,,,,,,,,,,,,,,,,,,,,,,,,,,,,,,,,,,,,,,,,,,,,,,,,,,,
"Aug 26, 2021",0.098,0.093,0.117,0.460,0.118,0.419,0.092,0.069,,0.187,0.135,,,0.103,0.031,0.123,0.466,0.226,,0.050,0.099,0.384,0.135,0.078,0.059,,,0.266,0.066,0.108,,0.374,0.084,,,0.448,0.115,,0.045,0.122,0.312,0.448,,0.166,0.396,0.190,0.084,0.980,,,,0.12,,,,,0.800,,,,0.052,,,,,,0.780,,,,,,,
"Aug 25, 2021",0.095,0.093,0.117,0.460,,0.417,0.092,0.070,,0.187,0.128,0.080,0.063,0.103,0.032,0.124,,0.226,,0.051,0.099,0.386,,0.079,0.059,0.082,,0.272,0.065,0.108,,,0.084,,,0.448,,0.074,0.046,0.119,0.314,0.446,,,0.398,0.190,0.084,0.980,,,,0.12,,,0.158,,0.812,,,0.080,,,,,,,0.760,,,,,,0.988,
"Aug 24, 2021",0.094,0.093,0.117,0.460,0.118,0.419,0.092,0.070,,,0.130,,0.063,0.103,0.032,0.125,,0.227,,,0.099,0.386,0.142,0.080,0.059,,,,0.067,0.108,,0.374,0.084,,,0.450,0.115,,0.046,0.120,,0.450,,,0.400,,0.084,,,0.044,0.900,,0.078,0.406,0.158,,0.812,,,0.080,0.052,,,,,0.34,0.760,,,,,,0.972,
"Aug 23, 2021",0.094,0.092,0.115,0.450,0.120,0.419,0.092,0.069,,0.185,,0.080,0.063,0.102,0.030,0.125,,0.226,,0.051,0.099,0.386,,0.078,,0.080,,0.266,0.066,0.108,,0.388,,,,0.450,0.116,0.074,0.045,0.120,,0.440,,,0.400,,0.084,,0.936,0.042,0.900,,,0.402,0.158,,0.804,,,0.077,0.053,,,,,0.33,0.768,0.020,,,,,0.968,
"Aug 22, 2021",0.095,0.093,0.117,0.450,0.120,0.419,0.092,,,0.186,,,0.064,0.102,0.029,0.125,,0.228,,0.051,,0.388,0.140,0.079,,0.084,,0.274,,0.109,,0.390,0.087,,,0.456,0.114,,0.046,0.120,0.314,0.444,,0.166,0.406,,,0.980,,0.047,,,,,,,,,,0.080,0.052,,,,,,0.768,0.020,,,,,,
"Aug 21, 2021",,,,,,,,,,,,,,,,,,,,,,,,,,,,,,,,,,,,,,,,,,,,,,,,,,,,,,,,,,,,,,,,,,,,,,,,,,
"Aug 20, 2021",,,,,,,,,,,,,,,,,,,,,,,,,,,,,,,,,,,,,,,,,,,,,,,,,,,,,,,,,,,,,,,,,,,,,,,,,,
"Aug 19, 2021",0.095,,0.118,0.450,,0.419,0.091,0.069,,0.188,,,,0.103,,0.126,,0.228,,0.051,,0.388,,0.079,0.059,0.080,,0.274,,0.109,0.226,0.390,,,,0.456,0.116,0.080,0.046,0.120,0.314,0.460,,,0.396,,0.084,,,0.042,,0.12,,0.406,,,0.820,,,0.078,0.052,,,,,,0.784,,,,,,0.900,
"Aug 18, 2021",0.096,0.093,0.118,0.452,0.120,0.419,,0.068,,0.187,,,0.065,0.104,0.029,0.127,,0.237,,0.051,,0.388,0.136,0.079,0.057,0.081,,0.274,0.067,0.109,,0.406,0.083,,,0.460,,0.074,0.046,0.121,0.314,0.450,,0.166,0.396,0.190,0.084,1.030,,,0.900,,,0.412,,,0.820,0.220,,0.078,0.051,,,0.768,,,0.776,,,,,,0.900,
"Aug 17, 2021",0.098,0.094,0.115,0.440,0.120,0.425,,0.072,,0.188,,0.080,0.064,0.102,,0.126,,0.228,,0.050,0.099,0.384,0.143,0.079,0.058,0.082,,0.270,,0.110,,,0.083,,,0.470,0.120,,0.046,0.121,0.316,,,,0.398,,0.085,1.030,0.936,,0.880,0.12,,,,,0.804,,,0.079,0.052,,,0.760,,,0.772,,,,,,,
"Aug 16, 2021",0.098,0.094,0.118,0.430,,0.423,0.093,0.072,,0.188,,,,0.103,,0.126,,0.228,0.108,0.050,0.100,0.384,,0.079,0.059,,,0.270,0.067,,0.226,0.400,,,,0.470,0.119,0.081,0.046,0.123,0.314,0.448,,,0.404,,0.085,1.030,,0.044,0.880,,0.071,,,,,,,0.079,0.052,,,,,,0.788,0.016,,,,,,
"Aug 15, 2021",0.099,0.095,0.121,0.426,0.123,0.425,,0.073,,0.188,,,,0.104,,0.129,,0.228,,0.051,0.100,,,0.080,0.059,0.081,,0.261,0.069,0.110,,0.404,0.084,,,0.470,0.120,,0.046,0.120,0.318,0.460,,,0.406,,0.085,,,0.044,,,,0.416,0.160,,0.800,,,0.079,0.052,,,,,,0.776,,,,,,,
"Aug 14, 2021",,,,,,,,,,,,,,,,,,,,,,,,,,,,,,,,,,,,,,,,,,,,,,,,,,,,,,,,,,,,,,,,,,,,,,,,,,
"Aug 13, 2021",,,,,,,,,,,,,,,,,,,,,,,,,,,,,,,,,,,,,,,,,,,,,,,,,,,,,,,,,,,,,,,,,,,,,,,,,,
"Aug 12, 2021",0.098,0.095,0.120,0.430,0.120,0.421,0.093,,,0.189,0.138,,0.065,0.104,,0.128,,0.229,,0.051,,0.382,0.143,0.080,0.059,0.082,,0.266,0.068,0.109,0.226,0.406,,0.050,,0.460,,,0.046,0.115,0.316,0.458,0.106,0.172,0.414,0.195,,1.020,,0.044,,,,0.416,,,0.836,,,0.079,0.053,,,,,,0.776,,,,,,,
"Aug 11, 2021",0.097,,0.118,0.430,,0.423,0.092,,,0.183,0.137,0.080,0.062,0.103,,,,0.240,,0.051,0.101,0.382,0.140,0.080,0.060,0.082,,0.262,0.067,0.110,0.226,0.400,0.086,0.050,,0.466,,,0.046,0.104,0.320,0.450,,,0.410,0.195,0.085,1.030,,,0.880,0.12,,,0.160,,0.816,,,0.079,0.054,,,,,0.30,0.780,,,,,,,
"Aug 10, 2021",,,,,,,,,,,,,,,,,,,,,,,,,,,,,,,,,,,,,,,,,,,,,,,,,,,,,,,,,,,,,,,,,,,,,,,,,,
"Aug 09, 2021",0.097,0.095,0.118,0.414,0.120,0.421,0.093,,,0.182,0.129,,0.060,0.103,,0.127,,0.230,,0.050,0.101,0.384,0.143,0.081,0.060,0.081,,0.264,0.068,0.110,,0.398,0.085,0.050,,0.470,,,0.046,0.112,0.320,0.450,,,0.400,,0.086,1.000,,0.044,,0.12,,0.396,,,,,,0.080,0.052,,,0.772,,,0.792,,,,,,,
"Aug 08, 2021",0.097,0.096,0.120,,0.124,0.425,0.093,,,0.182,0.126,,0.060,0.103,,0.128,,0.231,,,0.101,0.382,0.144,0.082,0.059,0.082,,,0.068,,,0.398,0.088,,,0.470,0.121,,0.046,0.118,,0.448,,,0.400,,,1.030,,0.043,,,,0.416,,,,,,0.081,0.054,,,,,,0.784,,,,,,,
"Aug 07, 2021",,,,,,,,,,,,,,,,,,,,,,,,,,,,,,,,,,,,,,,,,,,,,,,,,,,,,,,,,,,,,,,,,,,,,,,,,,
"Aug 06, 2021",,,,,,,,,,,,,,,,,,,,,,,,,,,,,,,,,,,,,,,,,,,,,,,,,,,,,,,,,,,,,,,,,,,,,,,,,,
"Aug 05, 2021",0.096,0.097,0.118,0.410,,0.425,0.094,,,0.178,,0.081,0.064,0.104,,0.128,,0.230,,0.051,,0.382,0.144,0.082,0.059,,,,0.068,0.110,,0.396,0.085,,,0.464,,0.080,0.047,0.118,0.318,0.446,,,,,,1.000,,0.046,,,0.078,,,,0.820,,1.350,0.083,0.052,,,,,,0.792,,,,,,,
"Aug 04, 2021",0.096,0.097,0.118,0.416,,0.423,,0.070,,0.177,0.125,0.081,0.065,0.104,,0.127,,0.230,,0.051,0.101,0.382,0.146,0.082,0.059,,,0.264,0.068,0.113,,0.398,0.086,,,0.456,,0.079,0.047,0.119,0.320,0.446,,0.172,0.390,0.182,,1.035,,,0.912,,,,,,0.820,,1.350,0.082,,,,,,,0.780,,,,,,0.880,
"Aug 03, 2021",0.096,0.097,0.119,,0.118,0.423,0.095,,,0.180,0.122,,,0.104,0.030,0.128,,0.235,,0.052,,0.384,,0.082,0.060,,,0.268,0.068,0.110,,0.396,0.086,,,,0.118,0.083,0.046,0.120,0.316,0.430,,,0.390,0.199,0.088,,0.940,,,,,,0.155,,0.764,,,0.082,0.053,,,0.780,,,,,,,,,,
"Aug 02, 2021",0.098,,0.118,0.418,0.120,0.419,0.096,0.070,,0.179,0.125,,,0.104,0.030,0.127,,0.238,,0.051,0.102,0.386,,0.082,0.060,0.082,,0.270,0.069,0.110,,0.400,,,,0.454,,,0.047,0.119,,,,,0.384,,0.088,1.000,,0.047,,,,,,,0.764,,,0.082,0.055,,,,,,0.788,,,,,,,
"Aug 01, 2021",0.098,,0.120,0.420,0.120,0.427,0.095,,0.600,0.181,0.130,0.082,,0.105,0.030,0.130,,0.240,,0.052,0.103,0.386,0.150,0.083,0.060,0.086,,0.268,0.070,0.112,,0.404,,,,,0.125,0.078,0.047,0.120,0.318,0.424,0.118,,,0.195,0.090,1.040,,,,,,,,,0.768,0.210,,0.083,0.055,,,,,,0.792,,,,,,,
"Jul 31, 2021",,,,,,,,,,,,,,,,,,,,,,,,,,,,,,,,,,,,,,,,,,,,,,,,,,,,,,,,,,,,,,,,,,,,,,,,,,
"Jul 30, 2021",,,,,,,,,,,,,,,,,,,,,,,,,,,,,,,,,,,,,,,,,,,,,,,,,,,,,,,,,,,,,,,,,,,,,,,,,,
"Jul 29, 2021",0.097,0.098,0.121,0.416,0.123,0.427,0.095,0.072,0.580,,,,0.062,0.105,,0.129,,0.240,,0.052,0.101,0.386,0.148,0.083,0.060,,,0.265,0.070,0.111,,0.406,0.087,,,0.452,0.122,0.075,0.045,0.123,0.314,0.420,0.109,0.170,0.388,,0.088,,,0.045,,,,,,,,0.220,,0.083,0.054,,,,,0.32,0.792,,,,,,,
"Jul 28, 2021",0.097,0.100,0.119,0.406,0.123,0.425,0.095,0.073,,,0.123,0.081,0.062,0.105,,0.129,0.470,0.239,,0.053,0.101,0.384,0.150,0.080,0.060,,,0.268,0.069,0.108,,0.400,,,,0.452,0.119,0.075,0.046,0.123,0.318,0.418,0.100,0.169,0.388,0.196,0.086,1.040,0.940,,0.900,,,0.420,,,0.768,,,0.083,0.055,,0.207,0.780,,,0.780,,,,,,,
"Jul 27, 2021",0.096,0.100,0.118,0.402,0.124,0.429,0.096,0.072,,0.185,,,,0.105,,0.131,0.470,0.238,,0.053,0.102,0.384,0.148,0.081,0.060,,,0.265,0.070,,0.226,0.396,,,,0.460,,0.075,0.046,0.125,,0.422,,0.167,0.398,,0.087,,0.940,,0.904,,,,,,0.700,,1.460,0.082,0.055,,,,,,0.780,,,,,,0.800,
"Jul 26, 2021",0.097,0.100,0.114,0.390,0.125,0.427,0.092,0.066,,,0.134,,,0.104,,0.127,,0.240,,0.053,0.099,0.390,0.138,0.076,0.055,0.083,,0.261,0.067,0.107,,0.392,,,,0.460,,,0.045,0.122,0.314,0.420,,,0.382,,,,0.940,0.044,0.928,,,0.402,,,,,,0.080,0.054,,,,,,0.776,,,,,,0.808,
"Jul 25, 2021",,,0.116,0.398,,0.434,0.095,0.070,,0.185,,,,0.106,,0.127,,,,0.054,0.103,0.398,0.140,0.079,0.057,,,0.270,0.069,0.108,,0.400,,,,0.464,,,0.046,0.135,0.314,0.434,,,0.398,0.195,,1.000,,0.047,,,,,,,,,,,,,,,,,0.780,,,,,,,
"Jul 24, 2021",,,,,,,,,,,,,,,,,,,,,,,,,,,,,,,,,,,,,,,,,,,,,,,,,,,,,,,,,,,,,,,,,,,,,,,,,,
"Jul 23, 2021",,,,,,,,,,,,,,,,,,,,,,,,,,,,,,,,,,,,,,,,,,,,,,,,,,,,,,,,,,,,,,,,,,,,,,,,,,
"Jul 22, 2021",,,,,,,,,,,,,,,,,,,,,,,,,,,,,,,,,,,,,,,,,,,,,,,,,,,,,,,,,,,,,,,,,,,,,,,,,,
"Jul 21, 2021",,,,,,,,,,,,,,,,,,,,,,,,,,,,,,,,,,,,,,,,,,,,,,,,,,,,,,,,,,,,,,,,,,,,,,,,,,
"Jul 20, 2021",,,,,,,,,,,,,,,,,,,,,,,,,,,,,,,,,,,,,,,,,,,,,,,,,,,,,,,,,,,,,,,,,,,,,,,,,,
"Jul 19, 2021",,,,,,,,,,,,,,,,,,,,,,,,,,,,,,,,,,,,,,,,,,,,,,,,,,,,,,,,,,,,,,,,,,,,,,,,,,
"Jul 18, 2021",,,,,,,,,,,,,,,,,,,,,,,,,,,,,,,,,,,,,,,,,,,,,,,,,,,,,,,,,,,,,,,,,,,,,,,,,,
"Jul 17, 2021",,,,,,,,,,,,,,,,,,,,,,,,,,,,,,,,,,,,,,,,,,,,,,,,,,,,,,,,,,,,,,,,,,,,,,,,,,
"Jul 16, 2021",,,,,,,,,,,,,,,,,,,,,,,,,,,,,,,,,,,,,,,,,,,,,,,,,,,,,,,,,,,,,,,,,,,,,,,,,,
"Jul 15, 2021",0.098,0.100,0.117,0.400,0.126,0.436,0.096,,,0.185,0.138,,,0.106,0.038,0.125,,0.245,,0.053,0.102,0.404,0.145,0.082,0.057,,,0.275,0.066,0.113,,0.404,0.086,,,0.466,0.125,0.077,0.049,0.148,0.316,,0.110,0.170,0.400,,,,,,0.924,,,,,,0.700,,,0.081,,,,,,,0.784,0.021,,,,,0.800,
"Jul 14, 2021",0.098,,0.112,0.400,,0.436,0.098,,,0.184,0.138,,0.068,0.106,,0.125,,0.246,,0.054,0.106,0.406,0.160,0.082,0.058,0.083,,0.290,0.067,0.110,,0.396,0.087,,0.075,0.472,0.124,0.085,0.049,0.161,,0.440,,0.183,0.410,0.195,0.086,,,0.047,,,,,,,,,,0.082,0.056,,,0.752,,,0.780,0.020,,,,,0.760,
"Jul 13, 2021",0.099,0.102,0.110,0.396,0.126,0.432,0.097,0.072,,0.180,,,0.068,0.107,,0.125,,0.247,0.112,0.054,0.106,0.406,0.160,0.083,0.060,0.084,,0.290,0.069,0.112,,0.384,0.087,,0.075,0.480,0.123,,0.049,0.163,0.316,0.440,0.120,,0.420,0.190,0.087,0.964,,0.047,,0.12,,,,,0.740,,,0.083,0.056,,,0.752,,,0.780,0.020,,,,,,
"Jul 12, 2021",0.099,0.101,0.111,0.400,0.125,0.427,0.098,0.072,,0.187,0.140,,0.071,0.107,,0.128,,0.248,0.113,0.054,0.108,0.404,0.160,0.083,0.060,0.084,,0.290,0.070,0.113,,0.380,0.089,,,,,0.085,0.049,0.163,0.320,0.432,,,,0.190,0.088,1.050,0.940,0.045,0.924,,,,,,0.776,,,0.084,0.055,,,,,,0.780,0.025,,,,,0.708,
"Jul 11, 2021",0.098,0.101,0.113,0.366,0.126,0.427,0.097,0.073,,0.200,,,0.071,0.106,,0.129,,0.250,,0.055,0.107,0.418,0.160,0.084,0.060,0.084,,0.292,0.070,0.114,,0.384,0.087,,,0.488,0.123,0.081,0.049,,0.322,0.430,0.125,0.181,0.410,0.185,0.089,1.050,,,0.924,0.12,,,,,0.816,,,,0.056,,,,,,0.784,0.032,0.239,,,,,
"Jul 10, 2021",,,,,,,,,,,,,,,,,,,,,,,,,,,,,,,,,,,,,,,,,,,,,,,,,,,,,,,,,,,,,,,,,,,,,,,,,,
"Jul 09, 2021",,,,,,,,,,,,,,,,,,,,,,,,,,,,,,,,,,,,,,,,,,,,,,,,,,,,,,,,,,,,,,,,,,,,,,,,,,
"Jul 08, 2021",0.099,0.102,0.110,0.362,0.130,0.421,0.098,0.072,,0.196,0.145,0.086,,0.105,,0.130,0.472,0.249,,0.054,0.105,0.410,0.152,0.083,0.060,,,0.292,0.069,,,0.386,,,,0.478,0.123,0.085,0.049,0.167,0.320,0.424,0.125,0.185,0.420,0.184,,1.035,,,,,,,,,,,,0.082,0.056,,,0.752,,0.33,0.788,0.047,,,,,0.708,
"Jul 07, 2021",0.098,0.102,0.113,0.368,0.126,0.410,0.097,0.074,,,0.147,,0.071,0.105,,0.128,,0.250,,0.055,0.105,0.414,0.153,0.084,0.060,0.083,0.238,0.292,0.069,0.112,0.240,,,0.051,,0.480,0.125,0.082,0.050,0.167,0.326,0.430,,0.184,,,,1.150,0.940,0.047,0.964,0.12,,0.420,,,0.800,,,0.082,0.056,,,0.780,,,0.788,0.030,0.287,,,,,
"Jul 06, 2021",0.099,0.102,0.117,0.370,0.129,0.413,0.097,0.077,,,,,0.071,0.107,,0.126,,0.250,,0.055,0.107,0.422,0.154,0.085,0.060,0.084,,0.296,0.071,0.113,,,0.090,,,0.478,0.126,0.085,0.050,0.169,0.320,0.426,,0.183,0.420,,0.088,1.150,0.940,0.045,,,,0.416,,,,,,,0.056,,,,,,0.788,0.015,,,,,,
"Jul 05, 2021",0.098,0.102,0.116,0.370,0.129,0.413,0.098,0.073,,0.195,0.147,0.091,0.071,0.107,,0.127,,0.250,,0.054,0.103,0.420,0.154,0.085,0.062,0.083,,0.294,0.067,0.113,,,,0.051,,0.470,0.129,,0.050,0.169,0.320,0.422,0.125,0.183,0.420,,0.089,1.190,,0.045,0.964,0.12,,0.416,,,,0.240,,0.083,0.055,,,0.760,,,0.792,0.013,,,,,,
"Jul 04, 2021",0.098,0.102,0.111,0.372,0.129,0.408,0.097,,,,,,0.071,0.107,,0.115,,0.250,,0.054,0.103,0.418,0.152,0.085,0.062,0.085,,0.300,0.066,,,,,,,0.462,0.127,,0.050,0.170,0.318,0.420,0.125,0.182,0.430,0.184,0.089,1.165,0.996,,0.960,,,,,,0.796,,,0.084,0.055,,,0.700,,,0.796,,,0.162,,,,
"Jul 03, 2021",,,,,,,,,,,,,,,,,,,,,,,,,,,,,,,,,,,,,,,,,,,,,,,,,,,,,,,,,,,,,,,,,,,,,,,,,,
"Jul 02, 2021",,,,,,,,,,,,,,,,,,,,,,,,,,,,,,,,,,,,,,,,,,,,,,,,,,,,,,,,,,,,,,,,,,,,,,,,,,
"Jul 01, 2021",0.097,0.101,0.113,0.380,0.126,0.406,0.097,0.075,,0.198,0.148,,0.071,0.107,,0.114,,0.250,,0.054,0.103,0.418,0.152,0.084,0.062,,,0.300,0.066,0.111,,0.396,0.090,0.051,,0.478,0.127,,0.049,0.169,,0.412,0.130,0.180,0.436,0.185,0.089,1.190,,,,,,,,,,0.240,,0.085,0.055,,,,,,0.784,0.012,,,,,,
"Jun 30, 2021",0.097,0.101,0.112,0.370,0.125,0.404,0.097,0.074,,,0.147,0.091,0.074,0.108,,0.114,,0.250,0.117,0.053,0.103,0.414,0.152,0.083,0.062,0.084,,0.299,0.063,0.110,,0.390,0.090,,,0.478,0.127,,0.049,0.170,0.312,0.410,,0.184,0.430,0.182,0.088,1.180,,0.047,,0.12,,0.412,0.150,,,,,,0.055,,,,,,0.796,0.012,,,,,0.708,
"Jun 29, 2021",0.096,0.101,0.113,0.362,0.126,0.400,0.096,0.076,,0.200,0.147,0.091,0.071,0.106,,0.114,,0.250,,0.053,0.102,0.406,0.154,0.084,0.062,0.082,,0.296,0.064,0.111,,0.384,0.093,,,0.466,0.126,0.085,0.049,0.168,0.316,0.408,0.135,0.184,0.430,0.176,0.089,1.165,,0.045,0.948,0.12,,,0.150,0.265,0.780,,,0.086,0.055,,,0.700,0.572,,0.784,,,,,,,
"Jun 28, 2021",0.095,0.100,0.113,0.362,0.126,0.400,0.097,0.077,,0.197,0.150,0.093,0.074,0.104,,0.113,,,,0.054,0.102,0.408,0.153,0.085,0.063,0.084,,0.295,0.064,0.112,0.226,0.386,0.093,,,,0.127,0.088,0.049,0.160,0.316,0.414,,,0.430,0.160,0.088,1.180,0.920,0.044,0.948,0.12,,,0.150,,0.800,,,0.086,0.054,,,0.700,0.534,,0.788,,,,,,,
"Jun 27, 2021",0.095,0.101,0.111,0.354,0.126,0.400,0.096,0.071,,,0.152,0.090,0.074,0.103,,0.112,,0.250,,0.053,0.101,0.408,0.153,0.083,0.060,0.084,,0.298,0.062,0.111,,0.384,,0.050,,0.474,0.127,0.085,0.049,0.149,,0.410,,0.185,0.420,0.165,,1.150,0.908,0.044,0.880,0.12,,0.400,,,0.788,0.240,,0.079,0.054,,,0.700,,,0.780,,,,,,0.800,
"Jun 26, 2021",,,,,,,,,,,,,,,,,,,,,,,,,,,,,,,,,,,,,,,,,,,,,,,,,,,,,,,,,,,,,,,,,,,,,,,,,,
"Jun 25, 2021",,,,,,,,,,,,,,,,,,,,,,,,,,,,,,,,,,,,,,,,,,,,,,,,,,,,,,,,,,,,,,,,,,,,,,,,,,
"Jun 24, 2021",0.095,0.100,0.111,0.358,0.125,0.402,0.098,0.066,,0.198,0.149,0.090,0.071,0.102,,0.110,0.484,0.250,,0.053,0.100,0.414,0.154,0.083,0.059,,,0.295,,0.113,,0.386,,,,0.474,0.123,0.085,0.049,0.136,0.318,0.404,,,0.430,0.165,0.084,1.120,,,0.900,,,0.400,,0.250,,,,0.078,0.054,,,0.700,,,0.784,,,,,,,
"Jun 23, 2021",0.096,0.104,0.110,0.356,0.127,0.396,0.099,0.065,,0.199,0.148,0.090,0.074,0.102,,0.110,,0.254,0.112,0.054,0.100,0.416,0.150,0.083,0.060,0.084,0.216,0.291,,,,0.380,0.094,,,0.470,0.125,0.085,0.049,0.137,0.320,0.404,,0.176,0.430,,,1.090,0.828,0.045,,,,0.388,,0.242,,,,0.078,0.055,,,0.700,,,0.788,,,,0.470,,,
"Jun 22, 2021",0.095,0.104,0.109,0.352,,0.394,0.098,,,,0.144,,0.074,0.100,,0.110,,0.248,,0.053,0.100,0.402,0.149,0.083,0.060,0.084,,0.291,,0.110,,0.384,0.092,,,0.472,0.123,,0.049,0.134,0.318,,,0.175,0.430,,0.084,1.090,0.828,0.044,,0.12,,0.378,0.150,0.220,0.788,0.240,,0.077,0.054,,,,,,0.788,,,,0.430,,0.768,
"Jun 21, 2021",0.095,0.104,0.107,0.352,0.123,0.392,0.097,0.062,,,0.141,,0.074,0.099,0.029,0.109,,0.250,,,0.100,,0.148,0.082,0.058,0.084,,0.290,,,0.226,0.382,,,,0.464,0.122,,0.050,0.134,,0.404,,0.179,0.430,0.165,0.084,1.070,,0.044,,,,0.378,0.145,0.200,,0.240,,,,,0.207,,,,0.784,0.012,,,0.462,,,
"Jun 20, 2021",0.096,,0.107,0.350,0.124,0.390,0.097,0.063,,0.198,0.141,0.094,0.074,0.100,,0.111,,0.257,0.113,0.053,0.101,0.406,0.149,0.082,0.060,0.084,0.216,,,0.113,,0.388,0.093,,,0.456,0.123,0.083,0.049,0.134,0.316,0.412,,0.178,,0.170,0.084,,,,,,,0.380,0.146,0.220,0.748,0.249,1.345,0.078,0.054,,0.221,,0.534,,0.780,0.012,,,,,,
"Jun 19, 2021",,,,,,,,,,,,,,,,,,,,,,,,,,,,,,,,,,,,,,,,,,,,,,,,,,,,,,,,,,,,,,,,,,,,,,,,,,
"Jun 18, 2021",,,,,,,,,,,,,,,,,,,,,,,,,,,,,,,,,,,,,,,,,,,,,,,,,,,,,,,,,,,,,,,,,,,,,,,,,,
"Jun 17, 2021",0.096,,0.109,0.356,0.125,0.404,0.098,0.065,,0.198,0.141,0.095,0.068,0.101,,0.113,,0.249,0.113,0.054,0.101,0.408,0.150,0.083,0.062,0.084,,,0.059,0.114,,0.390,,,,0.456,0.125,0.083,0.049,0.136,0.318,0.416,,0.174,0.430,0.177,,1.090,0.832,0.045,0.900,,,,0.150,0.220,0.744,,,0.078,,,,0.700,,0.30,0.800,,,,,,,
"Jun 16, 2021",0.096,0.107,0.107,0.356,0.124,0.400,0.099,0.066,,0.197,0.138,0.095,,0.102,,0.116,,0.252,0.113,0.053,0.103,0.408,0.152,0.085,0.061,0.084,,0.295,0.061,0.112,,0.390,,,,0.460,0.126,,0.048,0.138,0.318,0.418,,0.187,0.430,,0.085,1.050,,0.045,0.860,,0.071,0.386,0.150,0.220,0.732,,1.345,0.077,0.053,,,0.700,0.538,,0.796,,,,,,0.700,
"Jun 15, 2021",0.096,0.105,0.102,0.360,0.122,0.400,0.096,0.068,0.600,0.198,0.138,0.095,0.065,0.097,,0.108,,0.248,,0.053,0.102,0.410,0.150,0.086,0.057,0.081,,0.296,0.061,0.114,,0.398,,0.050,,0.468,0.126,,0.049,0.138,0.318,0.420,0.137,0.180,0.430,,0.087,1.010,0.824,0.046,0.852,,,0.386,0.150,0.232,,,,0.075,0.055,,,0.700,,,0.796,,,,,,0.700,
"Jun 14, 2021",0.095,0.109,0.101,0.358,0.122,0.398,0.096,0.067,,0.197,,0.093,0.068,0.097,,0.104,,0.250,0.112,0.054,0.101,0.408,0.150,0.080,0.054,0.084,,0.295,0.057,0.110,,0.398,,0.046,,0.478,0.127,0.083,0.048,0.137,0.318,0.420,0.140,,0.434,,0.087,1.000,0.820,0.046,0.852,0.13,,0.386,0.150,0.220,0.704,0.235,,0.075,0.055,,,0.700,0.538,0.29,0.784,,,,,,,
"Jun 13, 2021",0.094,0.105,0.104,0.356,0.120,0.394,0.097,0.061,,0.197,0.140,0.093,0.065,0.098,,0.105,,0.250,,0.053,0.100,,0.151,,0.053,0.082,,0.297,0.057,0.115,,0.400,0.094,0.050,,0.468,0.127,0.083,0.049,0.138,0.316,0.424,0.145,0.179,0.440,,0.085,,,0.047,0.832,,,0.386,,,,,,0.075,0.054,,,0.708,,,0.792,,,,,,,
"Jun 12, 2021",,,,,,,,,,,,,,,,,,,,,,,,,,,,,,,,,,,,,,,,,,,,,,,,,,,,,,,,,,,,,,,,,,,,,,,,,,
"Jun 11, 2021",,,,,,,,,,,,,,,,,,,,,,,,,,,,,,,,,,,,,,,,,,,,,,,,,,,,,,,,,,,,,,,,,,,,,,,,,,
"Jun 10, 2021",0.095,0.105,0.105,0.346,0.120,0.394,0.098,0.062,,0.197,0.136,0.093,,0.097,,0.105,,0.248,0.110,0.054,0.101,0.404,0.151,,0.053,0.081,,0.296,,0.114,,0.390,,0.050,,0.468,0.128,,0.049,0.135,0.318,0.428,0.136,,0.434,,0.085,1.000,,0.048,0.824,,,0.380,0.150,,0.700,,,0.075,0.056,,,0.712,,,0.788,0.010,,,,,,
"Jun 09, 2021",0.096,0.106,0.105,0.342,0.120,0.396,0.099,0.062,,0.196,,0.093,,0.097,,0.107,,0.250,,0.055,0.102,,0.149,,0.053,0.082,,0.293,,,,0.390,,,,0.460,,0.082,0.049,0.134,0.318,0.420,0.125,,0.430,,,,,0.048,0.812,,,0.388,0.160,,0.700,,,0.076,0.057,,,0.696,,0.32,,,,,,,0.656,
"Jun 08, 2021",0.095,0.102,0.104,0.346,,0.390,0.093,0.060,0.600,0.192,0.136,,0.065,0.098,0.029,0.105,,0.248,,0.055,0.102,0.408,0.151,,0.053,,0.220,0.293,0.052,,,0.390,0.090,0.045,,0.466,0.124,,0.049,0.135,0.314,0.420,0.120,,0.430,,,0.988,,,0.812,,0.077,0.382,0.150,,,,,0.076,0.057,,,0.692,,0.31,0.792,0.009,0.430,,,0.692,,
"Jun 07, 2021",0.096,0.102,0.106,0.342,0.116,0.385,0.093,0.061,,0.192,0.140,0.097,,0.098,0.030,0.105,,,0.110,0.056,0.100,0.406,0.153,,0.049,0.082,,0.293,,0.113,,0.386,0.088,0.042,,0.460,0.121,0.081,0.049,0.136,0.314,0.422,0.115,,0.420,,0.086,0.968,0.780,,,,,,0.150,,0.700,,,0.074,0.058,,,0.640,,,0.792,0.012,,,,,,
"Jun 06, 2021",0.095,0.102,0.102,0.346,,0.385,0.092,0.060,,0.194,0.141,0.097,,0.098,0.029,0.104,,0.250,,0.055,0.100,0.406,0.151,,0.049,0.083,,0.292,,,,0.376,,0.041,,0.468,0.122,0.081,0.048,0.137,,,0.110,0.198,0.418,,0.087,0.988,,0.047,,,,0.388,0.150,,,,,0.072,0.058,,,,,,0.792,0.010,,,,,,
"Jun 05, 2021",,,,,,,,,,,,,,,,,,,,,,,,,,,,,,,,,,,,,,,,,,,,,,,,,,,,,,,,,,,,,,,,,,,,,,,,,,
"Jun 04, 2021",,,,,,,,,,,,,,,,,,,,,,,,,,,,,,,,,,,,,,,,,,,,,,,,,,,,,,,,,,,,,,,,,,,,,,,,,,
"Jun 03, 2021",0.095,0.100,0.101,0.340,0.115,0.381,0.092,0.056,,0.185,0.140,0.098,,0.096,,0.103,,0.248,,0.055,0.101,0.406,0.151,,0.047,0.080,,0.294,,0.107,,0.378,,,,0.472,0.119,0.080,0.048,0.135,0.312,0.424,0.102,0.194,0.416,,,0.912,0.780,0.047,0.804,0.12,,0.380,,,0.684,,,0.072,0.055,,,0.600,,0.31,0.780,0.012,,,0.420,,0.590,
"Jun 02, 2021",0.094,0.101,0.095,0.340,0.119,0.375,0.091,0.051,,,0.150,0.094,,0.096,,0.102,,,,0.054,0.097,0.406,0.149,,0.045,0.080,,,,0.113,,,,,,0.470,0.122,0.080,0.048,0.138,,0.426,,,0.406,,0.084,0.920,,0.048,0.804,0.14,,,,,,,,0.073,0.056,,,,,,0.800,,,0.168,,,,
"Jun 01, 2021",0.094,0.101,0.093,0.344,0.116,0.373,0.090,0.051,,0.170,0.149,,0.065,0.097,,0.102,,,,0.055,0.093,0.404,0.146,0.073,0.044,,,0.292,,0.111,,0.384,,,,0.480,0.123,,0.048,0.136,0.318,0.422,,0.187,0.410,,,0.900,,0.047,0.812,0.13,,0.388,0.155,,0.704,,,0.069,0.058,,,0.552,0.538,,0.792,,,,,,,
"May 31, 2021",0.093,,0.091,0.332,,0.371,0.090,0.050,,0.167,,0.091,0.065,0.094,0.030,,,,,0.055,0.092,0.400,0.146,0.070,0.043,0.079,0.219,0.292,,0.112,,0.378,,,,0.480,0.117,,0.048,0.138,0.320,0.420,0.102,,0.400,,0.084,0.896,0.800,0.045,0.808,,,,0.150,,,,,,0.058,,,,,,0.788,,,,,,0.644,
"May 30, 2021",0.093,0.100,0.091,0.328,0.114,0.373,0.087,0.051,,,,,,0.094,,0.100,,0.250,,0.055,0.091,0.396,0.149,0.070,,0.080,,0.289,0.047,,,0.374,,,,0.478,0.112,0.080,0.048,0.135,0.318,0.418,,0.187,0.384,,,,0.732,,0.800,0.12,,,0.150,,,,,0.069,0.058,,,,,,0.780,,,,,,,
"May 29, 2021",,,,,,,,,,,,,,,,,,,,,,,,,,,,,,,,,,,,,,,,,,,,,,,,,,,,,,,,,,,,,,,,,,,,,,,,,,
"May 28, 2021",,,,,,,,,,,,,,,,,,,,,,,,,,,,,,,,,,,,,,,,,,,,,,,,,,,,,,,,,,,,,,,,,,,,,,,,,,
"May 27, 2021",0.093,0.101,0.089,0.322,0.111,0.371,0.086,0.050,,0.167,0.150,0.091,0.062,0.095,,0.099,,0.242,,0.056,0.090,0.390,0.146,0.071,0.043,0.080,,0.294,,0.108,0.226,0.360,,,,0.470,0.112,0.080,0.048,0.131,0.314,0.418,,0.181,0.380,,0.085,,,0.045,0.796,0.12,,0.388,,0.220,,,1.330,,0.057,,,0.550,,,0.764,0.012,,,,,,
"May 26, 2021",0.094,,0.087,0.310,0.116,0.371,0.088,0.048,,0.164,,,,0.092,,0.099,0.488,,,0.056,0.087,0.400,,,0.043,0.080,,0.291,,0.108,,0.350,,,,,0.108,0.080,0.048,0.121,0.312,0.410,,,0.360,,0.081,,,0.048,0.804,,,0.382,,,,,,,0.058,,,0.570,,,0.792,,,,,,,
"May 25, 2021",0.094,0.101,0.089,0.318,0.114,0.373,0.088,0.050,,,,0.091,0.065,0.093,,0.100,,0.242,,0.056,0.088,0.402,0.145,0.071,0.043,0.080,,0.292,0.047,0.108,,0.366,,,,,0.108,0.083,0.049,0.122,0.308,0.402,,,0.360,0.160,,0.900,,0.048,0.800,,,0.380,,,,0.230,,0.069,0.057,,,0.570,,,0.788,0.009,,,,,0.600,
"May 24, 2021",0.096,0.099,0.090,0.322,,0.377,0.088,0.048,0.590,0.163,0.145,,0.065,0.093,,0.099,,0.240,,0.055,0.089,0.394,0.147,0.071,0.043,0.080,,0.290,,0.108,,,0.085,,,,0.110,0.083,0.049,0.125,0.304,0.400,0.108,,0.358,,0.083,0.892,,,,0.12,,,,,0.704,0.230,,,0.057,,,0.574,,,0.788,,,,,,,
"May 23, 2021",0.093,0.100,0.092,0.320,0.116,0.379,0.090,0.048,,0.163,,0.091,0.068,0.094,,0.101,,0.245,0.110,0.055,0.092,0.398,0.146,0.074,0.044,0.080,,0.293,,0.108,,0.360,,,,,0.109,0.081,0.049,0.126,0.306,0.406,,,0.358,,,0.892,,,0.800,,,0.378,,,,0.230,1.330,0.069,0.057,,,,,,0.784,,,,,,0.590,
"May 22, 2021",,,,,,,,,,,,,,,,,,,,,,,,,,,,,,,,,,,,,,,,,,,,,,,,,,,,,,,,,,,,,,,,,,,,,,,,,,
"May 21, 2021",,,,,,,,,,,,,,,,,,,,,,,,,,,,,,,,,,,,,,,,,,,,,,,,,,,,,,,,,,,,,,,,,,,,,,,,,,
"May 20, 2021",0.093,0.101,0.091,0.328,0.120,0.379,0.090,0.053,,0.163,,0.094,0.065,0.097,,0.101,,0.248,,0.055,0.093,,0.146,0.076,,0.080,,0.294,,0.108,,0.378,,,,,0.112,0.081,0.049,0.130,0.304,0.410,0.102,,0.358,,,0.892,,0.048,0.804,,,0.388,,,0.712,,,,0.056,,,,0.572,,0.800,,,,,,,
"May 19, 2021",0.092,,0.091,0.330,0.115,0.373,0.091,0.053,,0.163,,0.095,0.065,0.097,0.029,0.102,,0.250,,0.055,0.092,0.398,0.147,0.076,0.044,0.080,,0.296,,0.108,,0.374,0.088,,,0.430,0.112,0.081,0.048,0.131,0.302,0.410,,,0.358,,0.084,0.892,0.720,0.046,0.804,0.12,,,,,,,,0.071,0.057,,,,,,0.788,0.011,,,,,0.550,
"May 18, 2021",0.093,0.102,0.092,0.332,0.112,0.377,,0.050,,,0.145,,0.065,0.097,0.029,0.102,,0.253,,0.054,0.093,0.398,0.150,0.076,0.044,0.080,,0.294,,0.108,,0.380,0.088,0.041,,0.425,0.111,,0.048,0.130,,0.412,0.102,,0.350,,0.084,,,0.045,,,,0.384,,,,,,0.071,0.057,,,,,,0.792,,,,0.384,,0.550,
"May 17, 2021",0.092,0.102,0.093,0.334,0.108,0.377,0.092,0.052,,,0.145,0.098,,0.099,0.029,0.102,,0.250,,0.055,0.093,0.398,,0.076,0.044,0.080,,0.296,,0.107,,0.382,,,,0.425,0.112,0.080,0.050,0.132,0.306,0.412,,0.182,0.342,,0.085,0.900,,0.048,,0.12,,0.380,,,0.700,,,,0.056,,,0.580,,,0.792,,,,,,,
"May 16, 2021",0.092,,0.094,0.330,,0.379,0.092,0.053,,0.156,0.145,,,0.093,,0.100,,0.254,,0.056,0.093,0.398,0.154,0.077,,,,0.299,,0.106,,0.386,,,,0.425,0.114,0.086,0.050,0.134,0.302,0.420,,,0.340,0.175,0.085,0.904,,,,0.12,,0.380,,,,,,,0.057,,,0.570,,,0.804,,,,,,,
"May 15, 2021",,,,,,,,,,,,,,,,,,,,,,,,,,,,,,,,,,,,,,,,,,,,,,,,,,,,,,,,,,,,,,,,,,,,,,,,,,
"May 14, 2021",,,,,,,,,,,,,,,,,,,,,,,,,,,,,,,,,,,,,,,,,,,,,,,,,,,,,,,,,,,,,,,,,,,,,,,,,,
"May 13, 2021",,,,,,,,,,,,,,,,,,,,,,,,,,,,,,,,,,,,,,,,,,,,,,,,,,,,,,,,,,,,,,,,,,,,,,,,,,
"May 12, 2021",,,,,,,,,,,,,,,,,,,,,,,,,,,,,,,,,,,,,,,,,,,,,,,,,,,,,,,,,,,,,,,,,,,,,,,,,,
"May 11, 2021",0.093,,0.091,0.330,,0.381,,0.052,,,,,0.068,0.092,0.030,0.101,,0.254,,0.054,0.092,0.400,0.154,0.077,0.044,0.080,,0.292,,0.106,,0.386,,,,0.425,0.110,,0.049,0.128,,0.406,,,0.332,,0.085,0.900,,,,0.12,,0.378,,,0.700,,,,0.055,,,0.570,,,0.812,,,,0.350,,,
"May 10, 2021",0.092,0.101,0.090,0.322,0.106,0.375,0.091,0.053,,0.155,,0.096,0.068,0.092,0.030,0.101,,0.255,,0.056,0.093,0.392,0.154,0.076,0.045,0.080,,0.293,0.050,0.106,,0.378,,,,0.430,0.107,0.086,0.050,0.130,,0.404,0.104,,0.342,,,0.868,,,0.812,0.12,,0.378,,,,,,0.071,0.056,,,0.570,,,0.780,,0.432,,,,,
"May 09, 2021",0.093,0.101,0.089,0.306,0.109,0.375,0.093,0.049,,0.160,,,,0.092,0.030,0.102,,0.252,,0.056,0.091,0.392,0.151,0.077,0.044,0.080,,0.292,0.050,0.106,0.226,0.364,0.088,,,0.423,0.101,0.086,0.050,0.120,0.310,0.404,,,0.330,,,0.840,,,0.812,,,0.378,,,,,1.320,0.071,0.056,,,,,,0.792,,,,,,,
"May 08, 2021",,,,,,,,,,,,,,,,,,,,,,,,,,,,,,,,,,,,,,,,,,,,,,,,,,,,,,,,,,,,,,,,,,,,,,,,,,
"May 07, 2021",,,,,,,,,,,,,,,,,,,,,,,,,,,,,,,,,,,,,,,,,,,,,,,,,,,,,,,,,,,,,,,,,,,,,,,,,,
"May 06, 2021",0.094,0.101,0.090,0.304,0.109,0.373,0.092,0.047,,0.160,,0.098,,0.092,,0.102,,0.250,0.118,0.056,0.092,0.390,0.151,0.077,0.044,0.079,,0.290,,0.106,,0.362,0.088,,,0.432,0.099,,0.049,0.115,0.316,0.406,0.104,0.187,0.336,0.163,0.085,0.876,,,0.812,,,0.378,0.152,,0.680,,,0.071,0.056,,0.221,0.570,,,0.784,,,,,,0.550,
"May 05, 2021",0.093,0.100,0.089,0.302,0.109,0.373,0.091,0.047,,0.160,0.145,,,0.092,,0.102,0.490,0.252,,0.056,0.093,0.392,0.152,0.077,0.044,0.079,0.228,0.291,0.050,0.107,,0.364,0.088,,,0.420,0.099,0.086,0.048,0.110,0.316,0.404,,0.186,0.330,,0.085,0.788,,0.045,0.804,0.12,0.075,0.376,0.149,,0.680,,1.320,0.071,0.056,,,0.578,,,0.784,,,,0.350,,0.530,
"May 04, 2021",0.093,0.102,0.090,0.300,0.107,0.371,0.091,,,0.160,0.145,,0.068,0.093,0.028,0.101,,0.252,,0.057,0.092,0.386,0.149,0.079,0.045,0.080,0.228,0.293,,0.107,,0.352,0.088,0.049,,0.420,0.101,0.086,0.048,0.110,0.314,0.400,0.106,,0.328,,0.085,0.780,0.720,0.045,0.804,0.13,0.074,0.378,0.149,,0.680,,,0.073,0.057,,,0.580,,,0.780,,,,0.350,,,
"May 03, 2021",0.093,0.102,0.091,0.300,0.110,0.373,0.091,0.047,,0.160,,,0.065,0.094,,0.102,,0.250,,0.057,0.089,0.386,0.141,0.079,0.045,0.080,,0.293,,0.107,,0.338,0.088,0.045,,0.423,0.102,,0.048,0.110,0.310,0.402,0.107,,0.328,,0.086,0.864,,0.045,0.852,0.12,,0.378,,,,,,0.073,0.057,,,,,,0.784,,,,0.350,,,
"May 02, 2021",0.092,0.102,0.092,0.304,,0.373,0.090,0.047,0.600,0.160,0.160,0.098,,0.091,,0.102,,0.254,,0.057,0.089,0.390,0.137,0.079,0.045,0.080,,0.283,,,,0.340,0.090,,,0.420,0.103,,0.048,0.113,0.312,0.400,,0.175,0.328,,0.087,0.856,,,0.804,0.12,,0.378,0.149,,,,,,0.057,,,,,,0.784,,,,,,0.530,
"May 01, 2021",,,,,,,,,,,,,,,,,,,,,,,,,,,,,,,,,,,,,,,,,,,,,,,,,,,,,,,,,,,,,,,,,,,,,,,,,,
"Apr 30, 2021",,,,,,,,,,,,,,,,,,,,,,,,,,,,,,,,,,,,,,,,,,,,,,,,,,,,,,,,,,,,,,,,,,,,,,,,,,
"Apr 29, 2021",0.094,0.102,0.089,0.290,0.109,0.371,0.089,0.046,,0.158,,0.098,0.065,0.089,0.028,0.102,,0.231,,0.055,0.088,0.390,0.135,0.079,0.045,0.080,,0.272,,0.107,,0.332,0.089,,,0.411,0.097,0.091,0.048,0.112,0.310,0.400,,0.190,0.322,,0.083,0.836,,,0.804,0.12,,0.380,,,0.680,,,,0.057,,,,,,0.772,,,,0.350,,0.530,
"Apr 28, 2021",,,0.088,0.288,0.106,0.370,0.089,0.046,,0.157,,,0.065,0.089,,0.103,,0.235,,0.055,0.088,0.386,0.134,0.080,0.045,0.080,,0.270,0.050,0.107,,0.312,0.090,0.049,,0.401,0.095,0.086,0.048,0.111,0.310,,,,0.312,,0.079,0.800,,,0.804,,,0.378,,,0.680,,,0.073,0.058,,,,,,0.764,,,,,,0.520,
"Apr 27, 2021",0.093,0.101,0.086,0.272,0.104,0.368,0.089,0.046,,0.155,0.156,0.095,0.068,0.090,0.030,0.102,,0.229,,0.054,0.084,0.386,0.136,0.080,0.044,0.080,,0.270,,0.108,,0.312,,0.049,,0.396,0.090,,0.048,0.111,0.308,0.392,,,0.308,0.151,0.079,0.828,,,,0.12,0.071,,,,,,,0.074,0.058,,0.221,,,,0.760,,,,,,,
"Apr 26, 2021",0.092,,0.086,0.269,,0.368,0.089,,,,0.165,0.093,0.065,0.090,0.030,0.101,,0.233,,0.056,0.086,0.388,0.135,0.076,0.043,0.080,,0.270,,0.105,,0.314,,0.048,,0.398,0.090,,0.048,0.110,0.306,0.400,,0.176,0.308,,0.079,0.776,,,,0.12,,0.376,,,0.680,,,0.073,0.059,,0.221,,,,0.756,,,,,,,
"Apr 25, 2021",0.093,0.103,0.088,0.270,,0.366,0.089,,,0.155,0.155,0.094,,0.088,,0.104,,0.234,0.115,0.054,0.084,0.386,0.137,0.074,0.044,,,0.270,,,,0.296,,,,0.398,0.084,,0.048,0.110,0.308,0.394,,,0.318,,0.079,0.716,,,,,,0.380,,,,,,,0.059,,,,,,0.760,,,,,,,
"Apr 24, 2021",,,,,,,,,,,,,,,,,,,,,,,,,,,,,,,,,,,,,,,,,,,,,,,,,,,,,,,,,,,,,,,,,,,,,,,,,,
"Apr 23, 2021",,,,,,,,,,,,,,,,,,,,,,,,,,,,,,,,,,,,,,,,,,,,,,,,,,,,,,,,,,,,,,,,,,,,,,,,,,
"Apr 22, 2021",0.093,0.102,0.087,0.271,0.108,0.370,0.090,0.045,,0.155,0.150,,,0.088,,0.104,0.500,0.231,,0.054,0.084,0.386,0.135,0.074,0.045,,0.232,0.267,,0.105,,0.278,,,,0.398,0.085,,0.048,0.112,0.308,0.384,,0.187,0.314,,,0.680,,0.045,0.812,,,0.380,0.148,,,,,0.074,0.056,,,,,,0.752,,,,,,0.530,
"Apr 21, 2021",0.092,0.101,0.086,0.271,0.104,0.368,0.090,0.046,,0.150,0.144,,0.068,0.089,,0.101,,0.227,0.120,0.056,0.086,0.382,0.135,0.074,0.045,0.080,,0.267,,0.104,,0.278,,0.045,,0.394,0.082,0.086,0.048,0.113,0.306,,,,0.310,,0.079,0.680,,,0.840,,,0.378,,,0.680,,,0.074,0.055,,,,,,0.752,,,,,,0.500,
"Apr 20, 2021",0.094,0.102,0.087,0.273,0.104,0.371,0.090,0.046,,0.153,0.140,0.091,0.068,0.089,,0.094,,0.230,0.115,0.057,0.085,0.384,0.135,0.076,0.043,0.080,,0.270,,0.105,,0.287,0.090,0.050,,0.401,,0.085,0.048,0.117,0.308,0.380,,0.187,0.310,,0.079,0.732,,0.045,,,,0.380,,,0.680,,1.320,,0.056,,,0.570,,,0.752,,,,,,0.500,
"Apr 19, 2021",0.094,0.101,0.086,0.276,,0.370,0.089,,0.590,0.150,0.140,,,0.087,,0.088,,,,,0.080,0.380,0.137,0.070,,0.080,0.239,0.266,,0.102,,0.280,,,,0.398,0.075,,0.047,0.110,0.302,0.380,0.103,,,,0.078,0.712,,0.050,0.804,0.12,0.071,,,,0.680,,,0.079,0.056,,,,,,0.740,,,,,,,
"Apr 18, 2021",0.094,,0.083,0.263,0.102,0.371,0.089,,,0.152,,0.090,0.062,0.087,,0.085,,0.230,,0.057,0.080,0.376,,0.071,0.044,,,0.268,,0.108,,0.264,,0.055,,0.398,0.074,0.086,0.046,0.100,0.302,0.380,,0.182,0.312,,0.083,0.676,,,0.804,0.12,,0.380,,,0.700,,,,0.057,,,,,,0.748,,,,,,,
"Apr 17, 2021",,,,,,,,,,,,,,,,,,,,,,,,,,,,,,,,,,,,,,,,,,,,,,,,,,,,,,,,,,,,,,,,,,,,,,,,,,
"Apr 16, 2021",,,,,,,,,,,,,,,,,,,,,,,,,,,,,,,,,,,,,,,,,,,,,,,,,,,,,,,,,,,,,,,,,,,,,,,,,,
"Apr 15, 2021",0.094,0.101,0.088,0.274,0.107,0.371,0.089,0.042,,0.148,0.138,0.092,0.065,,,0.081,,0.241,,0.056,0.077,0.402,0.140,0.071,0.043,0.078,,0.269,,0.109,,0.266,,,,0.398,0.075,0.086,0.047,0.108,0.300,0.380,0.104,,0.312,0.160,,0.620,,,0.804,,,0.386,,,0.704,,,,0.058,,,,,,0.764,,,,,,,
"Apr 14, 2021",0.093,,0.096,0.280,0.104,0.371,0.089,,,0.148,0.140,,0.068,0.089,,0.082,,0.241,,0.058,0.085,0.400,0.140,0.066,0.044,0.080,,0.272,,,,0.240,,,,0.398,0.077,0.086,0.048,0.118,0.304,0.370,,,0.320,,0.084,0.580,,,,0.13,,,,,,,,,0.059,,,,,,0.752,0.012,,,,,,
"Apr 13, 2021",0.093,,0.095,0.284,,0.371,0.090,0.046,,0.149,0.138,,0.068,0.091,,0.081,,0.242,,0.058,0.083,0.398,0.142,0.066,0.043,0.080,,0.310,,,,0.242,0.088,,,0.401,0.077,,0.049,0.119,0.302,0.376,,0.185,0.324,,0.085,0.580,,,0.804,0.12,,0.386,,,,,,,0.059,,,,,,0.740,,,,,,,
"Apr 12, 2021",0.093,0.102,0.096,0.283,0.107,0.373,0.092,0.041,,0.152,0.135,0.092,,0.088,,0.079,,0.242,,0.058,0.076,0.398,,0.066,0.044,0.082,,0.298,,0.105,0.226,0.234,0.088,,,0.401,0.074,,0.048,0.116,0.304,0.376,,,0.324,,,0.566,,,0.804,,,0.386,,,0.724,,,,0.060,,,0.570,,,0.740,,,,,,,
"Apr 11, 2021",0.094,0.102,0.092,0.277,,0.371,0.092,,,0.152,0.125,0.091,0.074,0.087,,0.080,,0.240,,0.057,0.076,0.398,0.139,0.067,0.043,0.080,,0.295,,0.107,,0.235,,,,0.403,0.072,,0.047,0.116,0.300,0.370,,,0.324,,0.085,0.540,,,0.804,,,,0.149,0.220,0.680,,1.320,,0.058,,,,,,0.732,,,,,,0.496,
"Apr 10, 2021",,,,,,,,,,,,,,,,,,,,,,,,,,,,,,,,,,,,,,,,,,,,,,,,,,,,,,,,,,,,,,,,,,,,,,,,,,
"Apr 09, 2021",,,,,,,,,,,,,,,,,,,,,,,,,,,,,,,,,,,,,,,,,,,,,,,,,,,,,,,,,,,,,,,,,,,,,,,,,,
"Apr 08, 2021",0.094,0.100,0.089,0.265,0.106,0.373,0.091,0.045,0.600,0.152,0.124,,,0.086,,0.080,,0.240,,0.056,0.072,0.400,0.138,0.069,0.044,0.080,,0.297,,0.107,,0.221,,,,,0.074,,0.048,0.113,0.300,0.364,,0.190,0.312,,0.085,0.510,,0.047,0.804,,,,,,,,1.455,0.076,0.056,,,0.560,,,0.728,,,,,,,
"Apr 07, 2021",0.094,0.100,0.090,0.264,,0.371,0.091,0.044,,0.156,0.114,,,0.085,0.020,0.080,,0.239,,0.054,0.073,0.400,0.138,0.069,0.044,0.080,,0.298,,,0.226,0.217,0.088,,,0.398,0.072,0.086,0.047,0.113,,0.360,0.100,,,,,0.500,0.716,0.045,0.800,,,,,,,,,,0.056,,,0.560,,,0.736,,,,,,,
"Apr 06, 2021",0.095,0.101,0.091,0.265,0.106,0.371,0.090,0.048,,0.156,0.104,,0.068,0.086,,0.080,0.496,0.239,,0.055,0.073,0.400,0.138,0.069,0.045,0.080,,,,0.107,,0.218,,,,0.401,0.072,0.086,0.047,0.115,0.300,0.352,0.100,,0.310,,0.085,,0.700,0.047,0.800,,,0.384,0.155,,,,,0.078,0.056,,,0.550,,,0.728,0.012,,,,,,
"Apr 05, 2021",0.095,0.098,0.089,,0.106,0.371,0.090,0.050,,0.155,0.108,,0.068,0.088,,0.080,,0.239,,0.055,0.074,0.402,0.138,0.071,0.045,0.080,,0.299,,0.104,,0.212,0.090,,,0.389,0.071,,0.047,0.117,0.304,0.350,0.104,,0.312,,,0.500,,,,0.12,,0.384,,,,,,,0.056,,,0.560,,,0.740,,,,,,,
"Apr 04, 2021",0.094,0.098,0.087,0.266,0.103,0.381,0.090,,,0.152,0.110,,0.068,0.088,,0.080,,0.239,,0.054,0.073,0.400,0.138,0.069,0.044,0.085,,0.294,0.051,0.103,,0.206,,,,0.377,0.074,0.086,0.047,0.116,0.304,0.346,,0.182,0.306,,,,,,,,,0.380,0.145,0.216,0.724,,,,0.054,,,0.546,,,0.740,,,,,,,
"Apr 03, 2021",,,,,,,,,,,,,,,,,,,,,,,,,,,,,,,,,,,,,,,,,,,,,,,,,,,,,,,,,,,,,,,,,,,,,,,,,,
"Apr 02, 2021",,,,,,,,,,,,,,,,,,,,,,,,,,,,,,,,,,,,,,,,,,,,,,,,,,,,,,,,,,,,,,,,,,,,,,,,,,
"Apr 01, 2021",0.094,0.100,0.086,0.265,0.103,0.375,,0.048,,,0.110,,0.074,0.088,,0.080,0.496,0.239,,0.053,0.072,,,0.064,0.045,0.081,,0.298,0.046,,,0.205,0.089,,,0.377,0.070,0.090,0.045,0.114,0.300,0.350,,0.182,,0.150,,,,,0.780,,,,,,,,,,0.054,,,,,,0.740,,,,,,,
"Mar 31, 2021",0.094,,0.086,0.260,0.106,0.366,,0.047,,0.150,,,0.068,0.088,0.020,0.080,0.550,0.242,0.120,0.052,0.072,0.400,0.138,0.064,0.044,,,0.296,,0.105,,0.201,,,,0.374,0.070,,0.046,0.111,0.320,0.346,,,0.300,,0.084,,,,0.860,,,0.410,,,0.724,,,,0.053,,,0.546,,,0.788,,,,,,,
"Mar 30, 2021",0.093,0.098,0.087,0.257,0.105,0.368,0.086,0.047,,0.148,,0.081,,0.088,,0.081,,0.242,0.112,0.052,0.072,0.390,0.139,0.066,0.045,0.081,,0.295,0.051,0.104,,0.202,0.083,,,0.374,0.070,,0.046,0.114,0.320,0.370,0.107,0.181,,,,0.498,,,,,,0.404,,,0.716,,1.300,,0.053,,,0.550,,,0.780,,,,,,0.496,
"Mar 29, 2021",0.094,0.099,0.086,0.258,0.105,0.366,0.089,0.047,,0.148,,0.090,0.068,0.088,,0.080,,0.240,,0.052,0.067,0.394,0.136,0.064,0.042,,0.239,0.292,0.051,0.105,,,0.084,,,0.374,,0.086,0.046,0.109,0.316,0.340,,0.182,,,0.084,0.498,,,,,,0.400,,,0.720,,,,0.054,,,,,,0.780,,,,,,,
"Mar 28, 2021",0.094,0.100,0.082,0.259,0.105,0.364,0.090,0.048,,0.148,0.112,,,0.090,,0.079,,0.240,,0.052,,0.398,,0.061,0.043,0.081,0.245,0.291,,0.110,0.226,0.200,0.085,,,0.374,,,0.047,0.111,0.316,0.340,,0.203,,,,0.498,0.716,0.045,0.860,,,,,,,,,,0.053,,,,,0.32,0.776,,,,,,,
"Mar 27, 2021",,,,,,,,,,,,,,,,,,,,,,,,,,,,,,,,,,,,,,,,,,,,,,,,,,,,,,,,,,,,,,,,,,,,,,,,,,
"Mar 26, 2021",,,,,,,,,,,,,,,,,,,,,,,,,,,,,,,,,,,,,,,,,,,,,,,,,,,,,,,,,,,,,,,,,,,,,,,,,,
"Mar 25, 2021",0.093,0.099,0.081,0.258,0.103,0.354,,0.044,,0.148,0.111,,,0.099,,0.080,,0.242,0.120,0.052,0.067,0.396,,0.063,0.043,,0.245,0.291,,0.107,,0.202,0.085,,,0.367,,0.086,0.046,0.112,0.318,0.340,0.108,0.200,0.300,,,0.498,0.712,,0.856,0.12,,,,,,,,,0.053,,,0.550,,,0.776,,,,,,,
"Mar 24, 2021",0.095,0.100,0.083,0.255,0.107,0.362,0.089,,,0.148,0.111,,0.068,0.101,,0.080,0.550,0.240,,0.053,0.067,0.398,0.138,0.063,0.043,0.084,,0.290,,0.106,,0.202,0.088,,,,0.070,,0.046,0.113,0.320,0.340,,0.200,0.302,,,0.510,0.708,,0.876,,,0.400,,0.240,0.720,,,0.078,0.053,,,0.550,,,0.776,,,,,,,
"Mar 23, 2021",0.094,0.100,0.083,0.258,,0.374,,0.045,,0.152,0.120,0.092,,0.101,,0.080,,0.240,0.120,0.053,0.067,0.398,0.135,0.063,0.044,0.080,,0.289,0.050,0.106,,0.216,,,,0.379,,,0.047,0.114,0.316,0.344,0.107,0.200,0.312,,,,,,0.820,,,,0.144,,0.708,0.230,,0.078,0.053,,,,,,0.784,,,,,,,
"Mar 22, 2021",0.094,0.102,0.082,0.280,0.109,0.377,0.088,0.045,,0.151,0.116,,,0.101,,0.080,,,,0.052,0.068,,0.135,0.064,0.045,,0.246,0.278,,0.110,,0.220,,,,0.377,0.070,,0.046,0.116,0.320,0.342,0.108,0.203,0.310,,0.084,,,,0.820,,,0.400,,,,,,0.080,0.054,,,,,,0.784,,,,,,,
"Mar 21, 2021",0.093,,0.076,0.278,,0.377,0.091,,,0.150,,,,0.103,,0.080,,0.238,,0.052,0.068,0.400,0.135,0.064,0.043,0.080,0.246,0.280,,,,0.218,0.090,,,0.381,0.075,0.094,0.046,0.114,0.320,0.342,0.111,,0.318,,0.081,0.510,,0.045,0.820,,,0.398,,,0.712,,,0.078,0.053,,,,,,0.788,,,,,,,
"Mar 20, 2021",,,,,,,,,,,,,,,,,,,,,,,,,,,,,,,,,,,,,,,,,,,,,,,,,,,,,,,,,,,,,,,,,,,,,,,,,,
"Mar 19, 2021",,,,,,,,,,,,,,,,,,,,,,,,,,,,,,,,,,,,,,,,,,,,,,,,,,,,,,,,,,,,,,,,,,,,,,,,,,
"Mar 18, 2021",0.094,0.103,0.074,0.276,0.107,0.377,0.088,,,0.149,,,,0.102,,0.080,,,,0.051,,0.424,0.133,0.064,,,,0.285,,,,0.218,,,,0.377,,0.086,0.047,0.109,0.320,0.340,,0.203,0.312,,,0.516,,,,,,,,,0.708,,,,0.052,,,,,,0.788,,,,,,,
"Mar 17, 2021",0.093,0.101,0.075,0.279,,0.377,0.090,0.044,,0.148,0.119,,,0.101,,0.081,,,,0.051,0.066,0.420,,0.064,0.044,0.081,,0.283,,0.109,,0.217,0.090,,,0.377,0.074,0.090,0.046,0.109,0.316,,,0.200,0.310,,,0.510,,,,,,0.400,,,0.700,,,,0.052,,,,,,0.784,,,,,,,
"Mar 16, 2021",0.094,0.100,0.075,0.276,0.106,0.377,0.093,0.044,,0.145,0.115,,,0.099,,0.081,,0.238,,0.051,0.067,0.420,0.135,0.066,0.045,0.081,0.243,0.280,,0.107,,0.217,0.090,,,0.377,0.074,,0.046,0.110,0.320,0.340,,0.200,0.318,,0.081,,,,,,,0.400,0.156,,0.688,,,,0.051,,,,,,0.780,,,,,,0.550,
"Mar 15, 2021",0.094,0.096,0.075,0.280,,0.376,0.093,0.045,,0.143,0.115,,,0.099,,0.081,,0.244,,0.051,0.067,0.420,0.135,0.066,0.044,,,0.285,,0.108,,0.217,,,,0.386,0.073,0.086,0.045,0.114,0.324,0.338,0.111,,0.308,,0.080,0.502,,,,,,0.400,,,0.664,,,,0.051,,,0.558,,,0.764,,,,,,0.550,
"Mar 14, 2021",0.094,0.094,0.076,0.279,0.106,0.371,0.092,0.046,,0.144,0.120,,,0.099,,0.082,,0.240,,0.051,,0.416,0.135,0.067,0.043,0.083,0.222,,,0.109,,0.217,,0.055,,0.389,0.075,0.086,0.047,0.113,0.324,0.340,0.109,,0.308,,,0.502,,,,0.13,,0.410,,,0.692,,,0.081,0.052,,,,,,0.764,,,,,,0.550,
"Mar 13, 2021",,,,,,,,,,,,,,,,,,,,,,,,,,,,,,,,,,,,,,,,,,,,,,,,,,,,,,,,,,,,,,,,,,,,,,,,,,
"Mar 12, 2021",,,,,,,,,,,,,,,,,,,,,,,,,,,,,,,,,,,,,,,,,,,,,,,,,,,,,,,,,,,,,,,,,,,,,,,,,,
"Mar 11, 2021",,,,,,,,,,,,,,,,,,,,,,,,,,,,,,,,,,,,,,,,,,,,,,,,,,,,,,,,,,,,,,,,,,,,,,,,,,
"Mar 10, 2021",0.095,0.095,0.078,0.276,0.107,0.365,0.092,0.046,,0.148,0.125,,0.071,0.099,,0.082,,0.240,,0.051,0.068,0.410,0.141,0.070,0.044,0.083,,0.276,,0.107,,0.218,0.086,,,0.389,0.076,,0.047,0.112,0.328,0.332,,,0.316,,,0.502,,0.045,0.880,,,0.400,,,0.652,,,0.081,0.051,,,0.558,0.572,,0.732,0.009,,,,,,
"Mar 09, 2021",,0.094,0.078,0.277,,0.367,0.092,0.047,,0.146,,0.085,,0.099,,0.083,,0.238,,0.051,0.068,0.414,0.138,0.067,0.043,0.087,,0.280,0.050,0.107,,0.216,0.088,,,,0.077,0.088,0.046,0.116,0.334,0.334,,0.200,0.304,,0.080,,0.708,,,0.13,,0.400,,,,,,,0.052,,,0.546,,,0.732,,,,,,,
"Mar 08, 2021",,0.086,0.077,0.277,0.107,0.369,0.087,0.047,,0.140,0.127,0.085,0.071,0.098,,0.080,,0.243,,0.051,,0.404,,0.069,0.042,,,0.300,,0.107,,0.222,0.089,,,0.394,0.077,,0.047,0.115,,0.340,,,0.300,,0.081,0.502,,,,,0.071,,,,,,,,0.052,,,0.558,,,0.720,,,,,,,
"Mar 07, 2021",0.096,0.086,0.076,0.280,0.106,0.367,0.084,0.047,,0.137,0.130,,,0.100,,0.083,,0.270,0.132,0.051,0.067,0.404,,0.067,0.043,,,0.300,,0.107,,0.222,,,,0.394,0.075,0.088,0.048,0.105,0.338,0.340,,,0.310,,0.083,0.502,,,,,,0.392,,,,,,,0.052,,,,,,0.720,,,,,,,
"Mar 06, 2021",,,,,,,,,,,,,,,,,,,,,,,,,,,,,,,,,,,,,,,,,,,,,,,,,,,,,,,,,,,,,,,,,,,,,,,,,,
"Mar 05, 2021",,,,,,,,,,,,,,,,,,,,,,,,,,,,,,,,,,,,,,,,,,,,,,,,,,,,,,,,,,,,,,,,,,,,,,,,,,
"Mar 04, 2021",0.096,0.085,0.073,0.280,0.105,0.362,0.083,0.046,,0.132,0.124,,0.071,0.099,,0.082,,0.272,,0.051,,,,0.067,,,,0.300,,0.105,0.251,0.213,0.088,,,,0.072,,0.047,0.100,,0.340,,,,,,0.472,,,,,,0.390,,,,,,,0.051,,,,,,0.752,0.012,,,,,0.546,
"Mar 03, 2021",0.097,0.085,0.073,0.276,0.105,0.360,0.083,0.045,,0.132,0.122,,0.071,0.100,,0.082,,0.272,,0.051,0.067,0.410,0.135,0.069,0.042,0.086,,0.300,,0.104,,0.215,0.090,,,0.389,0.072,,0.047,0.094,0.338,0.340,,,0.300,,,0.480,0.708,0.045,0.860,0.13,,0.398,,,,,,0.081,0.052,,,0.644,,,0.760,,,,,,,
"Mar 02, 2021",0.096,0.084,0.074,0.274,,0.357,0.082,0.041,0.640,0.130,0.116,0.083,,0.099,,0.081,0.496,0.270,,0.051,0.067,0.408,0.133,0.069,0.043,0.086,0.202,0.300,0.046,0.105,,0.212,0.090,0.061,,0.386,0.072,,0.047,0.085,0.336,0.340,0.107,,0.300,,,0.454,0.708,,,0.13,,0.392,,,0.652,,,,0.052,,,0.558,,0.32,0.760,,,,,,,
"Mar 01, 2021",0.097,0.085,0.074,0.272,0.103,0.355,0.080,0.040,,0.131,0.113,,,0.100,,0.080,,0.272,,0.050,0.067,0.414,,0.069,0.044,0.086,0.206,0.300,,0.103,,0.212,0.090,,,0.384,0.070,,0.046,0.083,,0.340,0.102,0.203,0.300,,,0.440,0.708,0.045,,0.14,,0.398,,,,,,,0.051,0.550,,,,,0.760,,,,,,,
"Feb 28, 2021",0.097,0.084,0.069,,0.103,0.348,0.080,,,0.130,,,0.071,0.099,,0.082,,,,0.051,0.067,0.420,,0.067,0.042,0.091,0.196,0.300,,0.102,,0.212,,,,0.384,0.069,,0.046,0.080,0.336,,,,0.300,,0.079,0.430,,,,0.14,,0.396,,,0.652,,,,0.052,,,,,,0.768,,,,,,,
"Feb 27, 2021",,,,,,,,,,,,,,,,,,,,,,,,,,,,,,,,,,,,,,,,,,,,,,,,,,,,,,,,,,,,,,,,,,,,,,,,,,
"Feb 26, 2021",,,,,,,,,,,,,,,,,,,,,,,,,,,,,,,,,,,,,,,,,,,,,,,,,,,,,,,,,,,,,,,,,,,,,,,,,,
"Feb 25, 2021",0.097,0.084,0.067,0.266,0.103,0.348,0.080,0.038,,0.129,0.105,0.092,0.074,0.100,,0.082,,0.270,,0.050,0.067,0.414,,0.067,0.039,0.088,,0.304,,0.103,0.251,0.210,0.089,,,0.384,0.068,0.088,0.047,0.079,0.330,0.338,,0.204,0.300,0.166,0.079,0.420,,,0.820,0.14,,0.398,0.159,,,0.249,,,0.051,,0.245,,0.623,0.32,0.740,,,,,0.632,,
"Feb 24, 2021",0.096,,0.065,0.259,0.103,0.350,0.078,,,0.128,,,0.071,0.100,,0.080,,0.274,,,0.065,0.404,,0.067,,0.092,,0.310,,0.101,,0.208,0.090,,,0.384,0.069,0.084,0.047,0.077,0.326,0.340,,,,,,0.412,,0.045,,0.15,,0.396,,,0.656,0.243,1.325,,0.050,,,,,,0.780,,,,,,,
"Feb 23, 2021",0.096,0.082,0.065,0.255,0.101,0.346,0.076,0.038,,0.130,,,0.068,0.093,,0.080,,,,0.051,0.066,0.410,0.132,0.066,0.037,0.088,,0.310,,0.101,,0.209,0.089,,,0.384,0.070,,0.048,0.078,0.326,,,,0.304,,,0.412,,,,0.15,,0.396,,,0.656,,,,0.052,,,0.586,,0.32,0.780,,,,,,,
"Feb 22, 2021",0.098,0.081,0.065,0.254,0.102,0.345,0.075,,,0.129,0.097,,,0.085,,0.080,,0.268,,0.051,0.068,0.402,,0.067,0.037,,0.206,0.308,,0.101,,0.210,0.090,,,0.384,0.070,0.088,0.045,0.076,0.324,0.340,,,0.314,,,0.412,,,0.860,0.15,,0.396,,,0.660,,,,0.052,,,,0.589,0.31,0.772,,,,,,,
"Feb 21, 2021",0.097,0.082,0.066,,0.103,0.345,0.075,,,0.130,,,,0.086,,0.082,,0.274,,0.050,0.074,0.398,0.139,0.069,0.037,,,0.308,,0.102,,0.211,0.090,,,0.381,0.070,,0.047,0.079,0.324,,,,0.316,,,0.412,,,0.856,0.14,,0.394,,,0.660,,,,0.051,,,0.586,,,0.764,,,,,,,
"Feb 20, 2021",,,,,,,,,,,,,,,,,,,,,,,,,,,,,,,,,,,,,,,,,,,,,,,,,,,,,,,,,,,,,,,,,,,,,,,,,,
"Feb 19, 2021",,,,,,,,,,,,,,,,,,,,,,,,,,,,,,,,,,,,,,,,,,,,,,,,,,,,,,,,,,,,,,,,,,,,,,,,,,
"Feb 18, 2021",0.097,0.081,,0.258,0.103,0.345,0.075,,,0.130,0.103,0.086,0.068,0.086,,0.083,0.550,,,0.050,0.074,0.402,,0.069,0.037,0.088,,0.300,,0.103,,0.213,0.088,,,0.384,,0.088,0.048,0.081,0.324,0.344,,,0.322,,0.081,,,,0.860,0.14,,,,,0.660,,,,0.051,,,,,,0.752,,0.432,,,,,3.900
"Feb 17, 2021",0.096,,,0.260,0.103,0.345,0.075,0.040,,0.130,,,,0.087,,,,,,0.048,,0.400,0.140,0.069,0.036,0.090,,0.310,,0.103,,0.214,0.090,,,0.374,,,0.049,0.082,0.324,,,,0.295,0.160,,0.430,,,,0.13,,,,,0.660,0.269,,,0.049,,,,,,0.764,,,,,,,
"Feb 16, 2021",0.096,,0.065,0.260,,0.345,0.076,,,0.130,0.103,,0.068,0.087,,,,0.262,,0.050,0.073,0.400,0.140,0.069,0.037,,,,,0.101,,0.214,0.090,,,0.367,0.070,0.088,0.050,0.085,0.322,0.346,,,0.289,,,0.434,0.708,0.045,,0.12,,0.384,,,0.660,,,,0.050,,,,,,0.772,,,,,,,
"Feb 15, 2021",0.097,0.082,0.066,0.258,0.103,0.343,0.077,0.041,0.600,0.130,0.103,0.090,,0.087,,,,0.275,,0.050,0.072,0.406,,0.070,0.037,0.092,,0.310,,0.101,,0.218,0.097,,,0.364,0.073,0.086,0.053,0.087,0.322,0.344,0.105,,0.284,,,,,0.045,,0.13,,,,,,,,,0.049,,,,,,0.760,,,,,,,
"Feb 14, 2021",0.096,0.080,0.066,0.260,0.103,0.345,0.075,0.041,,0.128,,0.093,0.068,0.089,,0.082,,,,0.050,,0.408,,0.071,,0.094,0.217,0.310,,0.101,,0.215,0.097,,,0.364,0.072,0.086,0.053,,0.322,0.350,0.107,,0.290,,,,,,,0.12,,,0.148,,,,1.325,,0.050,,0.245,0.550,,,0.768,,,,,,,3.600
"Feb 13, 2021",,,,,,,,,,,,,,,,,,,,,,,,,,,,,,,,,,,,,,,,,,,,,,,,,,,,,,,,,,,,,,,,,,,,,,,,,,
"Feb 12, 2021",,,,,,,,,,,,,,,,,,,,,,,,,,,,,,,,,,,,,,,,,,,,,,,,,,,,,,,,,,,,,,,,,,,,,,,,,,
"Feb 11, 2021",0.094,0.080,0.066,0.264,0.100,0.345,0.076,,,0.126,0.104,,,0.088,,0.083,,0.275,0.132,0.049,0.073,0.418,,0.073,0.037,0.096,0.241,0.314,,0.102,,0.219,0.097,,,0.367,0.072,0.086,0.053,0.086,0.322,0.350,0.107,,0.290,,,,,,0.820,0.13,,0.384,,,,,,0.081,0.050,,,,,,,,,,,,,
"Feb 10, 2021",0.094,0.078,0.067,0.262,0.100,0.346,0.075,0.043,,0.126,0.103,,0.068,0.088,,0.084,,0.275,0.130,0.048,0.073,0.420,0.140,0.074,0.038,0.097,,0.312,,0.103,,0.219,0.095,,,0.364,0.066,,0.050,0.085,0.322,0.350,0.107,,0.288,,,0.436,0.708,,0.868,,,,0.140,,0.660,,,,0.048,,,0.586,,0.31,0.780,,,,,,,
"Feb 09, 2021",0.094,0.078,0.067,0.262,,0.348,0.077,,,0.126,,,0.068,0.089,,0.084,,0.275,,0.049,0.075,0.420,0.140,0.073,,,,0.320,,0.101,,0.221,0.100,,,0.367,,0.086,0.050,0.087,0.324,0.350,,,0.290,,,0.436,,,,,,,,0.240,0.660,,,0.081,0.050,,,0.586,,0.31,0.780,,,,,,,
"Feb 08, 2021",0.094,0.080,0.067,0.260,0.100,0.350,0.078,,,0.125,0.103,,0.071,0.089,,0.086,,0.270,0.125,0.049,0.075,0.414,,0.067,,,,0.316,,0.105,,0.219,,,,0.364,,,0.053,0.086,0.320,0.350,0.102,0.210,0.290,,,,0.760,0.042,0.868,,,0.380,,,,0.260,,,0.049,,,,,0.31,0.772,,,,,,,
"Feb 07, 2021",0.095,0.080,0.067,0.258,0.100,0.350,0.080,0.042,,0.131,0.106,,0.074,0.089,,0.086,,0.270,0.135,0.050,0.075,0.420,,0.064,0.040,,,,,0.109,,0.216,,,,0.360,0.066,,0.053,0.085,0.314,,,0.200,0.282,,,0.440,0.704,,0.900,,,,,,0.660,,,,0.051,,,,,,0.768,,,,,,0.550,
"Feb 06, 2021",,,,,,,,,,,,,,,,,,,,,,,,,,,,,,,,,,,,,,,,,,,,,,,,,,,,,,,,,,,,,,,,,,,,,,,,,,
"Feb 05, 2021",,,,,,,,,,,,,,,,,,,,,,,,,,,,,,,,,,,,,,,,,,,,,,,,,,,,,,,,,,,,,,,,,,,,,,,,,,
"Feb 04, 2021",0.096,0.080,0.067,0.260,,0.350,0.085,,,0.137,0.103,,0.074,0.090,,0.086,,0.275,,0.050,0.075,0.420,,0.059,0.041,0.097,,0.300,,0.114,,0.220,,,,0.358,0.066,0.086,0.051,,0.310,0.344,0.105,,0.278,,0.079,,,,0.900,,,,,,0.664,,,,0.051,,,0.586,,,0.764,,,,,,,
"Feb 03, 2021",0.095,0.080,0.066,0.260,,0.348,0.085,,,0.134,,,0.074,0.089,,0.087,,0.270,,0.050,0.075,0.416,0.140,0.064,0.041,0.097,,0.300,,,,0.222,,,,0.352,0.066,0.086,0.051,0.085,0.312,,,,0.278,,0.079,,0.704,,,,,0.380,,,0.660,,,,0.050,,,0.644,,,0.764,,,,,,0.496,
"Feb 02, 2021",0.095,0.082,0.066,0.255,0.100,0.350,,0.042,,0.134,0.104,0.093,0.068,0.090,,0.087,,0.270,,0.051,0.074,0.420,0.140,0.070,,0.097,0.250,,,0.117,,0.217,,,,,0.068,,0.051,0.083,0.318,0.354,,,0.240,,,0.446,,0.042,,,,0.390,,,0.664,,,,0.051,,,0.584,,,0.764,,,,,,,
"Feb 01, 2021",0.095,0.084,0.067,0.262,,0.346,,0.042,,0.137,0.106,0.093,,0.090,,0.088,,0.272,,0.051,0.074,,,0.071,0.042,0.097,,0.300,,0.115,,0.212,,,,0.340,0.068,0.086,0.053,,0.318,0.350,,0.200,0.251,0.164,0.080,0.410,,,0.980,,,,,,,,,,0.051,,,,,,0.776,,,,,,,
"Jan 31, 2021",0.095,0.082,0.066,0.249,0.100,0.346,0.090,0.043,,0.137,0.104,0.098,0.065,0.091,,0.089,,0.275,,0.051,0.073,0.426,0.140,0.071,0.042,0.097,,,,0.115,,0.214,,,,0.340,0.067,0.087,0.053,0.085,0.320,0.350,0.102,,0.230,,,,,,,0.13,,0.390,,,0.664,0.269,,,,,,0.582,,,0.760,,,,,,,
"Jan 30, 2021",,,,,,,,,,,,,,,,,,,,,,,,,,,,,,,,,,,,,,,,,,,,,,,,,,,,,,,,,,,,,,,,,,,,,,,,,,
"Jan 29, 2021",,,,,,,,,,,,,,,,,,,,,,,,,,,,,,,,,,,,,,,,,,,,,,,,,,,,,,,,,,,,,,,,,,,,,,,,,,
"Jan 28, 2021",0.095,0.083,,0.252,,0.348,,,,0.130,0.105,0.095,,0.090,,0.089,,0.280,,0.050,0.073,0.426,0.140,0.073,,0.097,,0.300,,0.121,,0.218,0.097,,,,0.069,,0.051,0.083,0.314,0.350,0.102,,0.255,,,,,,,,,0.390,0.148,,0.672,,1.325,,0.051,,,,,,0.760,,,,,,0.496,
"Jan 27, 2021",0.094,,0.066,0.248,0.105,0.350,,0.042,,0.132,0.105,0.095,0.068,0.089,,0.090,,0.280,,0.050,0.073,0.418,0.141,0.074,,,0.257,0.300,0.051,0.121,,0.221,0.097,,,0.340,,0.087,,,0.318,0.360,0.105,,0.254,,0.079,,,,0.992,,,,,,0.672,0.243,1.325,,,,,,,,0.760,0.011,,,,,,
"Jan 26, 2021",0.094,0.084,0.066,0.242,,0.341,0.088,0.042,,,0.105,,,0.088,,0.088,,0.280,,,0.073,0.420,0.141,0.070,,0.096,,0.300,0.051,,,0.210,0.097,,,0.352,,0.088,0.052,0.083,0.316,0.360,0.109,,0.256,,0.079,,,,,,,0.390,,,,0.263,,,0.051,,,0.620,,,0.760,0.010,,,,,,
"Jan 25, 2021",0.094,0.084,0.067,0.244,,0.343,0.089,,,0.146,0.105,,0.068,0.089,,0.091,,0.290,,0.050,0.074,0.420,,0.074,,0.094,,0.310,,,,0.207,,0.069,,0.355,0.069,,0.051,0.084,0.316,0.360,,,,,0.079,,0.704,,0.900,,,,,,,,1.105,,0.050,,,0.584,,,0.760,0.012,,,,,,
"Jan 24, 2021",0.095,0.085,0.067,0.252,,0.345,0.089,,,0.147,0.103,0.092,0.065,0.087,,0.092,,0.292,,0.050,0.075,0.422,0.145,0.076,,,,,,0.121,,0.212,,,,0.352,0.070,0.086,0.053,,0.320,0.370,,0.200,,,0.080,,,0.042,,,,,0.148,,0.684,,,,0.052,,,0.648,0.572,0.31,,,,,,,,
"Jan 23, 2021",,,,,,,,,,,,,,,,,,,,,,,,,,,,,,,,,,,,,,,,,,,,,,,,,,,,,,,,,,,,,,,,,,,,,,,,,,
"Jan 22, 2021",,,,,,,,,,,,,,,,,,,,,,,,,,,,,,,,,,,,,,,,,,,,,,,,,,,,,,,,,,,,,,,,,,,,,,,,,,
"Jan 21, 2021",0.095,,0.067,0.255,0.106,0.352,0.096,,,0.149,,0.097,,0.082,,0.092,,0.292,,0.050,0.074,0.420,0.145,0.074,0.045,0.095,,0.308,,,,0.216,,,,0.352,0.071,,0.053,0.088,,0.368,,,0.260,,0.081,,,,0.980,0.13,,,0.148,,0.672,,,,0.051,,,0.652,,0.31,0.760,,,,,,0.520,
"Jan 20, 2021",0.096,,0.068,0.252,0.105,0.346,0.095,0.045,,0.146,,,0.071,0.081,,0.092,,0.270,,0.051,0.076,0.418,,0.076,0.046,0.095,,0.310,,0.125,,0.220,,,,0.369,0.070,0.088,0.053,0.087,0.320,0.366,,,0.255,,0.080,0.450,,0.045,,,0.071,,,,0.700,,1.215,,0.052,,,0.640,0.572,,0.740,,,,,,,
"Jan 19, 2021",0.096,0.088,0.067,0.252,0.102,0.352,,0.045,,0.146,0.104,0.097,,0.078,,0.092,,0.264,,0.050,0.072,0.410,0.145,0.071,0.045,,,0.310,,0.122,,0.222,,,,0.347,,0.086,0.054,0.090,,0.346,,0.200,0.260,0.170,0.081,0.450,0.740,,,,,0.410,,,0.700,0.275,,,0.051,,,,,,0.732,,,,,,0.550,
"Jan 18, 2021",0.094,,0.067,0.252,0.101,0.350,,0.042,,0.146,,,0.065,0.077,,0.091,,0.251,,0.050,0.071,0.390,,0.067,0.044,0.096,,0.310,,0.120,,0.205,0.092,,,0.346,,,,0.085,,0.338,,0.207,0.254,,,,,0.043,,,,,,,,,1.215,,,,,,,,0.724,,,,,,,
"Jan 17, 2021",0.094,0.085,0.063,0.244,0.101,0.348,,,,0.146,,0.090,,0.077,,0.092,,0.246,,0.051,0.072,0.386,0.141,0.061,0.043,0.097,,0.300,0.055,0.125,,0.192,,,,0.338,0.069,0.086,,,,0.340,,,0.248,,,0.448,0.780,,,0.15,0.071,,,,,0.290,,,0.052,,,0.612,,,0.724,,,,,,,
"Jan 16, 2021",,,,,,,,,,,,,,,,,,,,,,,,,,,,,,,,,,,,,,,,,,,,,,,,,,,,,,,,,,,,,,,,,,,,,,,,,,
"Jan 15, 2021",,,,,,,,,,,,,,,,,,,,,,,,,,,,,,,,,,,,,,,,,,,,,,,,,,,,,,,,,,,,,,,,,,,,,,,,,,
"Jan 14, 2021",0.094,0.089,0.065,0.230,0.101,0.350,0.095,,,0.146,0.115,0.095,0.065,0.076,,0.092,,0.250,,0.051,,0.384,0.150,0.063,,0.098,,0.304,,0.120,,0.176,0.097,,,0.336,0.069,,0.054,,0.316,0.340,0.110,,0.240,,,0.448,0.780,,0.972,0.15,,,0.160,,0.700,0.300,,0.081,0.052,,,,,,0.704,,,,,,,
"Jan 13, 2021",,0.089,0.064,0.232,,0.350,0.097,,,,,0.097,,0.078,,0.092,,,,0.049,0.072,0.390,,0.064,,0.098,,0.310,,0.122,,0.163,,,,0.341,0.070,,,0.089,,0.334,0.107,,0.250,,,,0.788,,,0.16,,,,,0.720,,1.165,,0.051,,,,,,0.720,,,,,,,
"Jan 12, 2021",0.096,0.089,0.065,0.232,0.101,0.348,0.097,0.043,,0.157,0.115,,,0.077,0.021,0.093,,0.240,,0.050,0.072,0.388,0.147,0.064,0.043,0.091,,0.320,,0.121,,0.165,,0.067,,0.341,,,,,0.324,0.336,0.107,,0.250,,,0.448,,,,0.16,,0.410,,,,,,,0.051,,,,,,0.720,,,,,,,
"Jan 11, 2021",0.095,0.095,0.066,0.235,0.104,0.346,0.097,,,,,,,0.077,,0.092,,0.245,,0.051,0.074,0.392,0.147,0.064,0.044,0.093,,0.310,,0.125,,0.165,0.100,,,0.340,0.070,0.088,0.055,0.091,,0.338,,,0.250,,,,,,,,,,,,0.720,,,,,,,,,,0.732,,,,,,,
"Jan 10, 2021",0.095,,0.067,,0.104,0.355,0.097,0.042,,0.162,0.123,,,0.078,,0.093,,0.245,,0.051,0.074,,0.147,0.066,,0.095,,0.330,,,,0.156,,,,0.338,0.071,0.088,0.052,,,0.334,,,0.250,,,,,0.045,,,,0.400,0.160,,0.720,,1.060,,,,0.272,,,,0.732,,,,,,,
"Jan 09, 2021",,,,,,,,,,,,,,,,,,,,,,,,,,,,,,,,,,,,,,,,,,,,,,,,,,,,,,,,,,,,,,,,,,,,,,,,,,
"Jan 08, 2021",,,,,,,,,,,,,,,,,,,,,,,,,,,,,,,,,,,,,,,,,,,,,,,,,,,,,,,,,,,,,,,,,,,,,,,,,,
"Jan 07, 2021",0.094,,0.066,,,0.346,0.092,,,,,,,0.078,,0.090,,0.245,,0.050,,,,0.063,,0.095,,0.334,,,,0.143,,,,0.327,,0.088,0.051,,,0.338,,,0.253,,,,,0.049,,,,0.400,0.152,,,,,,0.051,,,,,,0.728,,,,,,,
"Jan 06, 2021",,,0.066,,0.100,0.346,0.093,0.045,,0.160,0.125,,,0.077,,0.090,,0.245,,0.050,0.073,0.392,0.145,0.063,,0.098,,0.338,,0.125,,0.144,,,,0.340,,0.088,0.055,0.090,,0.338,0.108,0.207,0.253,,,,,,1.000,,,,,,,,,,0.051,,,0.672,,,0.728,,,,,,,
"Jan 05, 2021",0.095,,0.066,0.225,0.100,0.343,,0.046,,,0.125,,,0.078,,0.092,,0.245,,0.051,0.073,0.392,0.145,0.066,,0.100,,0.340,,,,0.144,,,,0.340,0.072,0.088,0.055,0.092,0.340,,0.105,,0.250,,,0.448,,,,,,0.400,0.155,,0.720,,,,,,,0.680,,,0.732,,,,,,,
"Jan 04, 2021",0.095,,0.067,0.226,0.098,0.343,0.092,0.046,,0.163,,0.091,,0.078,,0.092,,0.245,,0.050,0.074,0.392,0.145,0.069,0.043,0.099,,,,,,0.144,,,,0.334,0.068,0.087,0.052,0.089,,0.340,,0.207,0.250,,,0.424,,,,,0.078,,,,,,,,0.051,,,0.672,,,0.724,,0.432,,,,,
"Jan 03, 2021",,,0.066,0.225,,0.341,,,,0.164,,,,0.079,,0.091,,,,,0.072,0.392,0.143,0.064,0.045,0.100,,,,,,0.143,0.099,,,0.327,,,0.051,0.089,,0.350,0.105,,0.242,0.164,,0.422,,,,,,,,,0.720,,,,0.051,,,0.680,,,0.720,,,,,,,
"Jan 02, 2021",,,,,,,,,,,,,,,,,,,,,,,,,,,,,,,,,,,,,,,,,,,,,,,,,,,,,,,,,,,,,,,,,,,,,,,,,,
"Jan 01, 2021",,,,,,,,,,,,,,,,,,,,,,,,,,,,,,,,,,,,,,,,,,,,,,,,,,,,,,,,,,,,,,,,,,,,,,,,,,
