,GISS ,QAMC ,MRDS ,IGRD ,NLCS ,MARK ,MPHC ,SALM ,DOBK ,QIIB ,QGTS ,QNNC ,BLDN ,QINS ,ERES ,QNBK ,VFQS ,COMB ,GWCS ,QIMC ,AHCS ,QISB ,QOIS ,KINS ,ORDS ,QIGD ,QGMS ,IQCD ,BRES ,UDCD ,DBIS ,QFLS ,QFBQ ,QEWC ,MKDM ,QANC ,DICO ,MCCS ,MCGS ,FALH ,IHGS ,WDAM ,MERS ,QIIC ,QLMI ,QGIR ,ZHCD ,AABQ ,QCFD 
"Dec 31, 2021",,,,,,,,,,,,,,,,,,,,,,,,,,,,,,,,,,,,,,,,,,,,,,,,,
"Dec 30, 2021",1.716,1.801,0.920,1.229,0.940,4.640,2.090,0.819,3.200,9.210,3.300,7.638,1.45,2.750,1.341,20.190,1.667,6.749,4.538,3.070,1.084,18.330,0.814,3.600,7.020,2.220,3.180,15.490,3.060,1.540,1.842,18.280,1.568,16.600,5.11,5.100,1.920,4.748,8.498,1.55,3.945,3.594,19.600,8.000,5.05,2.000,,3.648,3.550
"Dec 29, 2021",1.710,1.826,0.929,1.228,0.940,4.840,2.180,0.814,2.950,9.210,3.300,7.606,1.44,2.600,1.330,20.170,1.641,6.680,4.539,3.053,1.052,18.310,0.810,3.637,6.842,2.239,3.210,15.480,3.156,1.580,1.872,17.840,1.564,16.640,5.18,5.100,1.918,4.730,8.389,1.60,4.010,3.536,19.600,8.097,5.10,,15.905,3.619,3.550
"Dec 28, 2021",1.690,1.828,0.902,1.217,0.900,4.851,2.162,0.808,2.950,9.388,3.319,7.598,1.44,2.600,1.320,20.100,1.646,6.683,4.540,3.060,1.036,18.300,0.802,3.520,6.829,2.195,3.200,15.480,3.170,1.586,1.833,17.640,1.533,16.560,5.02,5.100,1.930,4.700,8.262,1.61,3.838,3.539,19.600,7.955,5.01,1.850,15.238,3.667,
"Dec 27, 2021",1.691,1.810,0.909,1.231,0.900,4.860,2.168,0.810,2.950,9.300,3.315,7.600,1.45,2.599,1.345,19.900,1.626,6.684,4.560,,1.025,18.230,0.809,3.555,6.829,2.185,3.200,15.340,3.152,1.560,1.870,17.500,1.542,16.460,5.12,5.100,1.915,4.678,8.235,1.60,3.900,3.572,19.390,7.998,4.99,1.950,15.200,,3.550
"Dec 26, 2021",1.710,1.830,0.930,1.228,0.910,4.840,2.180,0.814,2.955,9.400,3.293,7.599,1.45,2.600,1.382,20.040,1.633,6.690,4.530,3.050,1.030,18.230,0.809,3.610,6.825,2.199,3.195,15.400,3.180,1.555,1.897,17.680,1.534,16.420,5.14,5.100,1.915,4.699,8.163,,3.968,3.611,19.140,8.093,4.97,1.950,,3.714,3.650
"Dec 25, 2021",,,,,,,,,,,,,,,,,,,,,,,,,,,,,,,,,,,,,,,,,,,,,,,,,
"Dec 24, 2021",,,,,,,,,,,,,,,,,,,,,,,,,,,,,,,,,,,,,,,,,,,,,,,,,
"Dec 23, 2021",1.688,1.838,0.940,1.250,0.916,4.870,2.190,0.814,2.950,9.375,3.318,7.599,1.45,2.600,1.380,20.190,1.648,6.698,4.528,3.050,1.025,18.230,0.808,3.621,6.835,2.224,3.250,15.470,3.190,1.586,1.940,17.650,1.557,16.490,5.14,5.149,1.905,4.794,8.229,1.61,3.982,3.618,19.230,7.985,4.97,2.000,15.210,3.476,3.520
"Dec 22, 2021",1.670,1.820,0.955,1.269,0.939,4.878,2.211,0.829,2.958,9.390,3.300,7.591,1.45,2.575,1.414,20.020,1.637,6.695,4.565,3.051,1.052,18.280,0.823,3.720,6.788,2.250,3.344,15.470,3.200,1.590,1.987,17.520,1.535,16.490,5.15,,,4.748,8.199,1.61,4.129,3.630,19.300,7.803,4.95,2.000,15.000,,
"Dec 21, 2021",1.687,1.811,0.959,1.284,0.945,4.870,2.190,0.845,2.950,9.370,3.290,7.574,1.45,2.585,1.420,19.900,1.638,6.680,4.578,3.051,1.064,18.180,0.843,3.716,6.788,2.265,3.355,15.400,3.200,1.593,1.996,17.550,1.549,16.650,5.15,5.100,,4.700,8.298,1.61,4.182,3.648,19.290,,5.00,,15.095,3.800,3.753
"Dec 20, 2021",1.689,1.812,0.965,1.278,0.955,4.896,2.204,0.850,2.950,9.363,3.270,7.600,1.45,2.580,1.420,19.930,1.614,6.689,4.600,3.060,1.056,18.240,0.840,3.800,6.806,2.260,3.395,15.240,3.196,1.604,1.978,17.710,1.558,16.690,5.15,5.100,,4.640,8.268,1.60,4.220,3.570,19.130,7.996,4.95,,14.810,,3.700
"Dec 19, 2021",,,,,,,,,,,,,,,,,,,,,,,,,,,,,,,,,,,,,,,,,,,,,,,,,
"Dec 18, 2021",,,,,,,,,,,,,,,,,,,,,,,,,,,,,,,,,,,,,,,,,,,,,,,,,
"Dec 17, 2021",,,,,,,,,,,,,,,,,,,,,,,,,,,,,,,,,,,,,,,,,,,,,,,,,
"Dec 16, 2021",1.735,1.839,0.999,1.306,0.985,4.940,2.230,0.866,2.977,9.401,3.280,7.600,1.48,2.580,1.446,19.900,1.639,6.693,4.650,3.100,1.064,18.200,0.862,3.840,6.840,2.313,3.444,15.130,3.200,1.630,2.067,17.770,1.577,16.770,5.15,5.150,1.940,4.750,8.328,1.61,4.288,3.650,19.300,7.889,4.95,,15.143,,3.480
"Dec 15, 2021",1.732,1.830,1.000,1.315,0.995,4.845,2.227,0.869,2.979,9.385,3.321,7.599,1.48,2.537,1.438,19.780,1.640,6.693,,3.080,1.053,18.120,0.865,3.890,6.909,2.314,3.406,15.000,3.210,1.620,2.072,17.900,1.577,16.920,5.15,5.100,1.907,4.720,8.290,1.58,4.329,3.610,19.110,7.760,4.95,2.039,15.238,,3.750
"Dec 14, 2021",1.738,1.840,1.003,1.330,1.000,4.870,2.238,0.875,2.980,9.407,3.330,7.600,1.48,2.544,1.439,20.000,1.632,6.694,4.640,3.061,1.060,18.250,0.874,3.855,6.920,2.302,3.400,15.350,3.220,1.620,2.078,17.920,1.577,16.890,5.14,5.100,1.906,4.700,8.300,,4.324,3.599,19.200,,4.95,2.000,15.152,3.800,
"Dec 13, 2021",1.734,1.824,1.003,1.331,0.998,4.820,2.180,0.879,2.959,9.399,3.350,7.599,1.48,2.571,1.453,19.990,1.632,6.669,4.640,3.050,1.048,18.100,0.875,3.836,6.813,2.300,3.290,15.180,3.185,1.621,2.104,17.980,1.575,16.880,,5.100,1.930,4.655,8.280,1.52,4.330,3.619,19.240,7.757,4.95,1.960,15.143,3.800,
"Dec 12, 2021",1.770,1.824,1.007,1.306,0.992,4.814,2.156,0.881,2.960,9.409,3.307,7.508,1.48,2.570,1.447,20.000,1.644,6.667,4.675,3.050,1.064,18.000,0.876,3.935,6.866,2.303,3.288,15.150,3.170,1.570,2.097,17.770,1.565,16.850,5.16,5.100,1.935,,,1.55,4.360,3.614,19.300,,4.95,1.960,15.095,3.800,3.475
"Dec 11, 2021",,,,,,,,,,,,,,,,,,,,,,,,,,,,,,,,,,,,,,,,,,,,,,,,,
"Dec 10, 2021",,,,,,,,,,,,,,,,,,,,,,,,,,,,,,,,,,,,,,,,,,,,,,,,,
"Dec 09, 2021",1.811,1.850,1.015,1.310,0.996,4.850,2.164,0.885,2.980,9.400,3.283,7.585,1.48,2.570,1.455,20.020,1.646,6.628,4.718,3.050,1.063,17.980,0.886,3.939,6.858,2.330,3.305,15.050,3.161,1.542,2.112,17.900,1.584,16.800,5.16,5.100,1.937,4.777,8.336,1.58,4.406,3.722,19.450,7.839,4.95,,14.952,3.800,
"Dec 08, 2021",1.838,1.861,1.020,1.329,1.003,4.870,2.169,0.892,3.002,9.410,3.300,7.585,1.49,2.552,1.468,19.990,1.633,6.599,4.727,3.054,1.074,17.900,0.886,3.934,6.821,2.328,3.310,15.000,3.148,1.540,2.104,18.000,1.580,16.640,5.17,5.100,1.934,4.759,8.310,1.58,4.420,3.727,19.300,7.780,4.95,1.975,14.952,3.810,
"Dec 07, 2021",1.851,1.867,1.022,1.339,1.005,4.868,2.193,0.894,3.010,9.426,3.349,7.589,1.49,2.587,1.479,19.840,1.630,6.598,4.752,3.075,1.071,18.130,0.888,3.946,6.804,2.335,3.303,15.010,3.170,1.554,2.085,17.760,1.577,16.580,5.19,5.149,1.934,4.678,8.348,1.60,4.420,3.727,19.300,7.850,4.95,,14.943,,3.462
"Dec 06, 2021",1.846,1.864,1.035,1.316,1.006,4.855,2.176,0.893,3.008,9.401,3.274,7.594,1.49,2.594,1.489,20.000,1.630,6.557,4.754,3.051,1.081,17.880,0.895,4.000,6.802,2.330,3.280,14.950,3.165,1.540,2.075,17.780,1.574,16.550,5.20,5.100,1.910,4.785,8.343,1.66,4.430,3.735,19.350,7.947,4.95,,15.171,,3.462
"Dec 05, 2021",1.848,1.870,1.031,1.297,1.013,4.845,2.125,0.895,3.015,9.488,3.260,7.584,1.50,2.618,1.483,20.010,1.629,6.582,4.770,3.060,1.087,17.950,0.891,4.020,6.811,2.340,3.180,14.910,3.160,1.538,2.104,17.880,1.581,16.730,5.20,5.149,1.934,4.686,8.290,1.66,4.415,3.770,19.180,,5.00,,,3.800,3.695
"Dec 04, 2021",,,,,,,,,,,,,,,,,,,,,,,,,,,,,,,,,,,,,,,,,,,,,,,,,
"Dec 03, 2021",,,,,,,,,,,,,,,,,,,,,,,,,,,,,,,,,,,,,,,,,,,,,,,,,
"Dec 02, 2021",1.869,1.873,1.042,1.309,1.015,4.842,2.153,0.900,3.057,9.490,3.260,7.572,1.50,2.535,1.497,20.230,1.621,6.600,4.770,3.075,1.077,17.740,0.895,4.005,6.852,2.365,3.190,14.900,3.170,1.533,2.106,18.080,1.588,16.590,5.23,5.102,1.937,4.719,8.327,1.60,4.509,3.850,19.340,7.750,4.95,1.975,15.095,3.810,
"Dec 01, 2021",1.888,1.885,1.033,1.320,1.020,4.990,2.133,0.901,3.070,9.411,3.310,7.599,1.50,2.462,1.500,19.670,1.630,6.590,4.810,3.062,1.061,17.580,0.897,4.055,6.852,2.352,3.232,14.650,3.155,1.535,2.107,18.110,1.577,16.660,5.23,5.113,1.940,4.605,8.317,1.65,4.486,3.806,19.310,7.755,4.95,1.930,15.095,3.810,3.475
"Nov 30, 2021",1.830,1.810,1.008,1.255,1.011,4.850,2.080,0.882,3.050,9.310,3.300,7.480,1.49,2.500,1.470,19.390,1.604,6.550,4.770,3.090,1.036,17.200,0.877,4.063,6.800,2.340,3.199,14.520,3.091,1.525,2.115,18.200,1.564,16.500,5.23,5.112,1.925,4.648,8.400,1.65,4.425,3.702,19.300,7.920,5.00,,,3.790,
"Nov 29, 2021",1.863,1.896,1.002,1.245,1.007,4.700,2.130,0.891,2.990,9.400,3.241,7.517,1.49,2.460,1.481,19.500,1.621,6.401,4.820,3.057,1.068,17.810,0.890,4.100,6.880,2.341,3.219,14.950,3.120,1.517,2.104,18.200,1.577,16.770,5.13,5.050,1.920,4.650,8.289,1.69,4.516,3.743,19.310,7.698,4.95,,15.210,3.809,3.810
"Nov 28, 2021",1.858,1.883,0.990,1.215,0.991,4.680,2.111,0.877,2.956,9.351,3.242,7.495,1.49,2.410,1.470,20.000,1.613,6.360,4.788,3.050,1.066,17.830,0.883,4.040,6.930,2.310,3.200,14.760,3.111,1.509,2.133,17.910,1.577,16.800,5.04,5.050,1.920,4.605,8.205,1.68,4.465,3.700,19.300,7.650,4.93,,15.067,3.790,
"Nov 27, 2021",,,,,,,,,,,,,,,,,,,,,,,,,,,,,,,,,,,,,,,,,,,,,,,,,
"Nov 26, 2021",,,,,,,,,,,,,,,,,,,,,,,,,,,,,,,,,,,,,,,,,,,,,,,,,
"Nov 25, 2021",1.901,1.943,1.028,1.277,1.027,4.800,2.211,0.915,3.035,9.604,3.282,7.599,1.53,2.453,1.535,20.600,1.634,6.644,4.820,3.153,1.096,18.140,0.913,4.185,7.020,2.403,3.240,15.420,3.193,1.543,2.218,18.260,1.595,16.900,5.14,5.125,1.950,4.700,8.420,1.73,4.571,3.805,19.240,7.780,5.00,2.075,15.229,3.790,
"Nov 24, 2021",1.925,1.955,1.028,1.295,1.030,4.750,2.228,0.917,3.063,9.620,3.300,7.536,1.53,2.452,1.534,20.600,1.640,6.630,4.841,3.110,1.111,18.140,0.921,4.200,7.050,2.410,3.238,15.410,3.165,1.540,2.224,18.390,1.595,16.910,5.11,5.094,1.949,4.711,8.490,1.75,4.568,3.834,19.250,7.720,5.00,2.080,15.229,,
"Nov 23, 2021",1.884,1.954,1.034,1.296,1.035,4.730,2.226,0.919,3.036,9.622,3.299,7.566,1.53,2.452,1.535,20.650,1.642,6.649,4.845,3.106,1.094,18.140,0.922,4.266,7.027,2.410,3.264,15.500,3.160,1.550,2.228,18.290,1.594,16.930,5.19,5.100,1.968,4.809,8.441,1.75,4.602,3.804,19.250,7.745,4.99,1.980,,3.790,
"Nov 22, 2021",1.880,1.953,1.025,1.288,1.033,4.803,2.244,0.915,3.060,9.642,3.300,7.520,1.52,2.461,1.530,20.650,1.659,6.609,4.850,3.169,1.098,18.160,0.915,4.280,6.997,2.439,3.250,15.400,3.185,1.553,2.230,18.440,1.591,16.930,5.15,5.130,1.968,4.716,8.500,,4.580,3.815,19.390,7.750,4.92,1.980,15.238,,3.824
"Nov 21, 2021",1.918,1.965,1.031,1.300,1.038,4.860,2.261,0.927,3.107,9.692,3.283,7.520,1.53,2.463,1.548,20.800,1.668,6.597,4.830,3.152,1.110,18.270,0.919,4.291,7.001,2.449,3.269,15.840,3.195,1.587,2.248,18.400,1.589,16.960,5.22,5.121,1.968,4.859,8.550,,4.631,3.772,19.290,7.750,5.00,2.050,15.133,3.762,3.797
"Nov 20, 2021",,,,,,,,,,,,,,,,,,,,,,,,,,,,,,,,,,,,,,,,,,,,,,,,,
"Nov 19, 2021",,,,,,,,,,,,,,,,,,,,,,,,,,,,,,,,,,,,,,,,,,,,,,,,,
"Nov 18, 2021",1.946,1.988,1.044,1.322,1.045,4.890,2.312,0.939,3.106,9.711,3.307,7.525,1.54,2.457,1.562,21.000,1.679,6.600,4.841,3.149,1.115,18.150,0.933,4.300,7.040,2.471,3.315,15.760,3.203,1.577,2.266,18.540,1.597,16.950,5.18,5.171,1.980,4.782,8.577,1.69,4.660,3.848,19.270,7.789,5.05,1.970,15.190,3.738,
"Nov 17, 2021",1.949,1.994,1.039,1.325,1.042,4.862,2.312,0.940,3.115,9.704,3.276,7.511,1.55,2.462,1.563,21.000,1.674,6.590,4.892,3.150,1.127,18.300,0.939,4.300,7.000,2.491,3.321,15.850,3.195,1.588,2.249,18.500,1.621,17.000,5.22,5.170,1.949,4.827,8.570,1.73,4.521,3.900,19.110,7.760,5.00,2.040,15.105,3.734,3.797
"Nov 16, 2021",1.960,1.984,1.046,1.328,1.051,4.886,2.318,0.946,3.121,9.798,3.305,7.511,1.54,2.480,1.587,20.990,1.672,6.610,4.869,3.146,1.127,18.300,0.945,4.312,7.030,2.429,3.400,15.940,3.210,1.595,2.255,18.490,1.611,17.000,5.24,5.159,1.940,4.778,8.690,1.73,4.543,3.934,19.110,7.789,5.01,2.000,15.105,3.734,3.798
"Nov 15, 2021",1.964,1.984,1.041,1.342,1.041,4.885,2.333,0.950,3.156,9.790,3.300,7.599,1.54,2.480,1.581,21.000,1.679,6.589,4.900,3.168,1.126,18.200,0.944,4.323,7.020,2.397,3.451,15.930,3.220,1.585,2.279,18.380,1.607,17.000,5.22,5.174,1.955,4.830,8.600,1.75,4.584,3.950,19.100,7.761,5.00,,15.105,,
"Nov 14, 2021",1.980,1.962,1.044,1.334,1.042,4.902,2.333,0.943,3.200,9.780,3.289,7.600,1.54,2.471,1.580,21.000,1.675,6.564,4.960,3.127,1.120,18.140,0.942,4.330,7.010,2.420,3.213,15.820,3.220,1.591,2.254,18.600,1.602,17.000,5.23,5.165,,4.829,8.575,1.70,4.570,3.999,19.120,7.794,5.01,2.010,15.095,,3.847
"Nov 13, 2021",,,,,,,,,,,,,,,,,,,,,,,,,,,,,,,,,,,,,,,,,,,,,,,,,
"Nov 12, 2021",,,,,,,,,,,,,,,,,,,,,,,,,,,,,,,,,,,,,,,,,,,,,,,,,
"Nov 11, 2021",2.000,1.964,1.049,1.324,1.055,4.959,2.350,0.950,3.120,9.780,3.299,7.600,1.55,2.496,1.605,21.050,1.673,6.635,4.970,3.174,1.136,18.300,0.947,4.334,7.045,2.416,3.258,15.950,3.239,1.600,2.279,18.690,1.608,17.000,5.31,5.187,1.970,4.884,8.575,1.74,4.634,4.011,19.230,7.799,5.10,2.050,15.105,,
"Nov 10, 2021",2.019,1.972,1.050,1.338,1.051,4.947,2.355,0.953,3.091,9.737,3.280,7.599,1.55,2.490,1.618,21.000,1.669,6.592,5.048,3.167,1.143,18.230,0.946,4.331,7.001,2.438,3.240,15.940,3.240,1.609,2.288,18.520,1.600,17.000,5.29,5.187,1.959,4.825,8.528,,4.639,4.006,19.120,7.810,5.01,2.001,15.105,3.810,3.888
"Nov 09, 2021",2.001,1.975,1.051,1.337,1.051,4.957,2.360,0.961,3.090,9.737,3.290,7.600,1.55,2.490,1.606,21.000,1.641,6.500,4.931,3.142,1.146,18.270,0.952,4.310,7.000,2.416,3.240,15.760,3.240,1.610,2.275,18.690,1.595,17.000,5.22,5.140,1.959,4.850,8.451,,4.653,4.030,19.130,7.888,5.00,,15.105,3.810,
"Nov 08, 2021",1.981,1.975,1.052,1.343,1.058,4.966,2.331,0.969,2.980,9.796,3.290,7.612,1.56,2.490,1.580,21.010,1.641,6.424,4.969,3.141,1.154,18.270,0.960,4.331,6.946,2.412,3.232,15.780,3.240,1.613,2.255,18.500,1.609,17.060,5.22,5.120,1.966,4.867,8.485,1.71,4.688,4.050,19.180,7.850,5.01,2.001,15.095,3.714,3.610
"Nov 07, 2021",1.982,1.926,1.060,1.341,1.064,4.980,2.348,0.958,2.920,9.780,3.299,7.615,1.57,2.485,1.587,20.990,1.640,6.400,4.844,3.175,1.165,18.280,0.956,4.382,6.890,2.440,3.318,15.950,3.203,1.611,2.275,18.350,1.603,16.990,5.31,5.090,1.947,4.802,8.500,1.71,4.650,4.001,19.190,7.805,5.10,2.006,15.238,3.677,
"Nov 06, 2021",,,,,,,,,,,,,,,,,,,,,,,,,,,,,,,,,,,,,,,,,,,,,,,,,
"Nov 05, 2021",,,,,,,,,,,,,,,,,,,,,,,,,,,,,,,,,,,,,,,,,,,,,,,,,
"Nov 04, 2021",2.007,1.910,1.060,1.349,1.061,4.985,2.349,0.957,2.897,9.730,3.295,7.636,1.58,2.471,1.580,20.850,1.634,6.378,4.849,3.149,1.165,18.150,0.954,4.395,6.910,2.427,3.320,15.960,3.187,1.595,2.266,18.350,1.590,16.960,5.32,5.096,1.947,4.838,8.489,1.74,4.715,4.035,19.200,7.895,5.08,2.010,15.057,3.686,3.625
"Nov 03, 2021",2.045,1.925,1.055,1.346,1.057,4.925,2.380,0.950,2.880,9.748,3.300,7.647,1.56,2.490,1.567,20.600,1.620,6.369,4.840,3.185,1.180,18.180,0.955,4.429,6.910,2.430,3.311,15.800,3.167,1.566,2.272,18.320,1.602,16.930,5.39,5.097,1.950,4.876,8.489,1.74,4.700,4.018,19.300,7.900,5.08,2.080,15.143,3.690,3.561
"Nov 02, 2021",1.955,1.928,1.054,1.348,1.048,4.817,2.340,0.946,2.844,9.739,3.255,7.649,1.56,2.480,1.553,20.600,1.615,6.338,4.841,3.141,1.150,18.310,0.945,4.351,6.950,2.382,3.314,15.750,3.165,1.538,2.299,18.150,1.603,16.890,5.41,5.081,1.943,4.900,8.415,1.78,4.649,4.017,19.300,7.920,5.08,,,3.676,3.598
"Nov 01, 2021",1.855,1.881,1.039,1.328,1.040,4.750,2.318,0.942,2.857,9.670,3.217,7.647,1.55,2.451,1.540,20.380,1.617,6.319,4.900,3.185,1.110,18.240,0.934,4.370,6.950,2.361,3.310,15.840,3.120,1.523,2.249,18.090,1.602,16.900,5.45,5.049,1.900,4.745,8.514,1.79,4.650,4.022,19.310,7.870,5.00,2.100,15.143,,
"Oct 31, 2021",1.867,1.855,1.046,1.353,1.036,4.700,2.200,0.950,3.000,9.640,3.265,7.599,1.56,2.450,1.550,20.400,1.653,6.270,4.940,3.196,1.100,18.200,0.941,4.405,6.960,2.450,3.309,16.200,3.090,1.510,2.239,18.390,1.580,16.900,5.43,4.971,1.943,4.718,8.539,1.79,4.755,4.032,19.300,7.899,5.03,2.100,15.057,3.648,
"Oct 30, 2021",,,,,,,,,,,,,,,,,,,,,,,,,,,,,,,,,,,,,,,,,,,,,,,,,
"Oct 29, 2021",,,,,,,,,,,,,,,,,,,,,,,,,,,,,,,,,,,,,,,,,,,,,,,,,
"Oct 28, 2021",1.840,1.896,1.042,1.384,1.037,4.775,2.400,0.954,2.884,9.790,3.250,7.589,1.61,2.450,1.550,20.500,1.620,6.110,4.898,3.190,1.091,18.420,0.956,4.476,6.920,2.490,3.346,15.860,3.150,1.553,2.264,18.390,1.600,16.800,5.49,5.069,1.940,4.831,8.469,,4.850,4.079,19.590,,5.07,2.060,,3.717,
"Oct 27, 2021",1.914,1.960,1.040,1.393,1.040,4.720,2.350,0.966,2.899,9.615,3.290,7.570,1.61,2.508,1.558,19.840,1.622,6.090,4.989,3.209,1.113,18.110,0.975,4.420,7.020,2.525,3.329,15.620,3.155,1.571,2.299,17.960,1.574,16.650,5.49,5.054,1.915,4.915,8.518,,4.880,4.081,19.450,7.900,5.07,2.100,,,
"Oct 26, 2021",1.910,1.976,1.045,1.355,1.043,4.680,2.350,0.953,2.916,9.625,3.270,7.569,1.62,2.494,1.562,19.900,1.622,6.200,5.049,3.185,1.090,18.110,0.968,4.498,7.189,2.508,3.325,15.730,3.150,1.575,2.299,18.170,1.569,16.730,5.49,5.059,1.951,4.830,8.477,1.79,4.950,4.090,19.550,7.996,5.09,2.090,15.190,,
"Oct 25, 2021",1.880,2.000,1.046,1.395,1.042,4.770,2.380,0.965,2.980,9.730,3.350,7.595,1.61,2.509,1.564,20.000,1.647,6.237,5.010,3.219,1.081,18.170,0.968,4.566,7.210,2.509,3.410,16.100,3.175,1.592,2.319,18.240,1.584,16.890,5.50,5.060,1.950,4.950,8.587,1.78,4.960,4.080,19.560,8.000,5.10,2.095,15.238,,3.600
"Oct 24, 2021",1.909,1.970,1.059,1.446,1.054,4.800,2.381,0.970,2.990,9.741,3.360,7.600,1.62,2.517,1.591,20.020,1.661,6.182,5.043,3.147,1.115,18.280,0.978,4.560,7.215,2.550,3.460,15.770,3.190,1.597,2.319,18.280,1.591,16.990,5.51,5.054,1.930,4.905,8.800,1.77,4.983,4.148,19.700,8.000,5.20,2.080,15.229,3.629,3.625
"Oct 23, 2021",,,,,,,,,,,,,,,,,,,,,,,,,,,,,,,,,,,,,,,,,,,,,,,,,
"Oct 22, 2021",,,,,,,,,,,,,,,,,,,,,,,,,,,,,,,,,,,,,,,,,,,,,,,,,
"Oct 21, 2021",1.915,1.981,1.054,1.460,1.052,4.824,2.400,0.960,2.971,9.740,3.311,7.578,1.62,2.483,1.560,20.200,1.661,6.149,5.055,3.151,1.047,18.270,0.971,4.600,7.201,2.546,3.497,16.160,3.187,1.602,2.315,18.200,1.603,16.890,5.48,5.050,1.925,5.040,8.724,1.75,4.966,4.139,19.780,7.955,5.24,2.080,15.238,3.714,3.630
"Oct 20, 2021",1.990,1.991,1.063,1.463,1.061,4.766,2.450,0.963,2.972,9.740,3.200,7.535,1.62,2.470,1.584,20.220,1.666,6.140,5.060,3.159,1.021,18.300,0.967,4.501,7.224,2.600,3.480,16.100,3.175,1.595,2.343,18.280,1.602,16.920,5.51,5.051,1.923,5.096,8.580,1.77,4.979,4.148,19.800,7.847,4.83,2.080,15.238,3.715,3.630
"Oct 19, 2021",1.831,2.024,1.084,1.450,1.059,4.650,2.448,0.984,2.980,9.720,3.150,7.535,1.63,2.489,1.599,20.200,1.660,6.140,5.088,3.160,1.027,18.230,0.975,4.521,7.203,2.588,3.556,15.800,3.169,1.581,2.361,18.280,1.603,16.990,5.44,5.065,1.925,4.998,8.580,1.80,4.963,4.147,19.750,7.874,4.79,2.080,15.238,3.716,3.650
"Oct 18, 2021",1.755,1.991,1.098,1.454,1.075,4.650,2.440,0.991,2.998,9.712,3.144,7.534,1.63,2.485,1.609,20.000,1.668,6.140,5.092,3.165,1.030,18.270,0.980,4.562,7.250,2.572,3.592,15.850,3.173,1.570,2.404,18.170,1.595,16.920,5.45,5.053,1.929,4.941,8.393,1.80,4.960,4.159,19.700,7.805,4.80,2.050,15.238,3.716,3.700
"Oct 17, 2021",1.769,2.040,1.110,1.452,1.080,4.571,2.465,1.000,2.951,9.653,3.150,7.530,1.64,2.476,1.619,20.190,1.675,6.140,5.087,3.154,1.034,18.300,0.981,4.551,7.240,2.638,3.771,15.870,3.169,1.567,2.337,18.000,1.602,16.990,5.44,5.098,1.930,4.652,8.425,1.78,5.000,4.165,19.680,,4.80,2.011,15.200,,3.740
"Oct 16, 2021",,,,,,,,,,,,,,,,,,,,,,,,,,,,,,,,,,,,,,,,,,,,,,,,,
"Oct 15, 2021",,,,,,,,,,,,,,,,,,,,,,,,,,,,,,,,,,,,,,,,,,,,,,,,,
"Oct 14, 2021",1.726,2.050,1.111,1.451,1.087,4.580,2.410,0.978,2.930,9.653,3.143,7.529,1.65,2.503,1.611,19.840,1.663,6.080,5.087,3.152,1.018,18.090,0.966,4.569,7.240,2.619,3.713,15.790,3.172,1.547,2.309,18.000,1.612,16.870,5.44,5.076,1.925,4.600,8.440,1.79,5.067,4.161,19.600,7.805,4.82,2.015,14.952,,3.650
"Oct 13, 2021",1.689,1.982,1.104,1.470,1.085,4.554,2.350,0.959,2.921,9.650,3.125,7.529,1.65,2.512,1.634,19.620,1.667,6.122,5.085,3.180,1.018,18.050,0.970,4.586,7.210,2.635,3.830,15.680,3.161,1.540,2.296,18.040,1.612,16.950,5.46,5.064,1.930,4.597,8.350,1.79,5.146,4.140,19.610,7.800,4.81,,14.952,,3.700
"Oct 12, 2021",1.704,1.964,1.120,1.428,1.098,4.560,2.354,0.954,2.921,9.690,3.120,7.525,1.67,2.518,1.651,19.540,1.668,6.140,5.051,3.183,1.016,18.120,0.963,4.550,7.250,2.592,3.763,15.530,3.168,1.551,2.275,18.060,1.611,16.900,5.51,5.066,1.929,4.598,8.342,1.83,4.999,4.168,19.550,7.815,4.82,2.006,14.952,3.715,
"Oct 11, 2021",1.734,1.975,1.102,1.449,1.090,4.572,2.353,0.953,2.902,9.665,3.101,7.548,1.66,2.529,1.600,19.500,1.668,6.131,5.089,3.168,1.017,18.220,0.958,4.550,7.201,2.599,3.421,15.370,3.150,1.530,2.270,17.890,1.618,17.000,5.45,5.114,1.901,4.370,8.284,1.82,4.982,4.145,19.610,7.815,4.80,2.040,15.133,3.810,
"Oct 10, 2021",1.665,1.943,1.099,1.440,1.094,4.570,2.328,0.954,2.920,9.675,3.121,7.493,1.64,2.506,1.609,19.400,1.671,6.130,5.055,3.134,1.012,18.210,0.961,4.535,7.254,2.551,3.395,15.400,3.154,1.531,2.276,17.890,1.622,16.940,5.51,5.028,1.929,4.249,8.268,1.85,4.960,4.135,19.590,7.810,4.81,2.040,14.981,,3.700
"Oct 09, 2021",,,,,,,,,,,,,,,,,,,,,,,,,,,,,,,,,,,,,,,,,,,,,,,,,
"Oct 08, 2021",,,,,,,,,,,,,,,,,,,,,,,,,,,,,,,,,,,,,,,,,,,,,,,,,
"Oct 07, 2021",1.623,1.902,1.089,1.450,1.092,4.578,2.290,0.957,2.901,9.630,3.145,7.499,1.63,2.501,1.591,19.400,1.680,6.102,5.038,3.190,1.017,18.260,0.962,4.560,7.260,2.540,3.349,15.400,3.145,1.528,2.275,17.890,1.628,16.810,5.51,5.015,1.925,4.229,8.260,1.80,4.964,4.150,19.580,7.825,4.82,,15.048,3.762,3.730
"Oct 06, 2021",1.610,1.907,1.082,1.460,1.110,4.591,2.300,0.961,2.920,9.708,3.160,7.515,1.63,2.450,1.605,19.500,1.668,6.121,5.055,3.146,1.017,18.280,0.962,4.599,7.240,2.542,3.267,15.750,3.149,1.537,2.276,17.940,1.621,16.930,5.46,5.010,1.930,4.199,8.288,1.80,4.980,4.148,19.650,7.800,4.81,2.040,15.143,,
"Oct 05, 2021",1.610,1.907,1.084,1.430,1.109,4.519,2.297,0.957,2.878,9.701,3.122,7.500,1.63,2.440,1.610,19.200,1.664,6.130,5.055,3.199,1.013,18.150,0.955,4.622,7.225,2.550,3.256,15.610,3.148,1.534,2.279,17.900,1.616,16.820,5.46,4.971,1.902,4.264,8.297,1.76,4.975,4.170,19.650,7.850,4.81,,15.190,,
"Oct 04, 2021",1.584,1.855,1.100,1.429,1.131,4.498,2.262,0.952,2.862,9.705,3.129,7.499,1.62,2.420,1.603,19.150,1.670,6.140,5.055,3.140,1.020,18.220,0.955,4.489,7.296,2.537,3.210,15.600,3.142,1.532,2.281,17.950,1.611,16.970,5.46,4.930,1.935,4.335,8.250,1.78,5.008,4.154,19.690,7.910,4.81,,15.238,,3.730
"Oct 03, 2021",1.593,1.844,1.048,1.440,1.062,4.466,2.251,0.951,2.860,9.701,3.110,7.458,1.62,2.415,1.570,19.000,1.680,6.140,5.074,3.100,1.012,18.120,0.940,4.475,7.345,2.519,3.159,15.460,3.136,1.537,2.282,17.970,1.616,17.000,5.44,4.912,1.902,4.000,8.199,,5.010,4.115,19.640,7.939,4.85,2.089,15.048,,
"Oct 02, 2021",,,,,,,,,,,,,,,,,,,,,,,,,,,,,,,,,,,,,,,,,,,,,,,,,
"Oct 01, 2021",,,,,,,,,,,,,,,,,,,,,,,,,,,,,,,,,,,,,,,,,,,,,,,,,
"Sep 30, 2021",1.601,1.840,1.039,1.425,1.044,4.479,2.257,0.950,2.865,9.722,3.094,7.361,1.62,2.405,1.569,19.150,1.637,6.149,5.060,3.200,1.012,18.250,0.940,4.514,7.339,2.545,3.148,15.450,3.148,1.542,2.282,17.940,1.595,16.930,5.50,4.936,1.938,4.000,8.120,1.77,4.996,4.118,19.630,7.920,4.84,2.000,15.048,3.819,3.700
"Sep 29, 2021",1.594,1.869,1.040,1.422,1.045,4.460,2.273,0.950,2.849,9.612,3.092,7.471,1.62,2.405,1.563,19.010,1.630,6.099,5.059,3.000,1.012,18.180,0.936,4.439,7.270,2.547,3.094,15.240,3.129,1.533,2.276,18.000,1.594,16.960,,4.909,1.900,4.015,8.271,1.77,5.018,4.114,19.540,7.860,4.84,2.070,15.048,,3.645
"Sep 28, 2021",1.610,1.884,1.046,1.429,1.046,4.445,2.261,0.952,2.814,9.670,3.073,7.360,1.62,2.420,1.569,19.000,1.625,6.065,5.060,3.042,1.011,18.150,0.941,4.466,7.198,2.537,3.111,15.020,3.107,1.532,2.291,18.000,1.612,17.000,5.44,4.908,1.930,4.049,8.339,1.77,5.031,4.154,19.880,,4.84,2.090,14.819,,3.660
"Sep 27, 2021",1.574,1.872,1.040,1.420,1.043,4.442,2.270,0.946,2.790,9.679,3.085,7.370,1.62,2.420,1.565,19.000,1.625,6.042,5.080,3.049,1.015,18.120,0.936,4.529,7.209,2.540,3.050,14.500,3.106,1.523,2.284,17.880,1.614,16.880,5.37,4.942,1.930,3.980,8.256,1.78,5.129,4.137,19.860,,4.80,,15.048,3.724,3.660
"Sep 26, 2021",1.570,1.876,1.041,1.386,1.041,4.455,2.272,0.943,2.785,9.689,3.065,7.376,1.62,2.426,1.566,19.030,1.618,6.025,5.109,3.023,1.024,18.140,0.935,4.487,7.190,2.533,3.100,14.480,3.115,1.520,2.282,17.970,1.610,16.780,5.44,4.929,1.950,3.950,8.290,1.78,5.029,4.159,20.070,7.820,4.90,2.070,15.114,,3.730
"Sep 25, 2021",,,,,,,,,,,,,,,,,,,,,,,,,,,,,,,,,,,,,,,,,,,,,,,,,
"Sep 24, 2021",,,,,,,,,,,,,,,,,,,,,,,,,,,,,,,,,,,,,,,,,,,,,,,,,
"Sep 23, 2021",1.538,1.819,1.037,1.377,1.044,4.446,2.220,0.934,2.777,9.714,3.070,7.377,1.62,2.425,1.560,19.100,1.600,6.000,5.080,3.028,1.021,17.980,0.935,4.439,7.109,2.523,3.100,14.180,3.100,1.515,2.267,17.950,1.616,16.680,5.37,4.929,1.932,3.906,8.275,1.79,4.960,4.159,19.900,7.860,4.84,2.070,,3.800,
"Sep 22, 2021",1.538,1.767,1.043,1.375,1.049,4.449,2.238,0.939,2.768,9.730,3.046,7.369,1.62,2.441,1.560,19.000,1.600,5.919,5.100,3.049,1.005,17.980,0.940,4.400,7.060,2.511,3.010,13.900,3.110,1.517,2.249,17.870,1.638,16.570,5.49,4.918,1.939,,8.238,1.76,4.970,4.165,19.980,7.802,4.90,,14.857,,
"Sep 21, 2021",1.543,1.744,1.040,1.380,1.046,4.450,2.275,0.949,2.767,9.663,3.043,7.371,1.62,2.441,1.560,18.950,1.599,5.974,5.050,2.979,1.000,17.960,0.941,4.426,7.038,2.526,3.000,13.620,3.101,1.516,2.279,17.880,1.623,16.570,5.37,4.919,,,8.208,1.78,4.959,4.179,19.900,7.801,4.84,2.072,14.876,,
"Sep 20, 2021",1.544,1.752,1.047,1.385,1.044,4.450,2.329,0.955,2.774,9.672,3.056,7.388,1.64,2.450,1.570,19.030,1.592,5.995,5.060,3.000,1.004,18.010,0.944,4.433,7.040,2.524,3.001,13.560,3.118,1.528,2.270,17.980,1.656,16.680,5.37,4.935,1.940,3.989,8.242,1.78,4.980,4.156,20.000,,4.84,2.080,14.857,,3.976
"Sep 19, 2021",1.565,1.770,1.045,1.410,1.051,4.466,2.394,0.954,2.797,9.702,3.062,7.439,1.64,2.469,1.579,19.150,1.600,6.000,5.059,2.980,1.000,18.210,0.949,4.412,7.047,2.522,3.000,13.630,3.118,1.521,2.278,17.990,1.621,16.120,5.37,4.950,1.915,3.950,8.269,1.78,5.009,4.220,19.980,7.900,4.86,2.075,15.038,3.705,
"Sep 18, 2021",,,,,,,,,,,,,,,,,,,,,,,,,,,,,,,,,,,,,,,,,,,,,,,,,
"Sep 17, 2021",,,,,,,,,,,,,,,,,,,,,,,,,,,,,,,,,,,,,,,,,,,,,,,,,
"Sep 16, 2021",1.578,1.762,1.054,1.400,1.048,4.442,2.199,0.956,2.767,9.740,3.075,7.335,1.66,2.450,1.571,19.300,1.580,6.030,5.050,2.940,0.995,18.190,0.950,4.419,6.970,2.543,3.027,13.470,3.119,1.516,2.294,17.970,1.609,16.500,5.54,4.940,1.915,3.950,8.185,1.74,4.990,4.236,19.890,,4.85,,15.019,3.695,
"Sep 15, 2021",1.582,1.780,1.048,1.364,1.050,4.470,2.144,0.955,2.787,9.702,3.061,7.310,1.66,2.456,1.571,19.000,1.610,5.986,5.060,2.943,1.002,18.190,0.957,4.449,6.970,2.543,3.011,13.200,3.091,1.543,2.291,17.930,1.602,16.550,5.50,4.940,1.924,3.997,8.290,1.78,5.023,4.269,19.920,,4.95,2.071,15.019,3.571,
"Sep 14, 2021",1.581,1.780,1.057,1.399,1.061,4.475,2.092,0.960,2.790,9.679,3.072,7.405,1.63,2.465,1.589,19.050,1.609,6.007,5.075,2.949,0.991,18.190,0.951,4.478,6.972,2.553,3.013,13.280,3.090,1.550,2.291,17.970,1.574,16.660,5.22,4.943,1.900,4.010,8.222,1.77,4.999,4.245,19.900,7.928,4.93,2.071,15.048,,3.977
"Sep 13, 2021",1.568,1.714,1.046,1.399,1.040,4.482,2.010,0.968,2.784,9.620,3.048,7.489,1.62,2.485,1.590,19.050,1.608,5.990,5.067,2.950,0.987,18.140,0.954,4.420,6.974,2.507,3.013,13.150,3.090,1.536,2.299,17.950,1.573,16.700,5.29,4.923,1.915,3.862,8.400,1.77,4.979,4.202,19.900,,4.92,2.079,15.048,,
"Sep 12, 2021",1.560,1.714,1.045,1.359,1.038,4.476,1.973,0.954,2.820,9.690,3.050,7.485,1.62,2.500,1.563,19.000,1.610,5.990,5.060,2.930,0.984,18.270,0.945,4.498,6.950,2.502,2.960,13.090,3.094,1.526,2.325,17.990,1.604,16.700,5.26,4.997,1.900,3.995,8.295,1.75,4.979,4.269,19.900,,4.90,2.066,15.048,,
"Sep 11, 2021",,,,,,,,,,,,,,,,,,,,,,,,,,,,,,,,,,,,,,,,,,,,,,,,,
"Sep 10, 2021",,,,,,,,,,,,,,,,,,,,,,,,,,,,,,,,,,,,,,,,,,,,,,,,,
"Sep 09, 2021",1.527,1.702,1.050,1.336,1.040,4.485,1.985,0.958,2.827,9.699,3.050,7.498,1.62,2.470,1.560,19.070,1.620,6.055,5.094,2.959,0.987,18.300,0.952,4.470,6.984,2.510,2.963,13.100,3.095,1.526,2.278,18.000,1.634,16.700,5.26,4.998,1.917,3.978,8.339,1.75,4.988,4.225,19.900,7.900,4.87,,14.981,,
"Sep 08, 2021",1.495,1.628,1.037,1.312,1.032,4.505,1.970,0.943,2.797,9.715,3.055,7.497,1.60,2.469,1.564,19.060,1.608,6.029,5.080,2.960,0.980,18.300,0.944,4.527,6.979,2.513,2.989,12.990,3.090,1.528,2.282,17.990,1.656,16.700,5.35,4.991,1.880,3.903,8.427,1.74,4.954,4.219,19.900,7.900,4.89,,15.019,,
"Sep 07, 2021",1.503,1.625,1.047,1.259,1.041,4.518,1.974,0.940,2.806,9.691,3.056,7.490,1.61,2.469,1.569,19.000,1.603,6.030,5.087,2.948,0.980,18.300,0.949,4.499,6.970,2.527,3.059,12.890,3.096,1.519,2.294,17.980,1.638,16.810,5.36,4.952,1.890,,8.477,1.73,4.979,4.227,19.800,,4.83,,14.971,,
"Sep 06, 2021",1.495,1.621,1.052,1.250,1.039,4.519,1.994,0.940,2.806,9.690,3.074,7.480,1.62,2.467,1.564,18.990,1.599,5.966,5.099,2.948,0.981,18.300,0.950,4.516,6.945,2.519,3.061,13.000,3.113,1.518,2.299,17.830,1.595,16.790,5.37,4.960,1.880,3.997,8.438,1.70,4.961,4.250,19.960,7.762,4.83,,15.190,3.648,
"Sep 05, 2021",1.503,1.619,1.049,1.238,1.047,4.518,1.999,0.940,2.835,9.675,3.080,7.499,1.62,2.465,1.571,18.970,1.595,6.000,5.114,,0.980,18.280,0.959,4.564,6.912,2.536,2.981,12.940,3.090,1.530,2.306,17.990,1.588,16.700,5.21,4.967,1.880,4.004,8.414,1.69,4.970,4.230,19.900,,4.83,2.180,15.238,,
"Sep 04, 2021",,,,,,,,,,,,,,,,,,,,,,,,,,,,,,,,,,,,,,,,,,,,,,,,,
"Sep 03, 2021",,,,,,,,,,,,,,,,,,,,,,,,,,,,,,,,,,,,,,,,,,,,,,,,,
"Sep 02, 2021",1.505,1.620,1.044,1.228,1.042,4.521,1.995,0.942,2.835,9.668,3.090,7.500,1.62,2.470,1.579,18.940,1.599,5.995,5.068,2.948,0.980,18.300,0.950,4.594,6.950,2.560,2.962,13.000,3.106,1.518,2.312,17.980,1.577,16.720,5.33,5.000,1.880,4.016,8.449,1.69,5.011,4.160,19.930,7.900,4.83,,,,
"Sep 01, 2021",1.497,1.625,1.053,1.230,1.050,4.520,1.999,0.948,2.835,9.626,3.080,7.498,1.63,2.469,1.586,19.160,1.589,6.035,5.100,2.900,0.987,18.300,0.946,4.409,6.915,2.599,3.007,13.000,3.100,1.519,2.313,18.050,1.592,16.740,5.17,4.967,1.881,3.901,8.451,1.69,4.989,4.046,19.930,,4.82,2.100,15.048,3.638,
"Aug 31, 2021",1.488,1.630,1.064,1.240,1.061,4.550,2.000,0.950,2.880,9.600,3.095,7.490,1.65,2.490,1.582,19.170,1.587,6.038,5.100,2.881,0.991,18.300,0.950,4.390,6.913,2.621,3.045,12.850,3.070,1.515,2.319,18.300,1.585,16.600,5.35,5.000,1.910,4.000,8.450,1.69,5.000,4.044,19.810,7.930,4.90,2.090,15.019,,
"Aug 30, 2021",1.496,1.583,1.070,1.258,1.059,4.560,1.991,0.958,2.812,9.671,3.100,7.440,1.62,2.465,1.570,19.110,1.590,6.040,5.109,2.878,0.986,18.310,0.944,4.439,7.000,2.612,2.960,13.080,3.091,1.525,2.327,17.990,1.587,16.680,5.16,4.994,1.900,3.949,8.500,1.67,5.010,4.051,19.980,7.948,4.82,2.099,15.324,,
"Aug 29, 2021",1.492,1.580,1.031,1.233,1.046,4.534,1.990,0.947,2.780,9.651,3.100,7.441,1.61,2.465,1.568,19.050,1.597,6.040,5.100,2.893,0.981,18.340,0.943,4.439,6.943,2.595,2.850,13.000,3.083,1.520,2.327,17.990,1.592,16.710,5.26,5.000,1.900,3.937,8.460,1.68,5.015,4.040,19.980,7.751,4.95,2.100,15.048,,3.977
"Aug 28, 2021",,,,,,,,,,,,,,,,,,,,,,,,,,,,,,,,,,,,,,,,,,,,,,,,,
"Aug 27, 2021",,,,,,,,,,,,,,,,,,,,,,,,,,,,,,,,,,,,,,,,,,,,,,,,,
"Aug 26, 2021",1.490,1.571,1.028,1.163,1.037,4.563,1.986,0.928,2.768,9.700,3.100,7.518,1.60,2.479,1.550,19.130,1.582,6.095,5.130,2.870,0.987,18.440,0.936,4.419,7.016,2.612,2.858,12.880,3.090,1.515,2.272,17.930,1.581,16.700,5.26,5.027,1.900,3.880,8.590,1.67,4.998,4.030,19.980,7.800,4.86,2.100,,3.762,
"Aug 25, 2021",1.489,1.580,1.045,1.173,1.058,4.549,1.978,0.939,2.780,9.695,3.085,7.520,1.62,2.465,1.556,19.180,1.589,6.040,5.129,2.920,0.995,18.440,0.948,4.422,7.000,2.592,2.892,13.180,3.090,1.525,2.272,18.000,1.585,16.800,5.22,5.028,1.900,3.917,8.563,1.65,4.983,4.063,20.000,,4.86,,15.438,3.714,
"Aug 24, 2021",1.514,1.595,1.053,1.199,1.072,4.545,1.990,0.958,2.782,9.670,3.109,7.552,1.61,2.488,1.585,19.100,1.606,6.110,5.100,2.900,1.007,18.550,0.952,4.490,7.000,2.566,2.760,13.150,3.120,1.551,2.300,18.050,1.576,16.900,5.29,4.990,1.900,3.867,8.599,1.55,4.994,4.098,20.000,,4.91,,14.952,,3.976
"Aug 23, 2021",1.517,1.580,1.048,1.207,1.070,4.520,1.987,0.967,2.790,9.606,3.120,7.499,1.61,2.469,1.572,19.130,1.606,6.040,5.086,2.900,1.007,18.430,0.953,4.527,6.956,2.565,2.731,13.200,3.082,1.512,2.312,18.150,1.559,17.030,5.29,4.997,1.931,3.959,8.679,1.55,5.003,4.090,19.850,7.950,5.00,,15.324,4.114,3.977
"Aug 22, 2021",1.510,1.582,1.040,1.222,1.071,4.474,1.939,0.950,2.801,9.531,3.053,7.440,1.61,2.470,1.570,19.150,1.600,6.056,5.078,2.919,0.993,18.230,0.950,4.479,7.000,2.568,2.760,13.190,3.072,1.512,2.304,18.030,1.564,16.940,5.26,4.979,1.935,3.850,8.585,1.60,5.043,4.073,19.850,7.874,5.00,,,,3.977
"Aug 21, 2021",,,,,,,,,,,,,,,,,,,,,,,,,,,,,,,,,,,,,,,,,,,,,,,,,
"Aug 20, 2021",,,,,,,,,,,,,,,,,,,,,,,,,,,,,,,,,,,,,,,,,,,,,,,,,
"Aug 19, 2021",1.531,1.590,1.041,1.220,1.070,4.485,1.936,0.958,2.848,9.520,3.035,7.468,1.60,2.464,1.567,19.180,1.600,5.900,5.055,2.870,0.994,18.030,0.953,4.490,7.000,2.566,2.776,13.090,3.080,1.520,2.291,18.090,1.576,16.920,5.38,4.975,1.906,3.878,8.630,,4.985,4.062,19.880,7.870,4.91,,15.143,3.810,3.800
"Aug 18, 2021",1.555,1.606,1.045,1.220,1.070,4.400,1.987,0.958,2.860,9.490,3.050,7.480,1.61,2.489,1.570,19.400,1.591,5.697,5.043,2.853,1.011,17.410,0.969,4.531,7.050,2.580,2.807,13.300,3.080,1.521,2.303,18.000,1.583,17.000,5.44,4.999,1.965,3.920,8.656,,5.039,4.096,19.900,8.080,5.00,,15.143,3.714,3.999
"Aug 17, 2021",1.557,1.610,1.060,1.233,1.074,4.400,1.985,0.951,2.853,9.507,3.065,7.490,1.63,2.470,1.582,19.200,1.597,5.694,5.023,2.899,1.007,17.410,0.965,4.479,7.039,2.585,2.779,13.300,3.085,1.506,2.315,18.080,1.594,17.040,5.44,4.990,1.965,3.950,8.620,1.60,5.060,4.073,19.960,7.890,5.10,2.100,15.352,,
"Aug 16, 2021",1.583,1.614,1.070,1.261,1.084,4.390,1.980,0.973,2.870,9.450,3.030,7.528,1.61,2.470,1.590,19.000,1.602,5.700,5.024,2.900,0.990,17.370,0.975,4.485,6.999,2.558,2.768,13.300,3.105,1.505,2.361,18.000,1.609,17.060,5.43,4.995,1.962,3.951,8.697,,5.077,4.098,19.960,7.910,5.10,2.100,15.429,3.495,
"Aug 15, 2021",1.615,1.615,1.060,1.290,1.090,4.405,1.970,0.975,2.900,9.401,3.010,7.599,1.59,2.470,1.578,19.000,1.601,5.697,5.026,2.891,0.980,17.270,0.960,4.495,7.013,2.618,2.799,13.310,3.098,1.502,2.358,17.900,1.603,16.900,5.43,4.970,1.967,4.010,8.640,1.59,5.097,4.090,19.980,7.910,5.10,2.031,15.429,,
"Aug 14, 2021",,,,,,,,,,,,,,,,,,,,,,,,,,,,,,,,,,,,,,,,,,,,,,,,,
"Aug 13, 2021",,,,,,,,,,,,,,,,,,,,,,,,,,,,,,,,,,,,,,,,,,,,,,,,,
"Aug 12, 2021",1.577,1.592,1.072,1.228,1.105,4.394,1.969,0.968,2.878,9.350,3.027,7.484,1.58,2.460,1.600,19.040,1.610,5.620,5.073,2.874,0.988,17.280,0.955,4.470,6.982,2.627,2.824,13.330,3.090,1.500,2.349,18.050,1.592,16.910,5.43,4.980,1.907,4.083,8.658,1.55,5.045,4.101,19.900,8.060,5.13,,15.333,,
"Aug 11, 2021",1.550,1.630,1.101,1.270,1.118,4.370,1.984,0.985,2.835,9.410,3.025,7.464,1.65,2.467,1.619,18.800,1.619,5.695,5.091,2.874,1.001,17.030,0.983,4.594,7.012,2.660,2.900,13.320,3.084,1.520,2.388,18.200,1.638,17.160,5.31,5.000,1.930,3.889,8.684,1.55,5.137,4.179,20.130,8.080,5.05,2.100,15.238,,3.805
"Aug 10, 2021",1.558,1.620,1.115,1.364,1.113,4.430,1.997,0.988,2.796,9.400,3.030,7.405,1.64,2.439,1.610,18.500,1.613,5.601,5.100,2.899,1.007,17.290,0.998,4.620,7.030,2.620,2.999,13.400,3.095,1.532,2.416,18.130,1.632,17.000,5.48,4.972,1.930,3.855,8.699,1.55,5.089,4.165,20.160,8.089,5.01,,14.781,,3.800
"Aug 09, 2021",1.512,1.655,1.158,1.476,1.155,4.444,2.010,1.019,2.762,9.420,3.040,7.400,1.67,2.440,1.651,18.490,1.616,5.709,5.106,2.900,1.021,17.220,1.015,4.607,7.100,2.699,3.019,13.400,3.118,1.538,2.481,17.940,1.656,17.000,5.37,5.000,1.925,3.968,8.750,1.61,5.207,4.191,20.200,8.095,4.99,2.080,14.838,3.752,4.044
"Aug 08, 2021",1.508,1.683,1.118,1.342,1.144,4.445,2.029,1.013,2.794,9.532,3.042,7.485,1.63,2.468,1.658,18.490,1.623,5.690,5.112,2.870,1.004,17.270,0.997,4.600,7.058,2.570,3.019,13.400,3.096,1.544,2.561,17.890,1.647,17.000,5.30,4.971,1.940,3.850,8.672,1.60,5.383,4.165,20.290,8.102,4.92,2.100,14.810,,
"Aug 07, 2021",,,,,,,,,,,,,,,,,,,,,,,,,,,,,,,,,,,,,,,,,,,,,,,,,
"Aug 06, 2021",,,,,,,,,,,,,,,,,,,,,,,,,,,,,,,,,,,,,,,,,,,,,,,,,
"Aug 05, 2021",1.455,1.661,1.104,1.262,1.112,4.450,1.990,0.991,2.811,9.500,3.038,7.497,1.61,2.455,1.640,18.320,1.614,5.631,5.134,2.862,0.999,17.300,0.991,4.638,7.040,2.534,3.019,13.370,3.096,1.499,2.328,17.860,1.612,17.100,5.40,5.005,1.950,3.800,8.655,1.64,5.258,4.149,20.170,8.101,4.92,2.070,14.857,3.667,3.800
"Aug 04, 2021",1.460,1.660,1.120,1.256,1.125,4.430,1.984,1.000,2.815,9.449,3.040,7.498,1.58,2.440,1.665,18.210,1.611,5.567,5.140,2.898,0.999,17.200,0.993,4.638,7.095,2.440,2.973,13.330,3.071,1.508,2.327,17.800,1.608,16.830,5.57,5.035,1.960,3.734,8.688,1.56,5.216,4.152,20.160,8.111,5.00,,14.952,3.810,
"Aug 03, 2021",1.452,1.650,1.098,1.142,1.100,4.450,1.960,0.939,2.812,9.400,3.040,7.498,1.58,2.435,1.580,18.100,1.600,5.520,5.130,2.900,0.975,17.300,0.950,4.690,7.100,2.440,2.930,13.330,3.070,1.503,2.306,17.880,1.589,16.900,5.62,5.008,1.950,3.703,8.671,1.52,5.064,4.091,20.140,8.056,4.90,2.080,14.762,3.714,3.805
"Aug 02, 2021",1.456,1.596,1.071,1.077,1.082,4.445,1.961,0.912,2.850,9.311,3.048,7.497,1.58,2.483,1.552,18.100,1.598,5.520,5.188,2.868,0.968,17.220,0.923,4.688,7.133,2.414,2.827,13.300,3.069,1.500,2.282,17.720,1.585,16.720,,5.027,1.939,3.712,8.683,1.55,5.020,4.051,20.110,8.365,5.00,2.080,,3.810,3.800
"Aug 01, 2021",1.432,1.522,1.060,1.053,1.064,4.372,1.902,0.888,2.851,9.216,3.015,7.473,1.54,2.460,1.546,18.000,1.590,5.515,5.149,2.825,0.953,17.240,0.910,4.625,7.072,2.361,2.753,13.210,3.030,1.499,2.239,17.700,1.568,16.750,,4.978,1.925,3.680,8.604,1.54,4.984,4.077,19.960,8.400,,2.100,14.714,3.810,3.989
"Jul 31, 2021",,,,,,,,,,,,,,,,,,,,,,,,,,,,,,,,,,,,,,,,,,,,,,,,,
"Jul 30, 2021",,,,,,,,,,,,,,,,,,,,,,,,,,,,,,,,,,,,,,,,,,,,,,,,,
"Jul 29, 2021",1.420,1.467,1.037,1.050,1.055,4.320,1.912,0.876,2.950,9.212,3.040,7.494,1.46,2.500,1.531,18.200,1.576,5.500,5.163,2.840,0.946,17.220,0.899,4.675,7.090,2.329,2.715,13.350,3.060,1.457,2.224,17.990,1.548,16.500,,5.036,1.906,3.688,8.610,1.56,5.010,4.051,20.080,8.250,5.05,,14.724,,
"Jul 28, 2021",1.430,1.476,1.057,1.057,1.070,4.395,1.892,0.890,2.808,9.231,3.040,7.499,1.46,2.379,1.550,18.090,1.575,5.449,5.148,2.803,0.944,17.180,0.896,4.666,7.140,2.319,2.740,13.180,3.012,1.446,2.258,17.780,1.534,16.700,,5.049,1.906,3.695,8.738,1.57,5.000,4.119,19.960,8.230,5.03,2.073,14.667,,3.700
"Jul 27, 2021",1.433,1.485,1.065,1.070,1.075,4.410,1.881,0.904,2.734,9.251,3.040,7.483,1.48,2.390,1.582,18.060,1.580,5.270,5.189,2.839,0.945,17.050,0.912,4.667,7.144,2.364,2.760,13.080,3.030,1.460,2.249,17.780,1.567,16.620,,4.911,1.911,3.638,8.740,1.62,4.969,4.098,19.850,8.300,5.03,,14.781,,
"Jul 26, 2021",1.451,1.503,1.079,1.066,1.100,4.425,1.898,0.914,2.715,9.300,3.028,7.400,1.49,2.400,1.597,18.000,1.587,5.310,5.190,2.840,0.953,16.900,0.925,4.634,7.250,2.398,2.800,13.100,3.073,1.463,2.282,17.670,1.589,16.800,,5.000,1.925,3.780,8.691,1.64,5.005,4.149,20.000,8.300,5.01,2.100,14.762,3.676,
"Jul 25, 2021",1.467,1.514,1.084,1.076,1.117,4.444,1.880,0.920,2.793,9.350,3.035,7.386,1.50,2.480,1.615,18.000,1.590,5.447,5.200,2.840,0.955,17.200,0.933,4.610,7.286,2.420,2.830,13.250,3.096,1.483,2.301,17.650,1.581,17.220,,4.948,1.925,3.765,8.779,1.69,5.023,4.138,20.000,8.300,5.00,2.078,14.924,3.700,3.994
"Jul 24, 2021",,,,,,,,,,,,,,,,,,,,,,,,,,,,,,,,,,,,,,,,,,,,,,,,,
"Jul 23, 2021",,,,,,,,,,,,,,,,,,,,,,,,,,,,,,,,,,,,,,,,,,,,,,,,,
"Jul 22, 2021",,,,,,,,,,,,,,,,,,,,,,,,,,,,,,,,,,,,,,,,,,,,,,,,,
"Jul 21, 2021",,,,,,,,,,,,,,,,,,,,,,,,,,,,,,,,,,,,,,,,,,,,,,,,,
"Jul 20, 2021",,,,,,,,,,,,,,,,,,,,,,,,,,,,,,,,,,,,,,,,,,,,,,,,,
"Jul 19, 2021",,,,,,,,,,,,,,,,,,,,,,,,,,,,,,,,,,,,,,,,,,,,,,,,,
"Jul 18, 2021",,,,,,,,,,,,,,,,,,,,,,,,,,,,,,,,,,,,,,,,,,,,,,,,,
"Jul 17, 2021",,,,,,,,,,,,,,,,,,,,,,,,,,,,,,,,,,,,,,,,,,,,,,,,,
"Jul 16, 2021",,,,,,,,,,,,,,,,,,,,,,,,,,,,,,,,,,,,,,,,,,,,,,,,,
"Jul 15, 2021",1.474,1.516,1.095,1.077,1.143,4.400,1.875,0.912,2.770,9.303,3.012,7.499,1.50,2.451,1.620,17.800,1.586,5.362,5.150,2.800,0.957,17.020,0.934,4.630,7.267,2.395,2.750,13.200,3.072,1.480,2.309,17.680,1.607,16.710,,4.990,1.960,3.710,8.773,1.70,5.072,4.120,19.880,8.296,4.91,,14.790,,3.849
"Jul 14, 2021",1.486,1.526,1.074,1.091,1.140,4.430,1.895,0.920,2.750,9.300,3.049,7.499,1.49,2.475,1.631,18.080,1.593,5.362,5.148,2.800,0.958,17.100,0.940,4.674,7.328,2.420,2.677,13.360,3.092,1.490,2.324,17.780,1.602,16.700,,4.997,1.918,3.880,8.790,1.70,4.999,4.305,19.820,8.100,4.80,2.070,14.781,3.800,3.887
"Jul 13, 2021",1.492,1.520,1.080,1.087,1.143,4.433,1.886,0.920,2.756,9.333,3.088,7.497,1.49,2.450,1.631,17.850,1.600,5.399,5.184,2.840,0.960,17.080,0.936,4.629,7.338,2.390,2.700,13.450,3.100,1.471,2.327,17.700,1.608,16.700,,5.019,1.930,3.857,8.819,1.67,4.991,4.350,19.500,8.200,4.78,2.030,14.943,3.490,3.607
"Jul 12, 2021",1.500,1.517,1.087,1.097,1.158,4.441,1.881,0.928,2.750,9.300,3.175,7.500,1.49,2.480,1.643,17.820,1.604,5.425,5.169,2.849,0.959,17.110,0.948,4.638,7.400,2.400,2.739,13.310,3.086,1.492,2.330,17.700,1.603,16.700,,5.000,1.940,3.800,8.801,1.70,5.045,4.369,19.400,8.200,4.85,,14.762,,
"Jul 11, 2021",1.517,1.520,1.093,1.112,1.174,4.450,1.885,0.944,2.751,9.301,3.193,7.500,1.50,2.460,1.661,17.800,1.609,5.440,5.170,,0.967,17.060,0.956,4.645,7.260,2.405,2.768,13.430,3.134,1.495,2.367,17.750,1.626,16.750,,5.030,1.941,3.888,,1.67,5.050,4.470,19.350,8.200,4.90,2.055,14.933,,3.701
"Jul 10, 2021",,,,,,,,,,,,,,,,,,,,,,,,,,,,,,,,,,,,,,,,,,,,,,,,,
"Jul 09, 2021",,,,,,,,,,,,,,,,,,,,,,,,,,,,,,,,,,,,,,,,,,,,,,,,,
"Jul 08, 2021",1.486,1.524,1.109,1.110,1.175,4.462,1.890,0.953,2.776,9.340,3.191,7.510,1.51,2.472,1.690,17.900,1.605,5.419,5.200,2.890,0.977,17.250,0.966,4.633,7.270,2.438,2.830,13.600,3.102,1.490,2.396,17.740,1.635,16.700,,5.046,1.940,3.896,8.900,1.69,5.087,4.462,19.380,8.130,4.90,2.075,14.933,,3.701
"Jul 07, 2021",1.504,1.525,1.100,1.105,1.175,4.460,1.890,0.960,2.777,9.352,3.200,7.500,1.51,2.478,1.642,17.980,1.611,5.420,5.200,2.800,0.974,17.310,0.979,4.695,7.370,2.450,2.888,13.620,3.115,1.499,2.385,17.780,1.626,16.750,,5.037,1.955,3.909,8.824,,5.128,4.527,19.270,8.002,4.90,2.070,14.933,,3.999
"Jul 06, 2021",1.509,1.515,1.105,1.101,1.180,4.458,1.898,0.966,2.769,9.380,3.060,7.351,1.51,2.447,1.630,17.830,1.613,5.318,5.185,2.817,0.980,17.320,0.979,4.722,7.420,2.452,2.913,13.410,3.100,1.505,2.369,17.720,1.650,16.670,,5.039,1.950,3.827,8.873,1.65,5.137,4.460,19.200,8.010,4.90,2.097,,,3.666
"Jul 05, 2021",1.496,1.528,1.117,1.094,1.180,4.458,1.899,0.975,2.750,9.400,3.050,7.500,1.52,2.474,1.648,17.890,1.602,5.289,5.175,2.823,0.980,17.330,0.975,4.681,7.454,2.488,2.869,13.430,3.099,1.500,2.358,17.760,1.652,16.600,,5.012,1.960,3.826,8.800,1.70,5.190,4.490,19.200,8.000,4.90,2.060,14.952,,3.647
"Jul 04, 2021",1.511,1.528,1.123,1.078,1.191,4.459,1.902,0.972,2.781,9.445,3.050,7.482,1.53,2.480,1.666,18.000,1.608,5.297,5.215,2.850,0.986,17.330,0.985,4.708,7.456,2.515,2.836,13.500,3.100,1.510,2.387,17.730,1.660,16.700,,5.070,1.990,3.880,8.860,1.75,5.215,4.531,19.300,7.949,4.84,2.100,14.952,,
"Jul 03, 2021",,,,,,,,,,,,,,,,,,,,,,,,,,,,,,,,,,,,,,,,,,,,,,,,,
"Jul 02, 2021",,,,,,,,,,,,,,,,,,,,,,,,,,,,,,,,,,,,,,,,,,,,,,,,,
"Jul 01, 2021",1.496,1.533,1.078,1.121,1.173,4.460,1.896,0.975,2.808,9.450,3.049,7.450,1.52,2.482,1.657,17.990,1.617,5.280,5.179,2.848,0.986,17.380,0.986,4.587,7.500,2.497,2.739,13.400,3.081,1.472,2.407,17.730,1.662,16.680,,5.029,1.954,3.854,8.701,1.70,5.200,4.437,19.250,7.701,4.83,2.100,14.952,3.619,
"Jun 30, 2021",1.491,1.530,1.075,1.109,1.170,4.459,1.882,0.969,2.824,9.310,3.000,7.360,1.52,2.480,1.654,17.950,1.615,5.270,5.170,2.801,0.983,17.290,0.993,4.589,7.295,2.496,2.742,13.250,2.980,1.450,2.416,17.710,1.656,16.660,,5.000,1.952,3.826,8.650,1.70,5.183,4.418,19.290,7.675,4.95,,14.895,,
"Jun 29, 2021",1.490,1.500,1.074,1.040,1.157,4.454,1.900,0.946,2.800,9.376,3.019,7.311,1.48,2.500,1.637,18.080,1.595,5.220,5.138,2.801,0.970,17.290,0.985,4.550,7.317,2.490,2.546,13.250,3.082,1.455,2.345,17.690,1.656,16.740,,5.000,1.970,3.922,8.650,1.72,5.129,4.219,19.210,,4.95,2.050,14.905,,3.780
"Jun 28, 2021",1.480,1.472,1.065,1.009,1.160,4.453,1.900,0.930,2.794,9.300,3.000,7.308,1.47,2.492,1.605,17.900,1.598,5.150,5.150,2.800,0.941,17.270,0.940,4.500,7.261,2.350,2.315,13.110,3.090,1.439,2.343,17.600,1.666,16.600,,5.000,1.955,3.900,8.611,1.70,5.050,4.223,19.490,7.789,4.91,2.100,14.952,3.476,3.997
"Jun 27, 2021",1.510,1.498,1.099,1.027,1.202,4.454,1.896,0.970,2.769,9.410,3.010,7.365,1.51,2.500,1.654,18.050,1.609,5.240,5.160,2.800,0.983,17.170,0.982,4.562,7.261,2.401,2.401,13.200,3.095,1.451,2.373,17.850,1.668,16.620,,4.985,1.960,4.067,8.800,1.80,5.100,4.300,19.440,7.850,4.80,2.150,14.867,3.476,
"Jun 26, 2021",,,,,,,,,,,,,,,,,,,,,,,,,,,,,,,,,,,,,,,,,,,,,,,,,
"Jun 25, 2021",,,,,,,,,,,,,,,,,,,,,,,,,,,,,,,,,,,,,,,,,,,,,,,,,
"Jun 24, 2021",1.513,1.518,1.098,1.030,1.193,4.450,1.902,0.990,2.712,9.508,3.002,7.363,1.53,2.500,1.655,18.080,1.634,5.235,5.180,2.836,0.993,17.130,0.993,4.600,7.546,2.485,2.480,13.210,3.095,1.455,2.412,17.860,1.674,16.600,,4.900,2.021,3.698,8.823,1.82,5.168,4.380,19.160,7.840,4.72,2.190,15.000,,3.780
"Jun 23, 2021",1.539,1.520,1.095,1.030,1.213,4.455,1.902,0.997,2.702,9.516,3.007,7.308,1.54,2.485,1.680,18.100,1.648,5.295,5.150,2.860,1.002,17.110,1.005,4.620,7.600,2.516,2.530,13.150,3.070,1.461,2.451,17.920,1.673,16.630,,4.889,2.000,3.713,8.902,1.77,5.121,4.417,19.240,7.700,4.70,2.187,14.876,,3.911
"Jun 22, 2021",1.530,1.528,1.109,1.040,1.226,4.450,1.892,1.004,2.701,9.507,3.035,7.413,1.54,2.497,1.719,17.800,1.633,5.255,5.178,2.851,1.002,17.290,1.011,4.634,7.512,2.538,2.580,13.260,3.090,1.470,2.469,17.980,1.673,16.670,,4.945,1.970,3.698,8.918,1.82,5.139,4.467,19.300,,4.75,2.199,15.000,,
"Jun 21, 2021",1.517,1.522,1.107,1.042,1.230,4.450,1.887,1.001,2.685,9.590,3.040,7.450,1.54,2.480,1.723,17.800,1.590,5.295,5.179,2.835,0.999,17.100,1.008,4.579,7.030,2.523,2.589,13.260,3.083,1.475,2.475,17.810,1.658,16.650,,4.950,1.960,3.695,9.000,1.80,5.130,4.478,19.200,7.600,4.80,2.105,14.971,3.524,4.066
"Jun 20, 2021",1.526,1.535,1.129,1.043,1.230,4.451,1.887,1.010,2.673,9.619,3.031,7.440,1.56,2.480,1.747,17.850,1.611,5.280,5.127,2.855,1.006,17.170,1.028,4.600,7.000,2.558,2.627,13.300,3.100,1.491,2.499,17.770,1.673,16.780,,5.000,1.969,3.674,9.099,1.78,5.122,4.477,19.300,7.800,4.91,2.120,15.048,,3.999
"Jun 19, 2021",,,,,,,,,,,,,,,,,,,,,,,,,,,,,,,,,,,,,,,,,,,,,,,,,
"Jun 18, 2021",,,,,,,,,,,,,,,,,,,,,,,,,,,,,,,,,,,,,,,,,,,,,,,,,
"Jun 17, 2021",1.550,1.546,1.131,1.053,1.241,4.459,1.884,1.008,2.658,9.630,3.025,7.300,1.56,2.470,1.745,17.800,1.628,5.265,5.123,,1.007,17.050,1.016,4.610,6.860,2.549,2.620,13.300,3.120,1.488,2.485,18.000,1.673,16.760,,5.038,,3.675,9.135,1.83,5.140,4.500,19.200,7.800,4.91,2.238,14.905,,4.000
"Jun 16, 2021",1.550,1.551,1.145,1.029,1.245,4.468,1.904,1.008,2.675,9.567,3.020,7.315,1.57,2.473,1.770,17.970,1.620,5.319,5.119,2.880,1.007,17.260,1.028,4.733,7.010,2.570,2.620,13.280,3.115,1.503,2.515,17.790,1.664,16.530,,5.006,2.000,3.687,9.148,1.81,5.235,4.510,19.010,7.990,5.01,2.222,15.010,,3.915
"Jun 15, 2021",1.566,1.568,1.146,1.042,1.257,4.450,1.906,1.013,2.724,9.501,3.025,7.388,1.57,2.476,1.773,18.100,1.664,5.320,5.145,2.880,1.012,17.270,1.038,4.599,7.010,2.520,2.634,13.280,3.107,1.501,2.504,17.730,1.665,16.600,,5.049,,3.625,9.060,1.82,5.229,4.552,19.100,7.990,5.01,2.254,14.819,,3.910
"Jun 14, 2021",1.584,1.580,1.157,1.054,1.278,4.450,1.911,1.017,2.719,9.591,3.030,7.290,1.59,2.476,1.790,18.150,1.669,5.371,5.169,2.920,1.020,17.270,1.044,4.575,6.955,2.538,2.649,13.260,3.116,1.540,2.507,17.800,1.658,16.480,,5.050,1.995,3.678,9.198,1.83,5.222,4.534,18.960,7.840,5.05,2.225,14.924,,4.097
"Jun 13, 2021",1.574,1.581,1.154,1.060,1.290,4.444,1.907,1.022,2.698,9.466,3.030,7.291,1.59,2.455,1.798,17.970,1.671,5.310,5.131,2.888,1.028,17.210,1.047,4.596,6.976,2.540,2.681,13.000,3.125,1.530,2.536,17.800,1.659,16.470,,5.013,2.000,3.620,9.100,1.89,5.300,4.526,18.810,,5.10,2.239,14.990,3.461,4.000
"Jun 12, 2021",,,,,,,,,,,,,,,,,,,,,,,,,,,,,,,,,,,,,,,,,,,,,,,,,
"Jun 11, 2021",,,,,,,,,,,,,,,,,,,,,,,,,,,,,,,,,,,,,,,,,,,,,,,,,
"Jun 10, 2021",1.593,1.602,1.148,1.067,1.265,4.437,1.922,1.026,2.716,9.470,3.026,7.286,1.60,2.470,1.780,17.850,1.676,5.334,5.120,2.886,1.024,17.300,1.050,4.595,6.978,2.539,2.631,12.800,3.121,1.545,2.513,17.840,1.664,16.470,,5.030,,3.589,9.163,1.88,5.248,4.573,18.750,,5.10,2.120,15.000,,4.000
"Jun 09, 2021",1.580,1.610,1.140,1.033,1.256,4.442,1.918,1.008,2.711,9.579,3.040,7.292,1.60,2.452,1.771,17.550,1.670,5.340,5.150,2.884,1.017,17.300,1.043,4.547,7.000,2.528,2.647,12.700,3.140,1.542,2.513,17.740,1.663,16.500,,5.028,1.999,3.635,9.025,1.92,5.125,4.595,18.620,7.751,5.06,2.225,14.962,,
"Jun 08, 2021",1.564,1.541,1.139,1.043,1.257,4.441,1.910,1.006,2.739,9.579,3.032,7.362,1.58,2.467,1.766,17.510,1.685,5.295,5.105,2.880,1.023,17.300,1.044,4.560,6.955,2.510,2.650,12.620,3.160,1.557,2.528,17.750,1.665,16.500,,5.061,,3.600,9.109,1.95,5.193,4.584,18.530,7.721,5.08,2.100,14.943,3.476,4.250
"Jun 07, 2021",1.604,1.585,1.142,1.090,1.250,4.426,1.914,1.004,2.778,9.570,3.050,7.314,1.60,2.488,1.770,17.700,1.726,5.299,5.120,2.894,1.028,17.250,1.060,4.650,6.960,2.619,2.698,12.730,3.188,1.573,2.537,17.860,1.658,16.490,,5.100,2.000,3.580,9.175,1.99,5.200,4.601,18.700,7.944,5.08,2.144,15.029,,4.125
"Jun 06, 2021",1.627,1.609,1.150,1.112,1.237,4.423,1.940,1.010,2.788,9.510,3.080,7.315,1.61,2.484,1.778,17.800,1.735,5.335,5.139,2.956,1.020,17.200,1.076,4.617,7.009,2.610,2.713,12.800,3.190,1.587,2.521,17.800,1.665,16.520,,5.060,2.025,3.630,9.179,1.99,5.239,4.569,18.800,7.944,5.05,2.200,14.886,3.524,4.000
"Jun 05, 2021",,,,,,,,,,,,,,,,,,,,,,,,,,,,,,,,,,,,,,,,,,,,,,,,,
"Jun 04, 2021",,,,,,,,,,,,,,,,,,,,,,,,,,,,,,,,,,,,,,,,,,,,,,,,,
"Jun 03, 2021",1.571,1.635,1.160,1.121,1.244,4.440,1.883,1.016,2.800,9.615,3.070,7.305,1.57,2.484,1.780,17.860,1.740,5.260,5.139,2.942,1.034,17.300,1.048,4.600,7.039,2.526,2.717,12.900,3.180,1.582,2.536,17.890,1.658,16.490,,5.095,1.984,3.620,9.155,1.99,5.270,4.560,18.750,7.944,5.10,2.161,,,4.298
"Jun 02, 2021",1.492,1.650,1.167,1.133,1.255,4.450,1.888,1.023,2.807,9.600,3.090,7.298,1.57,2.496,1.784,17.990,1.754,5.346,5.111,2.861,1.045,17.350,1.064,4.610,7.057,2.540,2.726,12.970,3.185,1.590,2.567,17.950,1.665,16.500,,5.095,1.970,3.618,9.200,1.95,5.350,4.600,18.800,7.950,5.08,2.229,15.029,,4.500
"Jun 01, 2021",1.474,1.649,1.165,1.135,1.243,4.448,1.888,1.023,2.780,9.516,3.090,7.340,1.55,2.510,1.767,17.740,1.744,5.350,5.121,2.859,1.038,17.320,1.070,4.610,7.050,2.545,2.726,13.000,3.190,1.592,2.582,17.940,1.671,16.380,,5.076,1.961,3.618,9.281,2.00,5.401,4.600,18.800,7.790,5.10,2.230,14.771,,4.199
"May 31, 2021",1.487,1.647,1.168,1.142,1.225,4.450,1.884,1.020,2.835,9.533,3.100,7.307,1.56,2.535,1.774,17.700,1.742,5.350,5.109,2.857,1.001,17.300,1.054,4.482,6.903,2.600,2.770,12.910,3.173,1.594,2.594,17.900,1.679,16.030,,5.004,,3.645,9.400,1.98,5.262,4.635,18.800,7.797,5.20,2.262,14.819,,3.997
"May 30, 2021",1.466,1.667,1.179,1.140,1.231,4.449,1.893,1.028,2.800,9.365,3.099,7.224,1.56,2.485,1.775,17.650,1.746,5.250,5.112,2.900,1.000,17.300,1.060,4.461,6.904,2.599,2.799,12.900,3.200,1.572,2.588,18.000,1.665,16.610,,5.070,1.970,3.700,9.398,1.99,5.310,4.638,18.860,7.798,5.15,2.269,14.962,,4.000
"May 29, 2021",,,,,,,,,,,,,,,,,,,,,,,,,,,,,,,,,,,,,,,,,,,,,,,,,
"May 28, 2021",,,,,,,,,,,,,,,,,,,,,,,,,,,,,,,,,,,,,,,,,,,,,,,,,
"May 27, 2021",1.463,1.660,1.163,1.143,1.185,4.460,1.900,1.015,2.817,9.500,3.120,7.111,1.57,2.490,1.762,17.590,1.756,5.359,5.116,2.900,0.988,17.300,1.066,4.535,6.900,2.555,2.790,12.900,3.270,1.564,2.575,18.300,1.647,16.640,,5.003,1.989,3.670,9.171,1.99,5.040,4.600,18.870,7.823,5.14,2.295,14.790,3.571,4.220
"May 26, 2021",1.468,1.641,1.156,1.139,1.185,4.405,1.879,1.020,2.827,9.330,3.033,7.320,1.57,2.490,1.751,17.370,1.758,5.280,5.150,2.924,1.002,17.120,1.057,4.201,6.960,2.650,2.705,12.680,3.130,1.577,2.604,17.700,1.651,16.530,,5.027,1.990,3.670,9.120,1.99,4.950,4.600,18.710,7.819,5.14,2.319,14.905,,4.490
"May 25, 2021",1.460,1.634,1.152,1.036,1.186,4.400,1.873,0.955,2.819,9.365,3.030,7.349,1.56,2.499,1.755,17.500,1.763,5.299,5.170,2.919,0.969,17.150,1.022,4.244,7.001,2.700,2.693,12.360,3.130,1.584,2.507,17.700,1.652,16.500,,5.088,1.980,3.700,9.110,1.99,4.970,4.493,18.700,7.700,5.04,2.255,14.857,,
"May 24, 2021",1.463,1.636,1.129,1.030,1.180,4.380,1.832,0.950,2.782,9.257,3.020,7.380,1.57,2.488,1.755,17.600,1.745,5.291,5.100,2.840,0.965,17.000,1.022,4.120,6.980,2.692,2.722,11.930,3.064,1.580,2.500,17.600,1.651,16.310,,5.000,1.960,3.715,8.994,1.97,4.886,4.476,18.550,7.835,5.06,2.240,15.000,3.458,4.444
"May 23, 2021",1.468,1.677,1.158,1.055,1.189,4.435,1.887,0.955,2.858,9.312,3.036,7.400,1.57,2.494,1.759,17.730,1.755,5.318,5.090,2.872,0.972,17.110,1.052,4.215,7.002,2.681,2.774,12.400,3.121,1.594,2.515,17.750,1.638,16.510,,5.000,1.989,3.799,9.033,1.98,4.972,4.560,18.500,7.858,5.10,2.176,15.048,,4.410
"May 22, 2021",,,,,,,,,,,,,,,,,,,,,,,,,,,,,,,,,,,,,,,,,,,,,,,,,
"May 21, 2021",,,,,,,,,,,,,,,,,,,,,,,,,,,,,,,,,,,,,,,,,,,,,,,,,
"May 20, 2021",1.479,1.685,1.170,1.066,1.205,4.443,1.885,0.944,2.859,9.490,3.031,7.500,1.59,2.510,1.776,17.730,1.766,5.313,5.064,2.889,0.970,17.290,1.071,4.255,7.045,2.658,2.768,12.450,3.143,1.579,2.519,17.780,1.649,16.460,,5.000,1.967,3.869,9.183,2.02,5.030,4.639,18.530,7.700,5.05,2.410,14.762,,
"May 19, 2021",1.475,1.700,1.190,1.084,1.228,4.475,1.897,0.950,2.865,9.391,3.050,7.483,1.58,2.501,1.777,17.720,1.757,5.386,5.079,2.900,0.975,17.290,1.045,4.328,6.977,2.640,2.768,12.610,3.198,1.582,2.491,17.740,1.663,16.500,,5.000,1.964,3.822,9.001,2.02,5.031,4.819,18.550,7.997,5.07,2.497,14.762,3.571,
"May 18, 2021",1.499,1.707,1.171,1.093,1.233,4.460,1.906,0.960,2.853,9.398,3.123,7.513,1.60,2.525,1.797,17.900,1.759,5.400,5.119,2.965,0.990,17.290,1.020,4.278,7.050,2.519,2.780,12.890,3.201,1.602,2.537,17.720,1.665,16.550,,5.090,1.967,3.805,9.109,2.05,5.081,4.817,18.770,,5.08,2.577,,,
"May 17, 2021",1.487,1.680,1.152,1.100,1.190,4.489,1.907,0.968,2.755,9.296,3.106,7.416,1.60,2.510,1.797,17.840,1.760,5.450,5.125,2.909,0.977,17.170,1.017,4.300,7.020,2.530,2.781,12.900,3.200,1.580,2.506,17.920,1.665,16.570,,5.107,1.972,3.890,9.279,2.07,5.094,4.800,18.510,7.900,5.15,2.400,14.810,,4.899
"May 16, 2021",,,,,,,,,,,,,,,,,,,,,,,,,,,,,,,,,,,,,,,,,,,,,,,,,
"May 15, 2021",,,,,,,,,,,,,,,,,,,,,,,,,,,,,,,,,,,,,,,,,,,,,,,,,
"May 14, 2021",,,,,,,,,,,,,,,,,,,,,,,,,,,,,,,,,,,,,,,,,,,,,,,,,
"May 13, 2021",,,,,,,,,,,,,,,,,,,,,,,,,,,,,,,,,,,,,,,,,,,,,,,,,
"May 12, 2021",,,,,,,,,,,,,,,,,,,,,,,,,,,,,,,,,,,,,,,,,,,,,,,,,
"May 11, 2021",1.500,1.645,1.159,1.095,1.180,4.474,1.923,0.948,2.748,9.409,3.155,7.500,1.61,2.537,1.769,18.000,1.757,5.392,5.128,2.888,0.976,17.300,1.001,4.260,7.132,2.430,2.803,13.450,3.229,1.603,2.524,18.180,1.686,17.060,,5.107,1.990,3.935,9.339,2.05,5.110,4.865,18.600,7.900,5.20,2.450,15.000,,4.489
"May 10, 2021",1.474,1.638,1.145,1.102,1.190,4.460,1.926,0.967,2.720,9.397,3.169,7.500,1.60,2.580,1.770,18.090,1.759,5.379,5.128,2.881,0.983,17.300,1.029,4.150,7.150,2.311,2.820,13.570,3.240,1.610,2.530,18.150,1.670,17.070,,5.055,1.969,3.948,9.379,2.08,5.125,4.879,18.600,7.900,5.20,,15.000,,
"May 09, 2021",1.475,1.564,1.150,1.106,1.185,4.460,1.934,0.971,2.750,9.346,3.155,7.498,1.61,2.580,1.787,17.990,1.745,5.487,5.100,2.889,1.000,17.300,1.054,4.174,7.110,2.376,2.798,13.500,3.223,1.612,2.545,18.180,1.682,17.030,,5.162,1.999,3.891,9.330,2.06,5.098,4.800,18.710,7.990,5.17,,15.076,3.701,4.097
"May 08, 2021",,,,,,,,,,,,,,,,,,,,,,,,,,,,,,,,,,,,,,,,,,,,,,,,,
"May 07, 2021",,,,,,,,,,,,,,,,,,,,,,,,,,,,,,,,,,,,,,,,,,,,,,,,,
"May 06, 2021",1.460,1.537,1.157,1.109,1.185,4.445,1.901,0.937,2.500,9.349,3.160,7.493,1.62,2.500,1.800,17.990,1.753,5.320,5.129,2.880,0.993,17.290,1.020,3.964,7.085,2.283,2.820,13.540,3.240,1.621,2.540,18.200,1.674,17.000,,5.149,1.995,3.983,9.299,2.20,5.110,4.781,18.950,7.900,5.20,2.448,15.038,3.524,
"May 05, 2021",1.470,1.545,1.163,1.077,1.172,4.464,1.915,0.866,2.497,9.329,3.175,7.526,1.61,2.499,1.803,17.920,1.771,5.372,5.100,2.943,0.971,17.280,1.054,3.815,7.149,2.354,2.810,13.450,3.236,1.619,2.521,18.190,1.648,17.000,,5.160,1.999,3.997,9.378,2.08,5.100,4.879,18.800,,5.20,,14.905,3.450,
"May 04, 2021",1.462,1.551,1.162,1.064,1.190,4.475,1.909,0.865,2.509,9.331,3.150,7.402,1.62,2.480,1.755,17.920,1.773,5.366,5.140,2.945,0.940,17.280,0.959,3.855,7.169,2.310,2.830,13.560,3.219,1.600,2.522,18.200,1.655,17.050,,5.175,1.982,3.887,9.445,2.00,5.080,4.914,19.040,7.900,5.20,2.400,14.762,,
"May 03, 2021",1.476,1.557,1.150,1.109,1.199,4.479,1.920,0.876,2.519,9.340,3.169,7.421,1.62,2.495,1.739,17.980,1.764,5.422,5.150,2.900,0.945,17.380,0.958,3.882,7.100,2.121,2.841,13.680,3.236,1.625,2.537,18.200,1.660,17.070,,5.210,2.060,3.900,9.400,2.00,5.120,4.819,19.000,7.900,5.15,,15.048,3.450,4.100
"May 02, 2021",1.477,1.554,1.150,1.114,1.192,4.465,1.912,0.865,2.559,9.325,3.158,7.450,1.62,2.495,1.735,17.980,1.745,5.431,5.110,2.944,0.942,17.400,0.948,3.865,7.059,2.124,2.854,13.450,3.221,1.588,2.552,18.200,1.666,17.200,,5.198,1.980,3.950,9.405,1.96,5.090,4.520,19.130,7.751,5.01,,14.762,3.444,3.950
"May 01, 2021",,,,,,,,,,,,,,,,,,,,,,,,,,,,,,,,,,,,,,,,,,,,,,,,,
"Apr 30, 2021",,,,,,,,,,,,,,,,,,,,,,,,,,,,,,,,,,,,,,,,,,,,,,,,,
"Apr 29, 2021",1.570,1.562,1.170,1.124,1.205,4.468,1.930,0.868,2.630,9.250,3.160,7.503,1.63,2.518,1.747,17.900,1.775,5.400,5.130,2.958,0.945,17.400,0.914,3.844,7.110,2.070,2.890,13.480,3.237,1.589,2.537,18.200,1.681,17.200,,5.100,1.977,3.960,9.510,2.07,5.148,4.779,19.250,7.900,5.08,,14.857,,4.200
"Apr 28, 2021",1.575,1.535,1.199,1.120,1.219,4.468,1.951,0.884,2.399,9.369,3.168,7.434,1.63,2.531,1.767,18.000,1.807,5.360,5.134,2.930,0.971,17.390,0.923,3.912,7.110,2.090,2.912,13.600,3.230,1.607,2.567,18.270,1.687,17.140,,5.025,1.890,4.289,9.686,2.17,5.128,4.951,19.100,7.900,5.02,,14.876,3.524,4.010
"Apr 27, 2021",1.570,1.551,1.204,1.140,1.234,4.470,1.968,0.889,2.398,9.400,3.200,7.521,1.63,2.519,1.787,17.990,1.796,5.399,5.087,2.969,0.975,17.400,0.942,3.930,7.119,2.100,2.916,13.680,3.225,1.617,2.604,18.300,1.685,16.960,,5.007,1.900,4.070,9.701,2.21,5.115,4.987,19.110,7.840,5.13,2.345,14.952,3.441,4.451
"Apr 26, 2021",1.565,1.475,1.213,1.150,1.243,4.453,1.888,0.869,2.410,9.399,3.200,7.599,1.63,2.489,1.790,17.990,1.826,5.480,5.090,2.982,0.968,17.400,0.943,3.786,7.100,2.125,2.935,13.300,3.238,1.622,2.648,18.300,1.677,16.920,,5.000,1.880,4.070,9.550,2.25,5.170,5.110,19.370,,5.25,2.342,14.619,3.543,4.049
"Apr 25, 2021",1.569,1.477,1.211,1.150,1.244,4.450,1.884,0.850,2.360,9.372,3.166,7.549,1.64,2.464,1.815,17.920,1.824,5.301,5.133,2.910,0.969,17.400,0.935,3.651,7.057,2.163,2.971,13.250,3.233,1.621,2.664,18.390,1.681,17.000,,5.000,1.885,4.000,9.488,2.24,5.248,5.587,19.300,7.821,5.30,,14.524,3.505,3.689
"Apr 24, 2021",,,,,,,,,,,,,,,,,,,,,,,,,,,,,,,,,,,,,,,,,,,,,,,,,
"Apr 23, 2021",,,,,,,,,,,,,,,,,,,,,,,,,,,,,,,,,,,,,,,,,,,,,,,,,
"Apr 22, 2021",1.547,1.479,1.214,1.170,1.240,4.470,1.860,0.857,2.360,9.380,3.165,7.595,1.64,2.490,1.770,17.950,1.814,5.348,5.144,2.950,0.970,17.450,0.930,3.698,7.050,2.142,3.000,12.930,3.249,1.632,2.663,18.500,1.687,16.990,,5.000,1.880,3.948,9.450,2.24,5.323,5.600,19.390,7.850,5.19,2.343,14.524,,3.689
"Apr 21, 2021",1.528,1.424,1.210,1.170,1.234,4.494,1.848,0.862,2.345,9.390,3.180,7.499,1.63,2.497,1.775,17.910,1.806,5.356,5.144,2.932,0.974,17.480,0.928,3.362,7.030,2.150,2.979,12.920,3.273,1.673,2.672,18.250,1.700,17.010,,4.996,1.887,3.902,9.590,2.27,5.226,5.599,19.270,7.900,5.12,2.368,14.438,3.600,
"Apr 20, 2021",1.499,1.421,1.220,1.142,1.229,4.499,1.858,0.847,2.357,9.496,3.195,7.500,1.66,2.480,1.779,18.000,1.770,5.330,5.119,3.022,0.985,17.650,0.926,3.414,7.091,2.151,2.947,13.200,3.298,1.675,2.657,18.450,1.722,16.950,,5.000,1.886,3.957,9.600,2.33,5.177,5.618,19.390,7.880,5.12,2.397,14.448,3.600,
"Apr 19, 2021",1.500,1.438,1.221,1.105,1.223,4.499,1.868,0.812,2.359,9.409,3.200,7.452,1.67,2.497,1.763,18.000,1.740,5.399,5.081,2.977,0.946,17.800,0.875,3.487,7.150,2.170,2.850,13.100,3.280,1.660,2.627,18.300,1.717,17.070,,4.971,1.915,4.028,9.714,2.35,5.168,5.662,19.640,7.900,5.10,2.397,14.448,3.438,
"Apr 18, 2021",1.491,1.445,1.217,1.052,1.238,4.455,1.850,0.739,2.339,9.100,3.205,7.500,1.70,2.480,1.735,17.810,1.750,5.238,5.073,2.910,0.950,17.900,0.874,3.700,7.028,2.148,2.784,12.510,3.249,1.636,2.616,17.900,1.694,17.030,,4.970,1.865,4.020,9.398,2.45,5.100,5.618,19.550,7.550,5.05,2.443,14.286,,
"Apr 17, 2021",,,,,,,,,,,,,,,,,,,,,,,,,,,,,,,,,,,,,,,,,,,,,,,,,
"Apr 16, 2021",,,,,,,,,,,,,,,,,,,,,,,,,,,,,,,,,,,,,,,,,,,,,,,,,
"Apr 15, 2021",1.508,1.448,1.224,1.043,1.242,4.532,1.860,0.741,2.332,9.219,3.210,7.499,1.67,2.472,1.754,17.890,1.760,5.434,5.071,2.994,0.955,18.200,0.875,3.918,7.119,2.155,2.802,12.800,3.229,1.640,2.642,18.200,1.701,17.150,,5.000,1.890,4.045,9.321,2.50,5.139,5.589,19.550,7.600,5.05,2.444,14.438,,
"Apr 14, 2021",1.517,1.436,1.227,1.069,1.242,4.295,1.859,0.745,2.340,8.730,3.223,7.700,1.67,2.515,1.768,18.090,1.793,4.940,5.097,3.079,0.955,16.800,0.873,3.993,7.128,2.189,2.839,12.600,3.197,1.630,2.661,17.450,1.703,17.000,,5.100,1.881,4.001,9.420,2.60,5.114,5.700,19.700,7.600,5.15,2.450,14.419,3.524,3.810
"Apr 13, 2021",1.500,1.400,1.221,1.018,1.240,4.250,1.850,0.726,2.335,8.526,3.208,7.599,1.66,2.499,1.771,17.990,1.780,4.800,5.072,3.000,0.957,16.360,0.864,3.630,7.122,2.074,2.799,12.530,3.180,1.630,2.639,17.260,1.723,16.750,,5.052,1.899,3.990,9.350,,5.146,5.665,19.440,7.603,5.07,,14.248,,
"Apr 12, 2021",1.513,1.418,1.227,1.008,1.247,4.257,1.846,0.724,2.320,8.570,3.211,7.530,1.65,2.491,1.730,18.020,1.767,4.800,5.072,3.041,0.960,16.600,0.870,3.300,7.210,2.090,2.825,12.470,3.180,1.629,2.613,17.350,1.725,16.740,,5.100,1.900,4.010,9.305,,5.116,5.682,19.460,7.603,5.10,2.444,14.514,3.439,3.810
"Apr 11, 2021",1.576,1.489,1.230,1.085,1.255,4.273,1.856,0.770,2.298,8.580,3.210,7.403,1.66,2.500,1.775,17.900,1.804,4.950,5.070,3.089,0.975,16.650,0.883,3.350,7.271,2.122,2.866,12.650,3.220,1.633,2.687,17.470,1.683,16.800,,5.130,1.899,4.005,9.400,,5.179,5.650,19.630,7.606,5.10,2.450,14.190,3.610,3.809
"Apr 10, 2021",,,,,,,,,,,,,,,,,,,,,,,,,,,,,,,,,,,,,,,,,,,,,,,,,
"Apr 09, 2021",,,,,,,,,,,,,,,,,,,,,,,,,,,,,,,,,,,,,,,,,,,,,,,,,
"Apr 08, 2021",1.557,1.421,1.235,1.053,1.260,4.270,1.864,0.748,2.308,8.650,3.244,7.583,1.66,2.497,1.786,17.860,1.813,4.900,5.086,3.080,0.967,16.590,0.878,3.337,7.270,2.127,2.810,12.470,3.193,1.635,2.646,17.600,1.665,16.940,,5.205,1.895,3.985,9.300,,5.095,5.635,19.540,,5.01,,14.514,3.438,3.691
"Apr 07, 2021",1.528,1.340,1.210,0.974,1.251,4.255,1.868,0.705,2.290,8.654,3.219,7.521,1.65,2.486,1.665,17.720,1.829,5.000,5.081,3.080,0.954,16.500,0.880,3.279,7.351,2.100,2.799,12.480,3.208,1.615,2.642,17.320,1.641,16.920,,5.100,1.895,4.089,9.330,,5.042,5.632,19.490,7.650,4.97,2.350,14.857,,3.810
"Apr 06, 2021",1.503,1.230,1.230,0.960,1.243,4.246,1.866,0.726,2.271,8.652,3.225,7.515,1.65,2.500,1.621,17.830,1.862,4.700,5.100,3.028,0.962,16.440,0.893,3.311,7.318,2.212,2.783,12.150,3.179,1.600,2.640,17.200,1.641,16.920,,5.039,1.910,3.889,9.440,,5.072,5.682,19.460,7.800,4.90,2.401,14.876,3.438,3.749
"Apr 05, 2021",1.493,1.191,1.241,0.896,1.239,4.266,1.856,0.717,2.261,8.600,3.215,7.510,1.65,2.471,1.576,17.820,1.822,4.656,5.100,3.029,0.953,16.390,0.881,3.265,7.300,2.011,2.820,12.220,3.190,1.580,2.639,17.150,1.643,16.910,,5.066,1.909,3.932,9.444,,5.129,5.730,19.460,8.111,5.00,2.409,15.619,3.438,3.848
"Apr 04, 2021",1.496,1.194,1.234,0.870,1.237,4.280,1.850,0.684,2.272,8.700,3.201,7.594,1.62,2.480,1.600,17.840,1.745,4.798,5.135,3.000,0.953,16.610,0.868,3.284,7.300,1.941,2.830,12.260,3.214,1.577,2.612,17.340,1.647,17.000,,5.070,1.909,4.127,9.500,,5.179,5.750,19.350,8.156,5.12,2.399,15.688,,3.800
"Apr 03, 2021",,,,,,,,,,,,,,,,,,,,,,,,,,,,,,,,,,,,,,,,,,,,,,,,,
"Apr 02, 2021",,,,,,,,,,,,,,,,,,,,,,,,,,,,,,,,,,,,,,,,,,,,,,,,,
"Apr 01, 2021",1.500,1.199,1.240,0.805,1.240,4.270,1.855,0.666,2.277,8.715,3.199,7.780,1.62,2.484,1.603,17.950,1.748,4.800,5.140,2.870,0.955,16.700,0.860,3.441,7.245,1.910,2.903,12.200,3.225,1.594,2.703,17.290,1.647,16.950,,5.050,1.900,4.090,9.487,,5.264,5.726,19.490,8.200,5.12,2.400,15.723,,3.700
"Mar 31, 2021",1.494,1.180,1.256,0.805,1.246,4.290,1.860,0.664,2.270,8.740,3.155,7.690,1.62,2.470,1.618,17.990,1.645,4.849,5.109,2.860,0.955,16.460,0.853,3.566,7.070,1.900,2.953,11.950,3.249,1.594,2.573,17.150,1.646,16.980,,4.980,1.970,4.070,9.700,,5.330,5.790,19.590,8.135,5.00,2.430,15.714,3.439,4.098
"Mar 30, 2021",1.517,1.200,1.259,0.800,1.250,4.270,1.859,0.664,2.275,8.700,3.149,7.790,1.63,2.513,1.628,17.780,1.650,4.698,5.090,2.868,1.006,16.300,0.855,3.410,6.950,1.930,2.960,12.270,3.172,1.580,2.578,17.110,1.657,16.940,,5.031,1.810,4.137,9.500,,5.200,5.756,19.790,8.190,4.90,2.425,15.792,,4.000
"Mar 29, 2021",1.456,1.193,1.266,0.826,1.254,4.170,1.850,0.677,2.263,8.620,3.149,7.640,1.63,2.520,1.615,17.590,1.679,4.700,5.067,2.892,1.016,16.280,0.865,3.100,7.048,1.990,3.014,12.200,3.185,1.570,2.639,17.150,1.678,16.950,,4.880,1.819,4.137,9.549,,5.220,5.790,19.990,8.200,4.82,2.425,15.758,3.438,3.850
"Mar 28, 2021",1.470,1.191,1.274,0.797,1.260,4.148,1.823,0.671,2.265,8.550,3.138,7.650,1.64,2.519,1.621,17.220,1.650,4.650,5.060,2.880,1.030,16.050,0.869,3.216,6.873,1.998,3.069,11.880,3.138,1.541,2.596,17.080,1.682,16.730,,4.996,1.820,3.761,9.476,,5.195,5.710,21.250,8.200,4.82,2.420,15.429,,
"Mar 27, 2021",,,,,,,,,,,,,,,,,,,,,,,,,,,,,,,,,,,,,,,,,,,,,,,,,
"Mar 26, 2021",,,,,,,,,,,,,,,,,,,,,,,,,,,,,,,,,,,,,,,,,,,,,,,,,
"Mar 25, 2021",1.465,1.181,1.258,0.791,1.264,4.160,1.815,0.670,2.270,8.600,3.112,7.680,1.63,2.521,1.534,17.310,1.665,4.600,5.042,2.881,1.024,16.010,0.854,3.335,6.860,1.949,3.099,11.720,3.138,1.529,2.516,17.300,1.630,16.680,,5.183,1.920,3.829,9.540,,5.116,5.765,21.150,8.200,4.75,2.400,15.576,,3.800
"Mar 24, 2021",1.475,1.170,1.225,0.803,1.270,4.162,1.850,0.679,2.271,8.630,3.124,7.640,1.65,2.575,1.536,17.400,1.650,4.524,5.011,2.900,1.029,16.150,0.866,3.170,6.850,1.930,2.883,11.850,3.156,1.535,2.510,17.120,1.644,17.030,,5.348,1.909,3.701,9.550,,5.095,5.798,21.150,8.031,4.70,2.380,15.584,3.439,
"Mar 23, 2021",1.497,1.174,1.219,0.734,1.270,4.165,1.861,0.654,2.267,8.654,3.139,7.700,1.66,2.528,1.537,17.200,1.650,4.560,5.050,2.900,1.037,16.000,0.857,3.145,6.840,1.941,2.900,11.850,3.156,1.530,2.522,17.290,1.627,16.900,,5.438,1.922,3.800,9.470,,5.075,5.699,20.960,8.000,4.75,2.230,15.446,3.439,
"Mar 22, 2021",1.489,1.165,1.212,0.727,1.265,4.170,1.828,0.658,2.286,8.771,3.170,7.400,1.68,2.560,1.540,17.180,1.642,4.600,5.060,2.913,1.020,16.100,0.899,3.047,6.860,1.859,2.900,12.000,3.155,1.546,2.558,17.300,1.636,16.930,,5.440,2.077,3.801,9.875,,5.130,5.690,20.850,7.970,4.80,2.233,15.238,3.439,
"Mar 21, 2021",1.490,1.187,1.210,0.722,1.252,4.160,1.778,0.657,2.257,8.800,3.184,7.202,1.55,2.528,1.551,17.360,1.670,4.630,5.082,2.912,1.033,16.190,0.903,2.770,6.975,1.820,2.930,11.890,3.155,1.539,2.537,17.400,1.612,16.820,,5.599,2.060,3.662,10.300,,4.941,5.702,20.850,8.078,4.80,2.400,15.385,3.752,3.796
"Mar 20, 2021",,,,,,,,,,,,,,,,,,,,,,,,,,,,,,,,,,,,,,,,,,,,,,,,,
"Mar 19, 2021",,,,,,,,,,,,,,,,,,,,,,,,,,,,,,,,,,,,,,,,,,,,,,,,,
"Mar 18, 2021",1.497,1.190,1.214,0.743,1.243,4.165,1.824,0.650,2.241,9.014,3.229,7.430,1.67,2.499,1.570,17.400,1.680,4.740,5.054,2.999,0.999,16.200,0.893,2.711,6.990,1.811,2.972,12.100,3.165,1.540,2.555,17.400,1.587,16.950,,5.300,2.101,3.330,10.000,,4.925,5.750,20.650,7.970,4.80,2.389,14.719,3.438,3.798
"Mar 17, 2021",1.508,1.142,1.220,0.761,1.260,4.177,1.822,0.658,2.269,8.780,3.203,7.531,1.64,2.563,1.566,17.320,1.608,4.555,5.030,2.951,0.983,15.900,0.874,2.751,6.962,1.822,2.965,11.850,3.140,1.548,2.570,17.450,1.602,16.950,,5.289,2.099,3.231,9.477,,5.006,5.790,20.740,7.976,4.81,2.400,14.719,3.462,
"Mar 16, 2021",1.495,1.100,1.227,0.761,1.255,4.180,1.860,0.664,2.255,8.900,3.209,8.200,1.65,2.547,1.575,17.500,1.610,4.529,5.071,2.951,0.994,16.120,0.885,2.733,7.100,1.830,2.985,11.950,3.152,1.550,2.593,17.450,1.604,16.830,,5.110,2.000,3.300,9.440,,5.089,5.800,20.800,7.898,4.80,2.310,14.710,3.543,
"Mar 15, 2021",1.500,1.098,1.234,0.765,1.265,4.198,1.887,0.660,2.303,8.900,3.206,8.120,1.67,2.417,1.551,17.410,1.592,4.399,5.017,2.925,1.001,16.150,0.883,2.791,6.880,1.841,2.990,11.850,3.161,1.544,2.575,17.400,1.602,16.900,,5.200,2.000,3.449,9.092,,5.093,5.800,20.740,7.800,4.70,2.310,14.719,,3.798
"Mar 14, 2021",1.518,1.108,1.233,0.774,1.279,4.176,1.971,0.640,2.302,8.900,3.200,8.120,1.69,2.447,1.580,17.230,1.596,4.368,5.021,2.961,1.010,16.100,0.900,2.840,6.782,1.822,2.971,11.950,3.180,1.553,2.612,17.290,1.595,16.830,,4.801,2.000,3.333,9.114,,5.171,5.819,20.870,7.538,4.66,2.324,14.840,3.619,
"Mar 13, 2021",,,,,,,,,,,,,,,,,,,,,,,,,,,,,,,,,,,,,,,,,,,,,,,,,
"Mar 12, 2021",,,,,,,,,,,,,,,,,,,,,,,,,,,,,,,,,,,,,,,,,,,,,,,,,
"Mar 11, 2021",1.527,1.105,1.230,0.805,1.272,4.180,1.961,0.657,2.312,8.890,3.207,7.999,1.68,2.417,1.575,17.330,1.583,4.341,5.040,2.881,0.993,16.100,0.906,2.768,6.780,1.792,3.000,11.880,3.161,1.560,2.616,17.170,1.609,16.970,,4.900,2.039,3.030,9.089,,5.140,5.809,20.900,7.493,4.70,2.327,14.719,,
"Mar 10, 2021",1.520,1.113,1.235,0.805,1.260,4.180,1.947,0.675,2.300,8.850,3.210,7.800,1.67,2.425,1.539,17.300,1.521,4.388,5.059,3.033,0.977,16.350,0.900,2.725,6.898,1.810,3.028,12.090,3.155,1.568,2.590,17.400,1.599,16.980,,4.960,2.000,3.026,9.056,,4.955,5.798,20.900,7.600,4.72,2.329,14.805,3.714,
"Mar 09, 2021",1.508,1.086,1.207,0.785,1.234,4.187,1.920,0.672,2.280,8.680,3.210,7.550,1.68,2.390,1.550,17.000,1.499,4.281,5.009,3.000,0.982,15.780,0.900,2.790,6.750,1.809,2.991,11.990,3.160,1.569,2.567,17.000,1.577,16.800,,4.900,2.000,3.038,9.150,,4.870,5.800,20.830,7.943,4.89,2.275,14.719,4.000,3.800
"Mar 08, 2021",1.501,1.105,1.210,0.718,1.247,4.168,1.901,0.618,2.309,8.550,3.190,7.350,1.68,2.339,1.551,16.750,1.450,4.280,5.011,3.047,0.944,15.730,0.907,2.604,6.730,1.798,3.050,11.660,3.300,1.544,2.555,17.180,1.579,17.400,,4.550,1.948,3.038,9.199,,4.987,5.800,20.470,7.580,4.95,2.161,13.948,3.667,
"Mar 07, 2021",,,,,,,,,,,,,,,,,,,,,,,,,,,,,,,,,,,,,,,,,,,,,,,,,
"Mar 06, 2021",,,,,,,,,,,,,,,,,,,,,,,,,,,,,,,,,,,,,,,,,,,,,,,,,
"Mar 05, 2021",,,,,,,,,,,,,,,,,,,,,,,,,,,,,,,,,,,,,,,,,,,,,,,,,
"Mar 04, 2021",1.503,1.097,1.202,0.677,1.243,4.160,1.871,0.609,2.280,8.491,3.195,7.307,1.72,2.310,1.560,16.680,1.425,4.325,5.010,2.892,0.936,15.720,0.898,2.648,6.857,1.795,3.088,11.410,3.260,1.531,2.627,17.100,1.588,17.460,,4.444,1.910,2.980,9.346,,5.032,5.822,20.800,7.300,4.95,2.133,12.684,,
"Mar 03, 2021",1.490,1.129,1.200,0.653,1.230,4.140,1.892,0.605,2.282,8.455,3.215,7.210,1.70,2.300,1.560,16.770,1.423,4.308,5.037,2.850,0.914,15.870,0.877,2.755,7.260,1.790,3.099,11.420,3.260,1.588,2.649,17.100,1.587,17.430,,4.240,1.900,2.931,9.523,,5.001,6.225,20.750,7.300,4.98,2.360,12.528,,3.850
"Mar 02, 2021",1.514,1.115,1.200,0.631,1.220,4.160,1.890,0.600,2.298,8.522,3.366,7.227,1.69,2.278,1.554,16.850,1.429,4.310,5.000,2.850,0.918,15.980,0.875,2.701,7.354,1.794,3.024,11.250,3.260,1.572,2.658,16.950,1.583,17.410,,4.200,1.900,2.913,9.339,,5.002,6.176,20.900,7.201,5.25,2.398,12.675,,
"Mar 01, 2021",1.492,1.149,1.217,0.659,1.217,4.370,1.906,0.615,2.297,8.521,3.341,7.399,1.70,2.277,1.579,17.100,1.430,4.330,5.018,2.820,0.930,15.950,0.885,2.830,7.370,1.824,3.095,11.800,3.191,1.575,2.757,17.000,1.573,17.410,,4.175,1.960,2.977,8.760,,5.079,6.098,20.890,7.270,5.19,2.290,12.468,3.810,
"Feb 28, 2021",1.479,1.102,1.215,0.627,1.210,4.399,1.885,0.602,2.275,8.411,3.390,7.390,1.63,2.283,1.570,16.980,1.440,4.338,5.030,2.800,0.923,15.610,0.889,2.789,7.700,1.792,3.062,11.570,3.100,1.528,2.758,17.170,1.567,17.500,,4.243,2.001,2.958,8.700,,5.060,6.120,20.920,7.078,4.72,2.401,12.883,3.800,
"Feb 27, 2021",,,,,,,,,,,,,,,,,,,,,,,,,,,,,,,,,,,,,,,,,,,,,,,,,
"Feb 26, 2021",,,,,,,,,,,,,,,,,,,,,,,,,,,,,,,,,,,,,,,,,,,,,,,,,
"Feb 25, 2021",1.481,1.085,1.210,0.595,1.188,4.335,1.880,0.586,2.230,8.463,3.300,7.300,1.61,2.288,1.551,17.250,1.431,4.280,5.015,2.780,0.910,15.700,0.860,2.723,7.700,1.764,3.098,11.560,3.238,1.483,2.724,16.880,1.554,17.400,,4.110,1.993,2.926,8.700,,5.079,6.130,21.000,7.170,4.29,2.500,12.554,,3.850
"Feb 24, 2021",1.453,1.028,1.190,0.573,1.166,4.260,1.852,0.575,2.211,8.315,3.210,7.071,1.60,2.130,1.591,16.850,1.490,4.336,5.003,2.781,0.917,15.650,0.837,2.550,7.439,1.730,2.995,11.250,3.221,1.481,2.654,16.830,1.550,17.250,,4.189,1.887,2.953,8.570,,5.000,6.100,21.200,7.040,3.90,2.400,12.563,,
"Feb 23, 2021",1.473,1.043,1.184,0.557,1.169,4.225,1.886,0.600,2.230,8.420,3.210,7.210,1.61,2.175,1.625,16.810,1.471,4.350,5.010,2.775,0.838,15.760,0.836,2.630,7.529,1.767,3.040,11.510,3.211,1.516,2.612,16.950,1.513,17.230,,4.330,1.716,2.930,8.590,,4.966,6.088,19.990,7.050,3.92,2.500,12.563,3.667,
"Feb 22, 2021",1.455,1.060,1.177,0.551,1.152,4.212,1.899,0.595,2.288,8.555,3.200,7.300,1.60,2.200,1.589,16.420,1.450,4.397,5.046,2.705,0.835,16.320,0.832,2.590,7.490,1.813,3.042,11.660,3.250,1.510,2.622,17.130,1.508,17.370,,4.425,1.560,2.900,8.447,,5.020,6.001,19.990,6.900,3.85,,,,3.848
"Feb 21, 2021",1.486,1.050,1.195,0.564,1.150,4.295,1.928,0.621,2.220,8.720,3.299,7.270,1.67,2.203,1.620,16.750,1.462,4.261,5.042,2.650,0.841,16.800,0.855,2.636,7.754,1.860,3.233,12.050,3.290,1.555,2.615,17.620,1.520,17.470,,4.486,1.566,2.920,8.316,,5.201,6.100,19.610,6.900,3.85,,12.294,3.762,
"Feb 20, 2021",,,,,,,,,,,,,,,,,,,,,,,,,,,,,,,,,,,,,,,,,,,,,,,,,
"Feb 19, 2021",,,,,,,,,,,,,,,,,,,,,,,,,,,,,,,,,,,,,,,,,,,,,,,,,
"Feb 18, 2021",1.651,1.032,1.219,0.564,1.180,4.305,1.955,0.626,2.265,8.701,3.300,7.400,1.73,2.250,1.684,16.350,1.497,4.355,5.013,2.850,0.843,16.650,0.869,2.800,7.710,1.934,3.279,12.120,3.280,1.570,2.746,17.720,1.586,17.450,,4.560,1.596,2.946,8.460,,5.297,6.100,19.650,7.099,3.89,,12.476,3.619,3.848
"Feb 17, 2021",1.643,1.005,1.230,0.560,1.180,4.347,1.977,0.623,2.289,8.860,3.300,7.400,1.73,2.300,1.676,16.520,1.511,4.300,5.048,2.800,0.850,16.880,0.863,2.795,7.780,1.924,3.271,12.140,3.338,1.584,2.755,17.700,1.586,17.580,,4.718,1.600,2.968,8.312,,5.334,6.055,19.860,7.023,3.91,2.530,12.468,,
"Feb 16, 2021",1.658,0.982,1.239,0.566,1.195,4.395,1.990,0.629,2.270,8.860,3.369,7.500,1.75,2.277,1.695,16.930,1.513,4.400,5.065,2.880,0.853,17.000,0.866,2.819,7.943,1.935,3.300,12.250,3.350,1.583,2.731,17.990,1.610,17.790,,4.710,1.585,2.950,8.421,,5.307,6.080,19.600,7.022,3.90,,12.468,3.667,3.850
"Feb 15, 2021",1.675,0.966,1.245,0.562,1.210,4.381,1.997,0.631,2.261,8.910,3.366,7.500,1.75,2.290,1.701,16.990,1.509,4.360,5.220,2.919,0.855,17.000,0.869,2.801,7.904,1.970,3.272,12.250,3.365,1.594,2.761,17.950,1.602,17.680,,4.739,1.585,2.930,8.365,,5.330,6.127,19.500,7.005,3.89,2.530,12.511,3.667,3.699
"Feb 14, 2021",1.675,0.948,1.246,0.575,1.211,4.390,1.968,0.635,2.304,8.916,3.383,7.599,1.76,2.372,1.710,17.020,1.509,4.400,5.225,2.922,0.854,16.860,0.875,2.904,8.600,1.980,3.259,12.220,3.355,1.596,2.818,18.010,1.612,17.900,,4.739,1.585,2.974,8.450,,5.299,6.100,19.980,7.000,3.86,2.496,12.814,3.662,3.736
"Feb 13, 2021",,,,,,,,,,,,,,,,,,,,,,,,,,,,,,,,,,,,,,,,,,,,,,,,,
"Feb 12, 2021",,,,,,,,,,,,,,,,,,,,,,,,,,,,,,,,,,,,,,,,,,,,,,,,,
"Feb 11, 2021",1.689,0.945,1.249,0.556,1.219,4.400,1.979,0.625,2.334,8.935,3.399,7.500,1.74,2.400,1.713,17.020,1.519,4.400,5.245,2.935,0.846,16.970,0.860,2.826,8.534,2.000,3.220,12.200,3.350,1.610,2.813,18.090,1.612,17.860,,4.668,1.585,2.981,8.520,,5.300,6.130,20.000,7.000,3.85,,12.900,,
"Feb 10, 2021",1.680,0.935,1.253,0.543,1.205,4.400,1.987,0.621,2.320,9.006,3.398,7.500,1.74,2.402,1.704,17.050,1.519,4.410,5.230,2.931,0.830,16.850,0.847,2.684,8.490,1.907,3.236,12.290,3.338,1.620,2.752,18.000,1.624,18.040,,4.698,1.570,2.979,8.652,,5.310,6.110,20.000,7.000,3.84,2.497,12.935,3.595,
"Feb 09, 2021",,,,,,,,,,,,,,,,,,,,,,,,,,,,,,,,,,,,,,,,,,,,,,,,,
"Feb 08, 2021",1.686,0.924,1.248,0.545,1.208,4.350,1.972,0.625,2.339,8.999,3.376,7.330,1.75,2.395,1.705,17.120,1.511,4.320,5.258,2.945,0.836,16.850,0.845,2.440,8.485,1.890,2.970,11.900,3.330,1.635,2.784,17.830,1.619,18.000,,4.398,1.570,2.960,8.673,,5.350,6.114,19.950,7.000,3.89,2.420,,3.524,3.743
"Feb 07, 2021",1.615,0.933,1.246,0.547,1.214,4.385,1.982,0.624,2.372,8.920,3.390,7.389,1.77,2.372,1.713,17.380,1.526,4.301,5.273,2.945,0.839,16.890,0.839,2.540,8.504,1.909,2.930,11.950,3.360,1.612,2.806,18.000,1.651,18.000,,4.382,1.555,2.997,8.747,,5.350,6.125,20.000,7.000,3.87,2.534,13.074,,
"Feb 06, 2021",,,,,,,,,,,,,,,,,,,,,,,,,,,,,,,,,,,,,,,,,,,,,,,,,
"Feb 05, 2021",,,,,,,,,,,,,,,,,,,,,,,,,,,,,,,,,,,,,,,,,,,,,,,,,
"Feb 04, 2021",1.617,0.935,1.245,0.550,1.212,4.376,1.970,0.633,2.303,8.918,3.400,7.380,1.78,2.371,1.720,17.250,1.532,4.250,5.185,2.980,0.841,16.950,0.842,2.592,8.500,1.866,3.000,11.770,3.343,1.574,2.739,17.780,1.646,17.880,,4.406,1.555,2.950,8.700,,5.450,6.180,19.870,7.000,3.85,,12.753,,
"Feb 03, 2021",1.628,0.943,1.245,0.552,1.215,4.381,1.978,0.640,2.301,8.830,3.351,7.399,1.78,2.390,1.727,17.310,1.520,4.300,5.298,3.050,0.848,17.000,0.841,2.590,8.700,1.871,3.273,11.950,3.344,1.543,2.754,17.880,1.595,17.820,,4.411,1.555,3.000,8.750,,5.450,6.150,20.190,6.860,3.90,,,3.448,
"Feb 02, 2021",1.610,0.940,1.250,0.556,1.215,4.388,1.976,0.640,2.291,8.839,3.350,7.510,1.78,2.400,1.753,17.450,1.497,4.300,5.200,2.961,0.860,16.900,0.845,2.678,8.580,1.922,3.260,12.170,3.352,1.570,2.776,18.000,1.613,17.980,,4.508,1.560,3.009,8.700,,5.400,6.190,20.000,6.700,3.88,,12.987,3.457,3.870
"Feb 01, 2021",1.600,0.943,1.253,0.549,1.215,4.380,1.977,0.640,2.281,8.915,3.319,7.478,1.79,2.404,1.722,17.500,1.473,4.281,5.205,3.020,0.866,16.900,0.860,2.750,8.468,1.887,3.268,11.910,3.299,1.565,2.687,18.150,1.577,17.800,,4.474,1.572,2.982,8.700,,5.410,6.041,20.000,6.885,3.82,2.549,,3.429,3.876
"Jan 31, 2021",1.595,0.940,1.253,0.543,1.211,4.345,1.985,0.640,2.280,8.802,3.298,7.580,1.78,2.418,1.687,17.910,1.453,4.291,5.160,2.999,0.842,16.510,0.841,2.784,8.400,1.964,3.225,12.000,3.302,1.561,2.637,18.250,1.570,17.800,,4.312,1.555,3.004,8.695,,5.314,6.030,20.000,6.899,3.72,,12.987,3.438,3.858
"Jan 30, 2021",,,,,,,,,,,,,,,,,,,,,,,,,,,,,,,,,,,,,,,,,,,,,,,,,
"Jan 29, 2021",,,,,,,,,,,,,,,,,,,,,,,,,,,,,,,,,,,,,,,,,,,,,,,,,
"Jan 28, 2021",1.583,0.950,1.259,0.556,1.216,4.390,2.029,0.649,2.302,8.900,3.299,7.700,1.78,2.450,1.707,18.010,1.500,4.278,5.180,3.020,0.857,16.600,0.843,2.751,8.330,2.028,3.210,12.050,3.305,1.566,2.716,18.660,1.577,17.800,,4.262,1.548,3.022,8.800,,5.339,6.037,20.190,6.780,3.76,,12.978,3.438,
"Jan 27, 2021",1.624,0.959,1.275,0.568,1.236,4.450,2.045,0.647,2.315,8.900,3.380,7.725,1.81,2.480,1.740,17.920,1.539,4.330,5.137,3.038,0.871,17.000,0.858,2.690,8.260,1.991,3.178,12.100,3.360,1.601,2.896,18.950,1.575,18.080,,4.019,1.500,3.020,8.810,,5.412,6.100,20.310,6.900,3.76,,12.727,,3.873
"Jan 26, 2021",1.634,0.970,1.280,0.567,1.251,4.442,2.034,0.645,2.364,9.060,3.330,7.700,1.82,2.470,1.786,17.820,1.482,4.320,5.250,3.010,0.876,16.990,0.870,2.748,8.360,1.810,3.203,12.010,3.409,1.625,3.013,18.760,1.585,18.140,,4.100,1.535,2.999,8.779,,5.590,6.180,20.700,6.911,3.72,,12.987,3.429,
"Jan 25, 2021",1.633,0.973,1.288,0.572,1.245,4.445,2.040,0.650,2.370,9.021,3.390,7.697,1.80,2.497,1.775,18.000,1.478,4.301,5.270,3.040,0.880,16.950,0.861,2.499,8.260,1.810,3.250,12.010,3.419,1.670,2.816,19.010,1.579,18.160,,4.101,1.548,2.973,8.800,,5.400,6.177,20.500,7.010,3.77,,12.987,,3.880
"Jan 24, 2021",1.650,0.973,1.316,0.571,1.250,4.409,2.049,0.647,2.380,8.950,3.470,7.740,1.75,2.494,1.784,18.100,1.440,4.397,5.193,3.090,0.872,17.000,0.862,2.413,8.427,1.833,3.203,12.000,3.416,1.684,2.910,19.050,1.592,18.150,,4.095,1.540,2.989,8.830,,5.600,6.210,20.390,7.120,3.73,,13.143,,3.888
"Jan 23, 2021",,,,,,,,,,,,,,,,,,,,,,,,,,,,,,,,,,,,,,,,,,,,,,,,,
"Jan 22, 2021",,,,,,,,,,,,,,,,,,,,,,,,,,,,,,,,,,,,,,,,,,,,,,,,,
"Jan 21, 2021",1.670,0.976,1.285,0.571,1.247,4.403,2.046,0.650,2.375,9.030,3.468,7.770,1.73,2.490,1.767,18.250,1.450,4.410,5.194,3.136,0.860,17.100,0.856,2.194,8.429,1.830,3.221,12.050,3.413,1.680,3.018,19.000,1.608,18.300,,4.197,1.540,2.989,8.768,,5.263,6.200,20.450,7.000,3.77,2.590,12.987,3.614,3.888
"Jan 20, 2021",1.660,0.976,1.285,0.564,1.263,4.422,2.052,0.643,2.400,9.153,3.489,7.780,1.74,2.489,1.770,18.430,1.440,4.401,5.160,3.054,0.858,17.270,0.852,1.995,8.510,1.817,3.140,12.090,3.417,1.695,2.746,19.100,1.586,18.390,,4.200,1.545,2.985,8.751,,5.301,6.210,20.600,7.097,3.76,2.620,,,
"Jan 19, 2021",1.650,0.974,1.282,0.566,1.258,4.520,2.060,0.647,2.408,9.220,3.473,7.652,1.73,2.484,1.777,18.500,1.440,4.420,5.150,3.103,0.840,17.210,0.858,1.982,8.330,1.839,2.855,11.700,3.440,1.694,2.622,19.150,1.531,18.320,,4.181,1.510,2.971,8.820,,5.520,6.250,20.810,7.100,3.60,,12.900,,3.542
"Jan 18, 2021",1.646,0.975,1.290,0.561,1.249,4.580,2.074,0.640,2.416,9.403,3.450,7.730,1.73,2.530,1.664,18.560,1.449,4.420,5.160,3.229,0.834,17.280,0.850,1.965,8.375,1.834,2.596,12.150,3.500,1.653,2.612,19.150,1.529,18.440,,4.249,1.500,2.988,8.850,,5.402,6.275,20.800,7.100,3.77,2.634,12.978,3.667,
"Jan 17, 2021",1.679,0.975,1.298,0.567,1.250,4.594,2.063,0.638,2.406,9.441,3.409,7.760,1.73,2.545,1.658,18.490,1.440,4.415,5.170,3.229,0.830,17.590,0.854,1.964,8.442,1.807,2.360,12.000,3.516,1.615,2.630,19.140,1.570,18.400,,4.255,1.498,2.945,8.920,,5.200,6.299,21.000,7.061,3.91,2.400,12.987,3.429,
"Jan 16, 2021",,,,,,,,,,,,,,,,,,,,,,,,,,,,,,,,,,,,,,,,,,,,,,,,,
"Jan 15, 2021",,,,,,,,,,,,,,,,,,,,,,,,,,,,,,,,,,,,,,,,,,,,,,,,,
"Jan 14, 2021",1.697,0.979,1.296,0.566,1.247,4.578,2.085,0.643,2.419,9.490,3.453,7.900,1.74,2.587,1.679,18.620,1.449,4.460,5.219,3.190,0.840,17.550,0.857,1.935,8.420,1.805,2.380,12.100,3.533,1.608,2.569,19.200,1.581,18.400,,4.299,1.498,2.969,8.920,,5.150,6.280,20.900,7.078,3.92,2.644,12.987,,
"Jan 13, 2021",1.710,0.969,1.304,0.572,1.256,4.596,2.091,0.640,2.420,9.444,3.460,7.880,1.75,2.579,1.680,18.860,1.440,4.471,5.220,3.190,0.843,17.400,0.845,1.925,8.523,1.803,2.353,11.600,3.544,1.590,2.575,19.150,1.546,18.400,,4.256,1.470,2.970,8.861,,5.099,6.270,21.000,7.200,,2.585,13.056,3.352,3.531
"Jan 12, 2021",1.714,0.973,1.249,0.574,1.240,4.585,2.090,0.637,2.403,9.524,3.460,7.900,1.75,2.585,1.669,18.830,1.444,4.484,5.240,3.200,0.845,17.480,0.849,1.915,8.340,1.810,2.400,11.390,3.540,1.582,2.603,19.120,1.524,18.440,,4.270,1.460,2.970,8.950,,5.023,6.284,21.200,7.150,,,12.987,3.334,3.500
"Jan 11, 2021",1.701,0.967,1.230,0.571,1.230,4.594,2.090,0.637,2.426,9.500,3.450,7.900,1.71,2.589,1.729,18.920,1.430,4.419,5.239,3.159,0.844,17.590,0.868,1.920,8.135,1.812,2.340,11.450,3.520,1.576,2.619,19.040,1.496,18.490,,4.299,1.419,2.970,8.990,,5.096,6.270,21.000,7.200,,2.585,12.987,3.333,3.500
"Jan 10, 2021",1.716,0.975,1.246,0.580,1.240,4.568,2.067,0.643,2.409,9.321,3.330,7.652,1.74,2.577,1.760,18.700,1.410,4.386,5.230,3.150,0.848,17.450,0.870,1.925,7.961,1.812,2.351,11.300,3.447,1.574,2.634,19.000,1.497,18.400,,4.300,1.410,2.995,8.900,,5.063,6.270,20.850,7.000,,2.586,12.987,3.333,3.800
"Jan 09, 2021",,,,,,,,,,,,,,,,,,,,,,,,,,,,,,,,,,,,,,,,,,,,,,,,,
"Jan 08, 2021",,,,,,,,,,,,,,,,,,,,,,,,,,,,,,,,,,,,,,,,,,,,,,,,,
"Jan 07, 2021",1.716,0.979,1.260,0.587,1.248,4.568,2.074,0.647,2.397,9.299,3.260,7.258,1.76,2.498,1.785,18.740,1.399,4.400,5.200,3.145,0.852,17.490,0.879,1.919,7.758,1.816,2.280,11.230,3.420,1.590,2.667,19.000,1.509,18.290,,4.348,1.384,2.998,8.850,,5.125,6.280,20.600,7.100,,2.599,12.944,3.333,
"Jan 06, 2021",1.726,0.977,1.272,0.592,1.243,4.515,2.075,0.644,2.398,9.279,3.250,7.100,1.77,2.394,1.773,18.490,1.358,4.399,5.159,,0.861,17.400,0.888,1.902,7.699,1.810,2.188,11.000,3.422,1.610,2.618,19.000,1.485,18.000,,4.300,1.384,2.981,8.813,,5.068,6.270,20.410,6.950,,2.646,12.987,3.247,3.710
"Jan 05, 2021",1.727,0.983,1.281,0.603,1.255,4.555,2.069,0.660,2.393,9.296,3.310,7.050,1.79,2.500,1.801,18.490,1.359,4.400,5.150,3.209,0.865,17.460,0.888,1.924,7.552,1.838,2.215,10.930,3.421,1.673,2.687,18.980,1.509,18.230,,4.301,1.400,3.015,8.851,,5.173,6.270,20.640,6.910,,2.550,12.987,,3.661
"Jan 04, 2021",1.740,0.971,1.280,0.600,1.251,4.510,2.043,0.653,2.390,9.212,3.200,7.050,1.79,2.430,1.785,18.050,1.360,4.355,5.120,3.209,0.855,17.160,0.880,1.915,7.490,1.805,2.200,10.850,3.398,1.679,2.690,18.890,1.489,17.900,,4.259,1.398,3.000,8.875,,5.085,6.298,20.890,6.750,,2.649,12.987,3.247,
"Jan 03, 2021",1.690,0.969,1.271,0.598,1.251,4.520,2.049,0.650,2.361,9.110,3.187,6.999,1.78,2.387,1.790,17.920,1.343,4.347,5.072,,0.847,17.110,0.885,1.892,7.397,1.806,2.223,10.860,3.405,1.660,2.694,18.910,1.492,17.800,,4.150,,2.971,8.840,,5.077,6.286,20.650,6.800,,2.450,12.987,,
"Jan 02, 2021",,,,,,,,,,,,,,,,,,,,,,,,,,,,,,,,,,,,,,,,,,,,,,,,,
"Jan 01, 2021",,,,,,,,,,,,,,,,,,,,,,,,,,,,,,,,,,,,,,,,,,,,,,,,,
